{
"type": "FeatureCollection",
"name": "greenspace_per_capita_smoothed",
"crs": { "type": "name", "properties": { "name": "urn:ogc:def:crs:OGC:1.3:CRS84" } },
"features": [
{ "type": "Feature", "properties": { "CTUID": "6020600.00", "greenspace_per_capita": 4.4421284333200119e-08 }, "geometry": { "type": "MultiPolygon", "coordinates": [ [ [ [ -97.127599133318213, 49.743370901982694 ], [ -97.127419979312691, 49.741269444970854 ], [ -97.128565889488925, 49.737945666796257 ], [ -97.128565889491824, 49.737945666794822 ], [ -97.127419979313203, 49.741269444976425 ], [ -97.127599133318299, 49.743370901982942 ], [ -97.127599133318213, 49.743370901982694 ] ] ], [ [ [ -97.083531292751218, 49.753632569883976 ], [ -97.083531292751289, 49.753632569889454 ], [ -97.082065750354516, 49.753272454914246 ], [ -97.082065750364364, 49.75327245491124 ], [ -97.083531292751218, 49.753632569883976 ] ] ], [ [ [ -97.043377215402387, 49.779915508529278 ], [ -97.043424414827527, 49.780123198248319 ], [ -97.043424414827413, 49.780123198251019 ], [ -97.04337721540287, 49.779915508534778 ], [ -97.043296500267203, 49.779851192893048 ], [ -97.043296500269847, 49.779851192890121 ], [ -97.043377215402387, 49.779915508529278 ] ] ], [ [ [ -97.044077510228121, 49.782877806575428 ], [ -97.044077719897359, 49.782877252653755 ], [ -97.044310548815474, 49.782772695838261 ], [ -97.04431810343641, 49.782771185226686 ], [ -97.044642421786364, 49.782725152610716 ], [ -97.044651794944883, 49.782724450647564 ], [ -97.04512511591372, 49.782703865235248 ], [ -97.045591994810508, 49.782699955019254 ], [ -97.04597404351729, 49.782704635305713 ], [ -97.046811834931432, 49.782725684222704 ], [ -97.048092013316833, 49.782772404266389 ], [ -97.048196184433564, 49.782776306781443 ], [ -97.048198593070865, 49.782776412100318 ], [ -97.048204328961759, 49.782776625875805 ], [ -97.048210041383669, 49.782776970141448 ], [ -97.048240572653171, 49.782778794165466 ], [ -97.048432855855992, 49.782790317109615 ], [ -97.048589646492857, 49.783389115309141 ], [ -97.049097518058758, 49.785340497328271 ], [ -97.049097518059014, 49.785340497332811 ], [ -97.048589646493355, 49.783389115314648 ], [ -97.04843285585649, 49.782790317115087 ], [ -97.048240572653654, 49.782778794170902 ], [ -97.048210041384152, 49.782776970146919 ], [ -97.048204328962242, 49.782776625881276 ], [ -97.04819859307139, 49.78277641210579 ], [ -97.048196184434005, 49.782776306786921 ], [ -97.048092013317344, 49.78277240427186 ], [ -97.046811834931873, 49.782725684228176 ], [ -97.045974043517745, 49.782704635311198 ], [ -97.045591994811033, 49.782699955024711 ], [ -97.045125115914246, 49.782703865240727 ], [ -97.044651794945338, 49.782724450653056 ], [ -97.044642421786818, 49.782725152616194 ], [ -97.044318103436893, 49.782771185232185 ], [ -97.044310548815943, 49.782772695843711 ], [ -97.044077719897899, 49.782877252659226 ], [ -97.044077510228604, 49.782877806580856 ], [ -97.04336918457355, 49.782874790003049 ], [ -97.043369184573251, 49.782874789997614 ], [ -97.044077510228121, 49.782877806575428 ] ] ] ] } },
{ "type": "Feature", "properties": { "CTUID": "6020700.00", "greenspace_per_capita": 0.0 }, "geometry": { "type": "MultiPolygon", "coordinates": [ [ [ [ -97.219389944336044, 49.814706175217658 ], [ -97.219390482375147, 49.814578792057965 ], [ -97.219390688291526, 49.814554008249885 ], [ -97.219391802094563, 49.814297998850911 ], [ -97.219392715191759, 49.814103906092491 ], [ -97.219458103747144, 49.811135406353941 ], [ -97.219450589811373, 49.80944419604748 ], [ -97.219442506234344, 49.807770998254277 ], [ -97.219480108962003, 49.807498212174174 ], [ -97.219477489119257, 49.807195791003764 ], [ -97.219475593120123, 49.803840610835479 ], [ -97.21952398804055, 49.803539390418187 ], [ -97.219633295718282, 49.803324208455187 ], [ -97.219834784024897, 49.803026989476471 ], [ -97.220094381522202, 49.802760600002429 ], [ -97.220159313300982, 49.802623991388693 ], [ -97.22015931330283, 49.802623991391307 ], [ -97.220094381522685, 49.802760600007851 ], [ -97.219834784025451, 49.803026989481879 ], [ -97.219633295718808, 49.803324208460594 ], [ -97.219523988041047, 49.803539390423637 ], [ -97.219475593120649, 49.803840610840901 ], [ -97.219477489119754, 49.807195791009143 ], [ -97.219480108962529, 49.807498212179567 ], [ -97.21944250623487, 49.807770998259677 ], [ -97.219450589811842, 49.809444196052901 ], [ -97.219458103747655, 49.811135406359327 ], [ -97.219392715192313, 49.814103906097856 ], [ -97.219391802095075, 49.814297998856304 ], [ -97.219390688292009, 49.814554008255264 ], [ -97.219390482375616, 49.814578792063337 ], [ -97.219389944336569, 49.814706175217488 ], [ -97.219389944336044, 49.814706175217658 ] ] ], [ [ [ -97.219462108104636, 49.801933497905154 ], [ -97.219457313084263, 49.800497690388127 ], [ -97.219456316878762, 49.800197308352175 ], [ -97.219462314636431, 49.800035501919744 ], [ -97.219489593896114, 49.797774506090903 ], [ -97.219489593896711, 49.797774506091393 ], [ -97.219462314636957, 49.800035501925159 ], [ -97.219456316879288, 49.800197308357603 ], [ -97.219457313084817, 49.80049769039357 ], [ -97.219462108105148, 49.80193349790656 ], [ -97.219462108104636, 49.801933497905154 ] ] ], [ [ [ -97.213856389288509, 49.797308810746031 ], [ -97.213803109439098, 49.789428403002645 ], [ -97.213796882984369, 49.788521710341357 ], [ -97.213756399314903, 49.78288388752938 ], [ -97.213745407590665, 49.781389807501881 ], [ -97.213722347661033, 49.771969224014981 ], [ -97.213721864872383, 49.771774358774181 ], [ -97.213713771633039, 49.768471747131606 ], [ -97.213713108225093, 49.768194186517299 ], [ -97.213715613925075, 49.768126001482308 ], [ -97.213718393126229, 49.768050407234909 ], [ -97.213723714286019, 49.767906600189981 ], [ -97.21373361239705, 49.767636892155622 ], [ -97.213763604065093, 49.756618312161933 ], [ -97.213793705407852, 49.754666804468513 ], [ -97.213758013468507, 49.753748698632762 ], [ -97.213748994433772, 49.753613696021716 ], [ -97.21379461443226, 49.753506397848838 ], [ -97.213922217907665, 49.753436401973516 ], [ -97.214368190665027, 49.753389302022363 ], [ -97.219102788219345, 49.753381293063036 ], [ -97.219103095162623, 49.753381198729656 ], [ -97.219242917173077, 49.753347497575078 ], [ -97.219343599419162, 49.753250087575964 ], [ -97.219385799056013, 49.752854892843139 ], [ -97.219364009119573, 49.750030002207417 ], [ -97.219360209695125, 49.740666111279708 ], [ -97.219395196523038, 49.738570797533072 ], [ -97.219624698243194, 49.723957090376089 ], [ -97.219636011894224, 49.722509086965914 ], [ -97.219673203082749, 49.721871008428877 ], [ -97.219785312247822, 49.718427598196122 ], [ -97.219825783903872, 49.715423790392073 ], [ -97.21987008887676, 49.71363749143655 ], [ -97.219870088877443, 49.713637491436302 ], [ -97.219825783904355, 49.715423790397736 ], [ -97.219785312248305, 49.718427598201778 ], [ -97.219673203083232, 49.721871008434505 ], [ -97.219636011894707, 49.722509086971549 ], [ -97.219624698243649, 49.723957090381688 ], [ -97.21939519652355, 49.738570797538678 ], [ -97.219360209695608, 49.7406661112853 ], [ -97.219364009120056, 49.750030002212966 ], [ -97.219385799056482, 49.752854892848724 ], [ -97.219343599419631, 49.753250087581499 ], [ -97.219242917173645, 49.753347497580656 ], [ -97.219103095163135, 49.753381198735227 ], [ -97.219102788219871, 49.753381293068585 ], [ -97.214368190665482, 49.753389302027927 ], [ -97.213922217908134, 49.753436401979094 ], [ -97.213794614432814, 49.75350639785438 ], [ -97.213748994434241, 49.753613696027287 ], [ -97.21375801346899, 49.753748698638312 ], [ -97.213793705408392, 49.754666804474049 ], [ -97.213763604065576, 49.756618312167511 ], [ -97.213733612397519, 49.76763689216115 ], [ -97.213723714286502, 49.767906600195509 ], [ -97.213718393126669, 49.768050407240423 ], [ -97.213715613925572, 49.768126001487822 ], [ -97.213713108225548, 49.768194186522841 ], [ -97.213713771633522, 49.76847174713712 ], [ -97.213721864872895, 49.771774358779709 ], [ -97.213722347661573, 49.771969224020495 ], [ -97.213745407591134, 49.781389807507352 ], [ -97.213756399315372, 49.782883887534844 ], [ -97.213796882984866, 49.788521710346821 ], [ -97.213803109439652, 49.789428403008117 ], [ -97.213856389289006, 49.79730881074849 ], [ -97.213856389288509, 49.797308810746031 ] ] ] ] } },
{ "type": "Feature", "properties": { "CTUID": "6020500.02", "greenspace_per_capita": 6317.2879987962615 }, "geometry": { "type": "Polygon", "coordinates": [ [ [ -97.135836279456385, 49.778261680489081 ], [ -97.137392915155402, 49.77821191599196 ], [ -97.140388537217689, 49.777864486666424 ], [ -97.14699184978781, 49.776887949799601 ], [ -97.151676198058809, 49.775545990320403 ], [ -97.153211125384701, 49.774314918772312 ], [ -97.153281905965102, 49.774192668880943 ], [ -97.15457961516563, 49.772567221844902 ], [ -97.154474926203179, 49.771597480564822 ], [ -97.153981497000316, 49.770828188176331 ], [ -97.152751673309936, 49.770376953797843 ], [ -97.151141793319738, 49.770364003167835 ], [ -97.149363183855655, 49.771196935137823 ], [ -97.14658016570219, 49.772997917982494 ], [ -97.143334837104035, 49.774295499758971 ], [ -97.141038855925402, 49.774048024566277 ], [ -97.139765727930154, 49.773129015062203 ], [ -97.139430205449159, 49.77187501850797 ], [ -97.139490920297902, 49.770460286039963 ], [ -97.139383499240267, 49.767911032296539 ], [ -97.139561090079155, 49.76568255778998 ], [ -97.139682339466532, 49.764136607370133 ], [ -97.140510899494714, 49.76150872083381 ], [ -97.140883743402767, 49.758948166419586 ], [ -97.140719743810337, 49.75774787516491 ], [ -97.140154217938132, 49.756684759053492 ], [ -97.139119262344067, 49.755050827306718 ], [ -97.137553109581674, 49.753518460484244 ], [ -97.136509029612697, 49.752538459920913 ], [ -97.133509737259843, 49.750729654052137 ], [ -97.132166652113227, 49.75013220271051 ], [ -97.131125558444268, 49.74952499268106 ], [ -97.130031406149797, 49.748816555467926 ], [ -97.128838172690152, 49.747333245027207 ], [ -97.128327290066565, 49.74548803912586 ], [ -97.128496481981387, 49.745388398912155 ], [ -97.128937227877273, 49.745233428828904 ], [ -97.128939479925776, 49.745232635738141 ], [ -97.131314795915358, 49.744388197915235 ], [ -97.13688065450971, 49.742631309044228 ], [ -97.137469205221734, 49.742445493428988 ], [ -97.137757811454748, 49.742346336599759 ], [ -97.13781965368365, 49.74232654179621 ], [ -97.13793300535751, 49.742286939587999 ], [ -97.145518560896264, 49.739635987914774 ], [ -97.147951561896505, 49.738785537114786 ], [ -97.151085490705967, 49.737689937600159 ], [ -97.168593376190842, 49.731566395741226 ], [ -97.169303806973403, 49.731317841666723 ], [ -97.169937066362195, 49.731097760983367 ], [ -97.179303144388101, 49.727871331919381 ], [ -97.21987008887676, 49.71363749143655 ], [ -97.219825783903872, 49.715423790392073 ], [ -97.219785312247822, 49.718427598196122 ], [ -97.219673203082749, 49.721871008428877 ], [ -97.219636011894224, 49.722509086965914 ], [ -97.219624698243194, 49.723957090376089 ], [ -97.219395196523038, 49.738570797533072 ], [ -97.219360209695125, 49.740666111279708 ], [ -97.219364009119573, 49.750030002207417 ], [ -97.219385799056013, 49.752854892843139 ], [ -97.219343599419162, 49.753250087575964 ], [ -97.219242917173077, 49.753347497575078 ], [ -97.219103095162623, 49.753381198729656 ], [ -97.219102788219345, 49.753381293063036 ], [ -97.214368190665027, 49.753389302022363 ], [ -97.213922217907665, 49.753436401973516 ], [ -97.21379461443226, 49.753506397848838 ], [ -97.213748994433772, 49.753613696021716 ], [ -97.213758013468507, 49.753748698632762 ], [ -97.213793705407852, 49.754666804468513 ], [ -97.213763604065093, 49.756618312161933 ], [ -97.21373361239705, 49.767636892155622 ], [ -97.213723714286019, 49.767906600189981 ], [ -97.213718393126229, 49.768050407234909 ], [ -97.213715613925075, 49.768126001482308 ], [ -97.213713108225093, 49.768194186517299 ], [ -97.191240392009476, 49.768250304181976 ], [ -97.187823313034315, 49.768268809249101 ], [ -97.186252214394287, 49.768316198772709 ], [ -97.184720711245703, 49.768418187463091 ], [ -97.183967787597197, 49.768496307510702 ], [ -97.182984516551173, 49.768630354349384 ], [ -97.182488209876141, 49.768698002282214 ], [ -97.181048513868049, 49.768945209970717 ], [ -97.180634083213718, 49.769035501240346 ], [ -97.180492655135126, 49.769066336216291 ], [ -97.179662201783131, 49.76924730862757 ], [ -97.177739700324665, 49.769774807986025 ], [ -97.174208202586556, 49.770987499801684 ], [ -97.173771797943374, 49.771142498100566 ], [ -97.172800486959304, 49.771487011086407 ], [ -97.161259609685999, 49.775505101847678 ], [ -97.160556955163258, 49.775755835422373 ], [ -97.160547219226302, 49.775759282792542 ], [ -97.160076879515785, 49.775927089883659 ], [ -97.15973930510539, 49.776038705933189 ], [ -97.157725912257249, 49.776753304882583 ], [ -97.157190889665316, 49.776942609531375 ], [ -97.156712398178357, 49.777105901899134 ], [ -97.156487217425536, 49.777183310695122 ], [ -97.156332518270204, 49.777234810083257 ], [ -97.15538939793322, 49.777561592032797 ], [ -97.153248918486469, 49.778328092922145 ], [ -97.142518356670578, 49.782081727217005 ], [ -97.136944514024293, 49.784030803412158 ], [ -97.136634217207543, 49.784151805345026 ], [ -97.135867893724352, 49.784417902380774 ], [ -97.135797442956161, 49.784442372289455 ], [ -97.135096163128836, 49.784685809132405 ], [ -97.135009422760049, 49.784602235209327 ], [ -97.134580066908427, 49.784300754328399 ], [ -97.131266477783853, 49.781089630968083 ], [ -97.131344419372098, 49.779809208074894 ], [ -97.131899553595645, 49.779345166771002 ], [ -97.132791735525387, 49.778898791314937 ], [ -97.134298014552101, 49.778454766849727 ], [ -97.135836279456385, 49.778261680489081 ] ] ] } },
{ "type": "Feature", "properties": { "CTUID": "6020100.02", "greenspace_per_capita": 29001.196957940687 }, "geometry": { "type": "Polygon", "coordinates": [ [ [ -97.03821191802524, 49.812109879051107 ], [ -97.039964253541001, 49.812107196490579 ], [ -97.042476127938897, 49.812286086863097 ], [ -97.043261325603936, 49.812323496323614 ], [ -97.043941610896923, 49.812142529246124 ], [ -97.043814194863103, 49.811828994788073 ], [ -97.043680200188732, 49.811358987091374 ], [ -97.043588311526491, 49.810880708090053 ], [ -97.043434492966313, 49.809178000797829 ], [ -97.043073891020398, 49.803990708773227 ], [ -97.043060338188184, 49.803269851830102 ], [ -97.043057617008898, 49.803124011207771 ], [ -97.043028121120045, 49.801555240399146 ], [ -97.04300760168789, 49.800463401883334 ], [ -97.042944209385425, 49.799967610086256 ], [ -97.042838809767602, 49.79948011186913 ], [ -97.042660915872418, 49.798885720582973 ], [ -97.042606091475065, 49.798702589251192 ], [ -97.042180197686207, 49.798236612751417 ], [ -97.041856695197069, 49.797988300601673 ], [ -97.041475908413204, 49.797783907678358 ], [ -97.041037618338663, 49.797623599865254 ], [ -97.040584405475201, 49.797490006447731 ], [ -97.040146586724362, 49.797320699998714 ], [ -97.039692306236134, 49.79721409600689 ], [ -97.039254098816784, 49.797053699332878 ], [ -97.039060136212569, 49.796944319652404 ], [ -97.0412020912553, 49.796304091994855 ], [ -97.041653287524653, 49.796074607551866 ], [ -97.043653137143252, 49.795057421036105 ], [ -97.048578913470664, 49.792551650079133 ], [ -97.048662902735799, 49.792512803084584 ], [ -97.049283494141747, 49.788646673873352 ], [ -97.049281115757054, 49.788605025158567 ], [ -97.049212057192818, 49.787395255056722 ], [ -97.049097518059256, 49.785340497333756 ], [ -97.049097518059014, 49.785340497332811 ], [ -97.049097518058758, 49.785340497328271 ], [ -97.048589646492857, 49.783389115309141 ], [ -97.048432855855992, 49.782790317109615 ], [ -97.048240572653171, 49.782778794165466 ], [ -97.048210041383669, 49.782776970141448 ], [ -97.048204328961759, 49.782776625875805 ], [ -97.048198593070865, 49.782776412100318 ], [ -97.048196184433564, 49.782776306781443 ], [ -97.048092013316833, 49.782772404266389 ], [ -97.046811834931432, 49.782725684222704 ], [ -97.04597404351729, 49.782704635305713 ], [ -97.045591994810508, 49.782699955019254 ], [ -97.04512511591372, 49.782703865235248 ], [ -97.044651794944883, 49.782724450647564 ], [ -97.044642421786364, 49.782725152610716 ], [ -97.04431810343641, 49.782771185226686 ], [ -97.044310548815474, 49.782772695838261 ], [ -97.044077719897359, 49.782877252653755 ], [ -97.044077510228121, 49.782877806575428 ], [ -97.043369184573251, 49.782874789997614 ], [ -97.04335301364361, 49.782586695032734 ], [ -97.043401286818408, 49.781732990880982 ], [ -97.043380286792896, 49.78121989811369 ], [ -97.043424414828053, 49.780123198253804 ], [ -97.043424414827413, 49.780123198251019 ], [ -97.043424414827527, 49.780123198248319 ], [ -97.043377215402387, 49.779915508529278 ], [ -97.043296500269847, 49.779851192890121 ], [ -97.048066295999988, 49.774575594146015 ], [ -97.049129286675935, 49.774269346400345 ], [ -97.049268439915494, 49.774229236480586 ], [ -97.049825253114662, 49.774037170555452 ], [ -97.067162776868571, 49.768054097010015 ], [ -97.079697612707406, 49.763728730353591 ], [ -97.083037198714052, 49.762575995054 ], [ -97.083653981380721, 49.762355668470413 ], [ -97.083531936291806, 49.753680407005724 ], [ -97.083531292751644, 49.753632569889547 ], [ -97.083531292751289, 49.753632569889454 ], [ -97.083531292751218, 49.753632569883976 ], [ -97.082065750364364, 49.75327245491124 ], [ -97.082917117181566, 49.753013871669026 ], [ -97.091980713542739, 49.750112963143501 ], [ -97.098079300050742, 49.748160380859979 ], [ -97.099193434195399, 49.747803606741037 ], [ -97.122063897785182, 49.740465864892556 ], [ -97.126916060540296, 49.738732014914881 ], [ -97.127146160212135, 49.738649759116711 ], [ -97.127524098372476, 49.738462343530472 ], [ -97.128565889488925, 49.737945666796257 ], [ -97.127419979312691, 49.741269444970854 ], [ -97.127599133318213, 49.743370901982694 ], [ -97.127599133318299, 49.743370901982942 ], [ -97.127599133318753, 49.743370901988293 ], [ -97.128327290065684, 49.745488039126379 ], [ -97.128327290066565, 49.74548803912586 ], [ -97.128838172690152, 49.747333245027207 ], [ -97.130031406149797, 49.748816555467926 ], [ -97.131125558444268, 49.74952499268106 ], [ -97.132166652113227, 49.75013220271051 ], [ -97.133509737259843, 49.750729654052137 ], [ -97.136509029612697, 49.752538459920913 ], [ -97.137553109581674, 49.753518460484244 ], [ -97.139119262344067, 49.755050827306718 ], [ -97.140154217938132, 49.756684759053492 ], [ -97.140719743810337, 49.75774787516491 ], [ -97.140883743402767, 49.758948166419586 ], [ -97.140510899494714, 49.76150872083381 ], [ -97.139682339466532, 49.764136607370133 ], [ -97.139561090079155, 49.76568255778998 ], [ -97.139383499240267, 49.767911032296539 ], [ -97.139490920297902, 49.770460286039963 ], [ -97.139430205449159, 49.77187501850797 ], [ -97.139765727930154, 49.773129015062203 ], [ -97.141038855925402, 49.774048024566277 ], [ -97.143334837104035, 49.774295499758971 ], [ -97.14658016570219, 49.772997917982494 ], [ -97.149363183855655, 49.771196935137823 ], [ -97.151141793319738, 49.770364003167835 ], [ -97.152751673309936, 49.770376953797843 ], [ -97.153981497000316, 49.770828188176331 ], [ -97.154474926203179, 49.771597480564822 ], [ -97.15457961516563, 49.772567221844902 ], [ -97.153281905965102, 49.774192668880943 ], [ -97.153211125384701, 49.774314918772312 ], [ -97.151676198058809, 49.775545990320403 ], [ -97.14699184978781, 49.776887949799601 ], [ -97.140388537217689, 49.777864486666424 ], [ -97.137392915155402, 49.77821191599196 ], [ -97.135836279456385, 49.778261680489081 ], [ -97.134298014552101, 49.778454766849727 ], [ -97.132791735525387, 49.778898791314937 ], [ -97.131899553595645, 49.779345166771002 ], [ -97.131344419372098, 49.779809208074894 ], [ -97.131266477783853, 49.781089630968083 ], [ -97.134580066908427, 49.784300754328399 ], [ -97.135009422760049, 49.784602235209327 ], [ -97.135096163128836, 49.784685809132405 ], [ -97.133663316268724, 49.785183291510648 ], [ -97.132940542867217, 49.78543585583531 ], [ -97.128790809085672, 49.786885791181994 ], [ -97.12756478707, 49.787333710755384 ], [ -97.126392611158664, 49.787827509608441 ], [ -97.121116789018672, 49.79024269150397 ], [ -97.119579198266095, 49.790838411657283 ], [ -97.117114001943705, 49.791706906368461 ], [ -97.116143283170231, 49.79201489081305 ], [ -97.115467417196498, 49.792246788979334 ], [ -97.114368908624712, 49.792624704601629 ], [ -97.111168609893951, 49.793708166377805 ], [ -97.110986006615036, 49.793770003074414 ], [ -97.094458001936047, 49.799365993567577 ], [ -97.093362906033633, 49.79973678548388 ], [ -97.089851794462092, 49.800925488727444 ], [ -97.088438176751396, 49.801404193230951 ], [ -97.081709983570775, 49.803682112790412 ], [ -97.081628866295475, 49.803709565362411 ], [ -97.076919814864965, 49.805303988704601 ], [ -97.072026114618097, 49.806976307008554 ], [ -97.070945594709769, 49.80734559847447 ], [ -97.070410293278215, 49.80752560727575 ], [ -97.06987459516931, 49.807714501637129 ], [ -97.066199113961389, 49.808983973025192 ], [ -97.066118811812416, 49.809011705074418 ], [ -97.066118010987694, 49.80901200606278 ], [ -97.062545785528286, 49.810245792972246 ], [ -97.059614109731129, 49.81125819884145 ], [ -97.058896009512694, 49.811489004767054 ], [ -97.05130688540288, 49.814129709736051 ], [ -97.051235161577338, 49.814154648837757 ], [ -97.049944004479727, 49.814603912025369 ], [ -97.046659391002109, 49.815736011684749 ], [ -97.046586102321854, 49.815760306000499 ], [ -97.04650440323276, 49.815787293622037 ], [ -97.046280980228801, 49.815868093892625 ], [ -97.045601506523553, 49.816113898914395 ], [ -97.041696381832296, 49.817460203429235 ], [ -97.03901397724745, 49.818387383321515 ], [ -97.03898516956167, 49.818237662969388 ], [ -97.038910325254378, 49.817848697733325 ], [ -97.03821191802524, 49.812109879051107 ] ] ] } },
{ "type": "Feature", "properties": { "CTUID": "6020500.07", "greenspace_per_capita": 485.81916408174715 }, "geometry": { "type": "Polygon", "coordinates": [ [ [ -97.161032717594267, 49.788103697596028 ], [ -97.159422487475254, 49.78865619123868 ], [ -97.159381835756491, 49.788670149999554 ], [ -97.159390431044386, 49.78857164666158 ], [ -97.159391490622482, 49.788559722360738 ], [ -97.159393662631871, 49.788535664072725 ], [ -97.159686145245161, 49.785216546976841 ], [ -97.15980184528641, 49.783976241663467 ], [ -97.160024941603126, 49.781584461870352 ], [ -97.160130642832357, 49.780451744499494 ], [ -97.16013175821368, 49.780440257004408 ], [ -97.160132843827355, 49.780428538436105 ], [ -97.160132946085128, 49.780427162677107 ], [ -97.160189222677502, 49.779822952038366 ], [ -97.160367031971731, 49.777878352246439 ], [ -97.160376755492365, 49.777751456191218 ], [ -97.160377639378964, 49.777739412528447 ], [ -97.160380733162015, 49.777698655778963 ], [ -97.160548929737075, 49.775825865514157 ], [ -97.160555536174982, 49.775768063034377 ], [ -97.160556955163258, 49.775755835422373 ], [ -97.161259609685999, 49.775505101847678 ], [ -97.172800486959304, 49.771487011086407 ], [ -97.173771797943374, 49.771142498100566 ], [ -97.173770815868153, 49.771538311115826 ], [ -97.173773218419981, 49.771844101534107 ], [ -97.173772113785631, 49.773562989594161 ], [ -97.173721517664873, 49.77560719444778 ], [ -97.173720338485552, 49.775723883583026 ], [ -97.173753160293316, 49.777356493680458 ], [ -97.173756898377519, 49.780407301012545 ], [ -97.173763916681608, 49.7808418883562 ], [ -97.173732386272874, 49.781397208114932 ], [ -97.17375020727647, 49.781457284487992 ], [ -97.173878602996524, 49.781890600613899 ], [ -97.174240051381673, 49.782464766608584 ], [ -97.17449078802106, 49.782744994266707 ], [ -97.17500248121361, 49.783160706279538 ], [ -97.175083279816945, 49.783198575773824 ], [ -97.175283644216833, 49.783292510344438 ], [ -97.175294908360186, 49.783297794983241 ], [ -97.175642284402045, 49.783317475315343 ], [ -97.175996066967087, 49.783477273855183 ], [ -97.175903371816659, 49.783577568585777 ], [ -97.17519731897832, 49.784341494031295 ], [ -97.174915232160728, 49.784690630192188 ], [ -97.174775806891802, 49.784863210096923 ], [ -97.174400584364648, 49.785446588666325 ], [ -97.174022886417831, 49.786173799731657 ], [ -97.173902912165985, 49.786522687541314 ], [ -97.173763291268457, 49.786962794162967 ], [ -97.173693917403057, 49.787265998146253 ], [ -97.173642487224996, 49.788129509116537 ], [ -97.17273639887182, 49.788113901655151 ], [ -97.171956695456288, 49.788076889014661 ], [ -97.170553416643116, 49.788048795037071 ], [ -97.170232392370764, 49.788047602335176 ], [ -97.168446516382701, 49.788028519221513 ], [ -97.163466349633723, 49.788266876705833 ], [ -97.161032717594267, 49.788103697596028 ] ] ] } },
{ "type": "Feature", "properties": { "CTUID": "6020500.12", "greenspace_per_capita": 426.21283087599602 }, "geometry": { "type": "Polygon", "coordinates": [ [ [ -97.182488209876141, 49.768698002282214 ], [ -97.184432122408808, 49.771898852514639 ], [ -97.184437123363352, 49.771907267891798 ], [ -97.188622404822198, 49.778960828485666 ], [ -97.188720230901012, 49.779128274466949 ], [ -97.192482296521888, 49.785565461620934 ], [ -97.192838278613195, 49.786181402824724 ], [ -97.193763319073042, 49.787752330122338 ], [ -97.193953582806202, 49.788150037924659 ], [ -97.194032947381743, 49.788312749925367 ], [ -97.194142205656377, 49.788642853911099 ], [ -97.194243561962253, 49.789317601458819 ], [ -97.19430902047894, 49.789709658411184 ], [ -97.194290690113519, 49.789968046457986 ], [ -97.194236123403883, 49.790461931745526 ], [ -97.194132023647967, 49.791029974901619 ], [ -97.193954465427922, 49.791601959582756 ], [ -97.193922351935925, 49.791709118475168 ], [ -97.193732552488228, 49.792348140735349 ], [ -97.19366317273392, 49.792695223742285 ], [ -97.193611750683914, 49.793191889491872 ], [ -97.193644684598056, 49.793590011777319 ], [ -97.193695743219564, 49.793954183452954 ], [ -97.194025402464135, 49.795301203737743 ], [ -97.189139268805377, 49.796975713161672 ], [ -97.188885545329995, 49.797216167737098 ], [ -97.187758929236381, 49.797657123824443 ], [ -97.186822731280444, 49.798279610552591 ], [ -97.185807123426144, 49.799106832958806 ], [ -97.185106177365213, 49.799707334349115 ], [ -97.184433897516385, 49.800140021100496 ], [ -97.18322120954825, 49.800606095220438 ], [ -97.178715611908999, 49.802166884928326 ], [ -97.177410497724722, 49.802599365885825 ], [ -97.176291321563824, 49.802754045483496 ], [ -97.175094823680951, 49.802654234476719 ], [ -97.173811691841792, 49.802360007746053 ], [ -97.17380988800312, 49.80208109381482 ], [ -97.173809002273515, 49.800818107814436 ], [ -97.173798787754563, 49.799981295274144 ], [ -97.173754397461835, 49.799683797570296 ], [ -97.173738495554957, 49.7949340977123 ], [ -97.17376570452619, 49.791747995194072 ], [ -97.173704216531405, 49.791393206899073 ], [ -97.173645095773523, 49.790542600659307 ], [ -97.173642487224996, 49.788129509116537 ], [ -97.173693917403057, 49.787265998146253 ], [ -97.173763291268457, 49.786962794162967 ], [ -97.173902912165985, 49.786522687541314 ], [ -97.174022886417831, 49.786173799731657 ], [ -97.174400584364648, 49.785446588666325 ], [ -97.174775806891802, 49.784863210096923 ], [ -97.174915232160728, 49.784690630192188 ], [ -97.17519731897832, 49.784341494031295 ], [ -97.175903371816659, 49.783577568585777 ], [ -97.175996066967087, 49.783477273855183 ], [ -97.175642284402045, 49.783317475315343 ], [ -97.175294908360186, 49.783297794983241 ], [ -97.175283644216833, 49.783292510344438 ], [ -97.175083279816945, 49.783198575773824 ], [ -97.17500248121361, 49.783160706279538 ], [ -97.17449078802106, 49.782744994266707 ], [ -97.174240051381673, 49.782464766608584 ], [ -97.173878602996524, 49.781890600613899 ], [ -97.17375020727647, 49.781457284487992 ], [ -97.173732386272874, 49.781397208114932 ], [ -97.173763916681608, 49.7808418883562 ], [ -97.173756898377519, 49.780407301012545 ], [ -97.173753160293316, 49.777356493680458 ], [ -97.173720338485552, 49.775723883583026 ], [ -97.173721517664873, 49.77560719444778 ], [ -97.173772113785631, 49.773562989594161 ], [ -97.173773218419981, 49.771844101534107 ], [ -97.173770815868153, 49.771538311115826 ], [ -97.173771797943374, 49.771142498100566 ], [ -97.174208202586556, 49.770987499801684 ], [ -97.177739700324665, 49.769774807986025 ], [ -97.179662201783131, 49.76924730862757 ], [ -97.180492655135126, 49.769066336216291 ], [ -97.180634083213718, 49.769035501240346 ], [ -97.181048513868049, 49.768945209970717 ], [ -97.182488209876141, 49.768698002282214 ] ] ] } },
{ "type": "Feature", "properties": { "CTUID": "6020500.04", "greenspace_per_capita": 518.91867559693674 }, "geometry": { "type": "Polygon", "coordinates": [ [ [ -97.132899873352272, 49.792418990013573 ], [ -97.136016299805007, 49.788291139410681 ], [ -97.136073134882196, 49.787047976493469 ], [ -97.136042748891484, 49.786290144787053 ], [ -97.135648912353318, 49.785425742406275 ], [ -97.135096163128836, 49.784685809132405 ], [ -97.135797442956161, 49.784442372289455 ], [ -97.135867893724352, 49.784417902380774 ], [ -97.136634217207543, 49.784151805345026 ], [ -97.136944514024293, 49.784030803412158 ], [ -97.142518356670578, 49.782081727217005 ], [ -97.153248918486469, 49.778328092922145 ], [ -97.15538939793322, 49.777561592032797 ], [ -97.156332518270204, 49.777234810083257 ], [ -97.156487217425536, 49.777183310695122 ], [ -97.156712398178357, 49.777105901899134 ], [ -97.157190889665316, 49.776942609531375 ], [ -97.157725912257249, 49.776753304882583 ], [ -97.15973930510539, 49.776038705933189 ], [ -97.160076879515785, 49.775927089883659 ], [ -97.160547219226302, 49.775759282792542 ], [ -97.160556955163258, 49.775755835422373 ], [ -97.160555536174982, 49.775768063034377 ], [ -97.160548929737075, 49.775825865514157 ], [ -97.160380733162015, 49.777698655778963 ], [ -97.160377639378964, 49.777739412528447 ], [ -97.160376755492365, 49.777751456191218 ], [ -97.160367031971731, 49.777878352246439 ], [ -97.160189222677502, 49.779822952038366 ], [ -97.160132946085128, 49.780427162677107 ], [ -97.160132843827355, 49.780428538436105 ], [ -97.16013175821368, 49.780440257004408 ], [ -97.160130642832357, 49.780451744499494 ], [ -97.160024941603126, 49.781584461870352 ], [ -97.15980184528641, 49.783976241663467 ], [ -97.159686145245161, 49.785216546976841 ], [ -97.159393662631871, 49.788535664072725 ], [ -97.159391490622482, 49.788559722360738 ], [ -97.159390431044386, 49.78857164666158 ], [ -97.159381835756491, 49.788670149999554 ], [ -97.158526999812509, 49.788963393693315 ], [ -97.158033813845066, 49.7891444975646 ], [ -97.157513284614168, 49.789316112569892 ], [ -97.15730259579972, 49.789375702875638 ], [ -97.156832918743675, 49.789511812045404 ], [ -97.156684505620547, 49.789554802558875 ], [ -97.156345400289837, 49.789702296491086 ], [ -97.154770405218358, 49.79019900617515 ], [ -97.153405299611009, 49.790653990853755 ], [ -97.15023848492423, 49.791718799755223 ], [ -97.149196618598538, 49.792080004282411 ], [ -97.148070883745319, 49.792448792508189 ], [ -97.147577057220076, 49.792616224881499 ], [ -97.147057391541836, 49.792792389106047 ], [ -97.145987613754187, 49.793153096554811 ], [ -97.144734500236737, 49.793582791575702 ], [ -97.14417701138477, 49.792899206182604 ], [ -97.143620596190132, 49.792188700149275 ], [ -97.143532707209957, 49.79194440558642 ], [ -97.143511782953368, 49.791764088722601 ], [ -97.143559299812324, 49.791611991482107 ], [ -97.143034399189077, 49.79153160811294 ], [ -97.142866711023942, 49.791555887843955 ], [ -97.142471720456371, 49.791711510141312 ], [ -97.141345691209537, 49.792089205290885 ], [ -97.140134583401391, 49.792510503248081 ], [ -97.13912099368612, 49.792854097217138 ], [ -97.137585581815827, 49.793396090775111 ], [ -97.13725160386511, 49.79340869593922 ], [ -97.137001682238989, 49.79340470714277 ], [ -97.13655490949435, 49.793460500175058 ], [ -97.136343516511388, 49.793537998231464 ], [ -97.136062987695368, 49.793605509509959 ], [ -97.135963712927875, 49.793657899819756 ], [ -97.135788383849459, 49.793879894601965 ], [ -97.135727791996175, 49.794373703739367 ], [ -97.135767701720425, 49.7958674978956 ], [ -97.135895912372959, 49.796148388859031 ], [ -97.135941410365064, 49.79640999162384 ], [ -97.135868486365652, 49.796498790284467 ], [ -97.13282460520081, 49.797601209206242 ], [ -97.129276682819551, 49.798794213316036 ], [ -97.128465788183377, 49.798193452944965 ], [ -97.128266355133917, 49.797970151395525 ], [ -97.128147209247004, 49.797566320201426 ], [ -97.129589651615262, 49.797228134149428 ], [ -97.131041486838825, 49.795759137963152 ], [ -97.132899873352272, 49.792418990013573 ] ] ] } },
{ "type": "Feature", "properties": { "CTUID": "6020500.13", "greenspace_per_capita": 350.76613477771497 }, "geometry": { "type": "Polygon", "coordinates": [ [ [ -97.194262338078047, 49.799831498475193 ], [ -97.194290828285631, 49.799531593046417 ], [ -97.194291864053312, 49.799522331880148 ], [ -97.194350056883522, 49.799012875683587 ], [ -97.19435887798808, 49.798883166254662 ], [ -97.194391091970203, 49.797209187040814 ], [ -97.194387986663301, 49.796859107984311 ], [ -97.194046629663021, 49.795447326023314 ], [ -97.19404446933315, 49.795438367961758 ], [ -97.194025402464135, 49.795301203737743 ], [ -97.193695743219564, 49.793954183452954 ], [ -97.193644684598056, 49.793590011777319 ], [ -97.193611750683914, 49.793191889491872 ], [ -97.19366317273392, 49.792695223742285 ], [ -97.193732552488228, 49.792348140735349 ], [ -97.193922351935925, 49.791709118475168 ], [ -97.193954465427922, 49.791601959582756 ], [ -97.194132023647967, 49.791029974901619 ], [ -97.194236123403883, 49.790461931745526 ], [ -97.194290690113519, 49.789968046457986 ], [ -97.19430902047894, 49.789709658411184 ], [ -97.194243561962253, 49.789317601458819 ], [ -97.194142205656377, 49.788642853911099 ], [ -97.194032947381743, 49.788312749925367 ], [ -97.193953582806202, 49.788150037924659 ], [ -97.193763319073042, 49.787752330122338 ], [ -97.192838278613195, 49.786181402824724 ], [ -97.192482296521888, 49.785565461620934 ], [ -97.188720230901012, 49.779128274466949 ], [ -97.188622404822198, 49.778960828485666 ], [ -97.184437123363352, 49.771907267891798 ], [ -97.184432122408808, 49.771898852514639 ], [ -97.182488209876141, 49.768698002282214 ], [ -97.182984516551173, 49.768630354349384 ], [ -97.183967787597197, 49.768496307510702 ], [ -97.184720711245703, 49.768418187463091 ], [ -97.186252214394287, 49.768316198772709 ], [ -97.187823313034315, 49.768268809249101 ], [ -97.191240392009476, 49.768250304181976 ], [ -97.213713108225093, 49.768194186517299 ], [ -97.213713771633039, 49.768471747131606 ], [ -97.213721864872383, 49.771774358774181 ], [ -97.213722347661033, 49.771969224014981 ], [ -97.213745407590665, 49.781389807501881 ], [ -97.213756399314903, 49.78288388752938 ], [ -97.213796882984369, 49.788521710341357 ], [ -97.213803109439098, 49.789428403002645 ], [ -97.213856389288509, 49.797308810746031 ], [ -97.213856389289006, 49.79730881074849 ], [ -97.213856389289006, 49.797308810751453 ], [ -97.213895616598293, 49.797505200193363 ], [ -97.214153700734769, 49.797622992614521 ], [ -97.219360617660541, 49.79766790654881 ], [ -97.219369617225851, 49.797675353283651 ], [ -97.219489593896114, 49.797774506090903 ], [ -97.219462314636431, 49.800035501919744 ], [ -97.219456316878762, 49.800197308352175 ], [ -97.219457313084263, 49.800497690388127 ], [ -97.215825679873035, 49.799157380097746 ], [ -97.214217713679986, 49.799710815494457 ], [ -97.208509187688264, 49.801671861445783 ], [ -97.197757922599109, 49.805376101189751 ], [ -97.191040299454428, 49.807720750840815 ], [ -97.191042016527405, 49.8101285011115 ], [ -97.190937991466612, 49.810306798298463 ], [ -97.190429116636835, 49.81016389839656 ], [ -97.189876682269329, 49.810065301187542 ], [ -97.189371900959841, 49.810001400492759 ], [ -97.189309502398359, 49.809993487908613 ], [ -97.189057434891666, 49.809977589167325 ], [ -97.18910845454559, 49.809781175603874 ], [ -97.189177941172446, 49.809513609331077 ], [ -97.189559229195382, 49.808860938728856 ], [ -97.189838770108366, 49.808353677756621 ], [ -97.190022130306275, 49.80789662939317 ], [ -97.190232134255496, 49.807237070808867 ], [ -97.190400234486106, 49.806512896283039 ], [ -97.190601226122382, 49.80570872011242 ], [ -97.190737410065168, 49.805354818142405 ], [ -97.191039787217107, 49.80468440282079 ], [ -97.19126496403473, 49.804291899398024 ], [ -97.19141144826385, 49.804093638729142 ], [ -97.191723383542893, 49.803712790228559 ], [ -97.192030174351871, 49.803360093853449 ], [ -97.192864736287575, 49.80250772264511 ], [ -97.193239010950208, 49.802078544681066 ], [ -97.19352681575424, 49.801710250014821 ], [ -97.19374244366611, 49.80137964512425 ], [ -97.193935115531801, 49.801000203236185 ], [ -97.194126539682202, 49.800470111598536 ], [ -97.194262338078047, 49.799831498475193 ] ] ] } },
{ "type": "Feature", "properties": { "CTUID": "6020500.10", "greenspace_per_capita": 389.60971993487931 }, "geometry": { "type": "Polygon", "coordinates": [ [ [ -97.158230336564316, 49.80157969008031 ], [ -97.158231066536075, 49.801571713086339 ], [ -97.158233229912298, 49.801546645902057 ], [ -97.158236146337316, 49.80151285067641 ], [ -97.158243362851053, 49.801426543849679 ], [ -97.158244409810905, 49.8014138957884 ], [ -97.158245737549123, 49.801398466051381 ], [ -97.158576314210535, 49.797716477866587 ], [ -97.158722140954012, 49.796091844159839 ], [ -97.158859136947171, 49.794565555842063 ], [ -97.158860358649889, 49.794552097129461 ], [ -97.158866830241038, 49.794479561316905 ], [ -97.158867959497641, 49.794467245207258 ], [ -97.158883554043896, 49.794293461032169 ], [ -97.159199833159605, 49.790724355765079 ], [ -97.159212955361653, 49.79057604447307 ], [ -97.159224651382459, 49.790443943391566 ], [ -97.159380825753985, 49.788682149190358 ], [ -97.159381442981555, 49.788674850823583 ], [ -97.159381835756491, 49.788670149999554 ], [ -97.159422487475254, 49.78865619123868 ], [ -97.161032717594267, 49.788103697596028 ], [ -97.163466349633723, 49.788266876705833 ], [ -97.168446516382701, 49.788028519221513 ], [ -97.170232392370764, 49.788047602335176 ], [ -97.170553416643116, 49.788048795037071 ], [ -97.171956695456288, 49.788076889014661 ], [ -97.17273639887182, 49.788113901655151 ], [ -97.173642487224996, 49.788129509116537 ], [ -97.173645095773523, 49.790542600659307 ], [ -97.173704216531405, 49.791393206899073 ], [ -97.17376570452619, 49.791747995194072 ], [ -97.173738495554957, 49.7949340977123 ], [ -97.173754397461835, 49.799683797570296 ], [ -97.173798787754563, 49.799981295274144 ], [ -97.173809002273515, 49.800818107814436 ], [ -97.17326599265553, 49.800845509268562 ], [ -97.172698216608978, 49.801529098424268 ], [ -97.172258481710315, 49.801765094478419 ], [ -97.170987819695725, 49.801924911543892 ], [ -97.170428588806331, 49.802104301385988 ], [ -97.170314708211691, 49.802085200588195 ], [ -97.170173010765069, 49.80207311164758 ], [ -97.16941430917413, 49.802008010914442 ], [ -97.165854597981834, 49.801867503452641 ], [ -97.165652110897966, 49.801859495221677 ], [ -97.165650381873405, 49.801859407680141 ], [ -97.165514811484357, 49.801856392453175 ], [ -97.165499694427936, 49.802015109870659 ], [ -97.165489994177051, 49.802116109193847 ], [ -97.165403404323001, 49.802753193092244 ], [ -97.16546518388833, 49.803168898214949 ], [ -97.165370698547932, 49.804193188308851 ], [ -97.165286283899533, 49.804498195177793 ], [ -97.165140803343292, 49.804737389347054 ], [ -97.164994910426955, 49.804905889807834 ], [ -97.164764801563862, 49.805131996964285 ], [ -97.164552304308899, 49.805295511533622 ], [ -97.164279416163907, 49.805454195592937 ], [ -97.163890710749413, 49.805622807435867 ], [ -97.162796515676746, 49.805984790556494 ], [ -97.160962216974355, 49.806613092979696 ], [ -97.158916903706697, 49.807316612643895 ], [ -97.157333282056655, 49.807836707581913 ], [ -97.157675511946337, 49.807533387612217 ], [ -97.157740963798005, 49.806827972802573 ], [ -97.1579199501668, 49.804964017985426 ], [ -97.158028136956943, 49.803837183743873 ], [ -97.158230336564316, 49.80157969008031 ] ] ] } },
{ "type": "Feature", "properties": { "CTUID": "6020100.01", "greenspace_per_capita": 318.21561807334621 }, "geometry": { "type": "Polygon", "coordinates": [ [ [ -97.091142907959423, 49.806118050174078 ], [ -97.090997206168709, 49.805750497631045 ], [ -97.090818587282286, 49.805300003325556 ], [ -97.090781217750404, 49.805191496676827 ], [ -97.090169900102296, 49.803482324729934 ], [ -97.088731290694312, 49.801796724413954 ], [ -97.088438176751396, 49.801404193230951 ], [ -97.089851794462092, 49.800925488727444 ], [ -97.093362906033633, 49.79973678548388 ], [ -97.094458001936047, 49.799365993567577 ], [ -97.110986006615036, 49.793770003074414 ], [ -97.111168609893951, 49.793708166377805 ], [ -97.114368908624712, 49.792624704601629 ], [ -97.115467417196498, 49.792246788979334 ], [ -97.115276310508833, 49.79287341070269 ], [ -97.115259303422619, 49.792954104012239 ], [ -97.115134905360065, 49.793442408358523 ], [ -97.115079012640635, 49.793661688428543 ], [ -97.114660390090279, 49.794779293871592 ], [ -97.114576292672041, 49.795155798719549 ], [ -97.11453510399862, 49.79621649155289 ], [ -97.114704382916827, 49.796866899493665 ], [ -97.115457285337399, 49.799307892897559 ], [ -97.115486711429526, 49.799623206717165 ], [ -97.115442981470764, 49.799676402111679 ], [ -97.115555010009885, 49.800370887005236 ], [ -97.115580051406283, 49.800523092256057 ], [ -97.115650805410183, 49.800953002744542 ], [ -97.115712404083723, 49.801326887403292 ], [ -97.115735717739, 49.801444308747428 ], [ -97.115793993760533, 49.801733105635513 ], [ -97.115863280362831, 49.802093988891933 ], [ -97.115858392464943, 49.802579607766276 ], [ -97.115821211065835, 49.802821911542793 ], [ -97.115538025145824, 49.803539836806927 ], [ -97.1146319839862, 49.805528094483407 ], [ -97.114449993059011, 49.80592089121069 ], [ -97.11440691340799, 49.806027389485685 ], [ -97.113933484743214, 49.806015210237 ], [ -97.113223104452672, 49.806017904681546 ], [ -97.113085882941675, 49.805970694146424 ], [ -97.112166398569968, 49.806027693377196 ], [ -97.111649007764541, 49.80610919774923 ], [ -97.110833590508832, 49.806347698740687 ], [ -97.109158191276137, 49.806896092740423 ], [ -97.106579514214545, 49.807798505147062 ], [ -97.105135638072042, 49.808293321681816 ], [ -97.100591889951545, 49.809850311336533 ], [ -97.095106787673473, 49.81173220532694 ], [ -97.094727218031366, 49.811861389959866 ], [ -97.094640785563939, 49.811891412178142 ], [ -97.094477093616732, 49.811681101804275 ], [ -97.093812087289493, 49.810827401171473 ], [ -97.093533386976958, 49.810489994772631 ], [ -97.093522401003213, 49.810417801316923 ], [ -97.093270084044022, 49.810116890627768 ], [ -97.093098696081753, 49.809866399524033 ], [ -97.092629202420142, 49.809180489825295 ], [ -97.092442019201741, 49.808906899921467 ], [ -97.092389610052848, 49.80882499564467 ], [ -97.092152784160305, 49.8083992128727 ], [ -97.092026081829459, 49.808171393266981 ], [ -97.091665817366405, 49.807436902638713 ], [ -97.091142907959423, 49.806118050174078 ] ] ] } },
{ "type": "Feature", "properties": { "CTUID": "6020100.06", "greenspace_per_capita": 733.70265809439115 }, "geometry": { "type": "Polygon", "coordinates": [ [ [ -97.111673716249925, 49.814963001824452 ], [ -97.111425586543234, 49.815013088768659 ], [ -97.111093487901968, 49.815023297989086 ], [ -97.110465909808937, 49.815076090555372 ], [ -97.110160610171093, 49.815062111360525 ], [ -97.10938360688489, 49.815022387412469 ], [ -97.109232182827199, 49.814983994573701 ], [ -97.109053414286336, 49.81493610066218 ], [ -97.10724691999755, 49.814205005979709 ], [ -97.108039691480542, 49.813480307749153 ], [ -97.108818295199157, 49.812764401595899 ], [ -97.109222697219082, 49.8123752081598 ], [ -97.109442981639432, 49.812073006521331 ], [ -97.109525394716158, 49.8117414875694 ], [ -97.109467482472382, 49.81144371324249 ], [ -97.109453979111962, 49.811364854638121 ], [ -97.109246810240435, 49.811044292923732 ], [ -97.108702102778167, 49.810396797690615 ], [ -97.108052989534954, 49.809576590143479 ], [ -97.107508691046931, 49.808920100373257 ], [ -97.106579514214545, 49.807798505147062 ], [ -97.109158191276137, 49.806896092740423 ], [ -97.110833590508832, 49.806347698740687 ], [ -97.111649007764541, 49.80610919774923 ], [ -97.112166398569968, 49.806027693377196 ], [ -97.113085882941675, 49.805970694146424 ], [ -97.113223104452672, 49.806017904681546 ], [ -97.113933484743214, 49.806015210237 ], [ -97.11440691340799, 49.806027389485685 ], [ -97.114449993059011, 49.80592089121069 ], [ -97.1146319839862, 49.805528094483407 ], [ -97.115538025145824, 49.803539836806927 ], [ -97.115821211065835, 49.802821911542793 ], [ -97.115858392464943, 49.802579607766276 ], [ -97.115863280362831, 49.802093988891933 ], [ -97.115793993760533, 49.801733105635513 ], [ -97.115735717739, 49.801444308747428 ], [ -97.115712404083723, 49.801326887403292 ], [ -97.115650805410183, 49.800953002744542 ], [ -97.115580051406283, 49.800523092256057 ], [ -97.115555010009885, 49.800370887005236 ], [ -97.115442981470764, 49.799676402111679 ], [ -97.115486711429526, 49.799623206717165 ], [ -97.115457285337399, 49.799307892897559 ], [ -97.114704382916827, 49.796866899493665 ], [ -97.11453510399862, 49.79621649155289 ], [ -97.114576292672041, 49.795155798719549 ], [ -97.114660390090279, 49.794779293871592 ], [ -97.115079012640635, 49.793661688428543 ], [ -97.115134905360065, 49.793442408358523 ], [ -97.115259303422619, 49.792954104012239 ], [ -97.115276310508833, 49.79287341070269 ], [ -97.115467417196498, 49.792246788979334 ], [ -97.116143283170231, 49.79201489081305 ], [ -97.117114001943705, 49.791706906368461 ], [ -97.119579198266095, 49.790838411657283 ], [ -97.121116789018672, 49.79024269150397 ], [ -97.126392611158664, 49.787827509608441 ], [ -97.12756478707, 49.787333710755384 ], [ -97.128790809085672, 49.786885791181994 ], [ -97.132940542867217, 49.78543585583531 ], [ -97.133663316268724, 49.785183291510648 ], [ -97.135096163128836, 49.784685809132405 ], [ -97.135648912353318, 49.785425742406275 ], [ -97.136042748891484, 49.786290144787053 ], [ -97.136073134882196, 49.787047976493469 ], [ -97.136016299805007, 49.788291139410681 ], [ -97.132899873352272, 49.792418990013573 ], [ -97.131041486838825, 49.795759137963152 ], [ -97.129589651615262, 49.797228134149428 ], [ -97.128147209247004, 49.797566320201426 ], [ -97.126667793671729, 49.797446552107544 ], [ -97.125505458797377, 49.796912613429107 ], [ -97.124770982259363, 49.796110261379724 ], [ -97.12365328007165, 49.794659031156428 ], [ -97.121746410364366, 49.793386535757712 ], [ -97.120094546649455, 49.793033290346301 ], [ -97.118305148973363, 49.793066292001001 ], [ -97.116957199990978, 49.793927974362816 ], [ -97.116241225660715, 49.794801016200871 ], [ -97.116257114537561, 49.796070497451346 ], [ -97.116796694146046, 49.797405867672595 ], [ -97.1187854408211, 49.799097732958728 ], [ -97.121679676974338, 49.800564129992644 ], [ -97.125916440645113, 49.802154303770308 ], [ -97.127823903686689, 49.802982186522712 ], [ -97.129107283907103, 49.803909929888583 ], [ -97.129767094718218, 49.804552760476668 ], [ -97.129812256435031, 49.805170176998516 ], [ -97.129764781322422, 49.80576673826878 ], [ -97.129552073128835, 49.806464626070323 ], [ -97.128699265582298, 49.807060817572498 ], [ -97.127319621196904, 49.807692402396682 ], [ -97.122206813983027, 49.80926190714667 ], [ -97.117745287017783, 49.810569541572747 ], [ -97.115499265286374, 49.811717276788364 ], [ -97.114932574371934, 49.813190877324381 ], [ -97.11577827832707, 49.814723834750019 ], [ -97.117217586010426, 49.815826434923409 ], [ -97.117748776085307, 49.81613597685574 ], [ -97.118436375914129, 49.816383362421433 ], [ -97.118762881140142, 49.81642992236754 ], [ -97.119113271482888, 49.817394828443675 ], [ -97.119568983215956, 49.818003702211463 ], [ -97.118329702702653, 49.818415288906827 ], [ -97.116569219422175, 49.818998411295233 ], [ -97.11533021170645, 49.819400997790879 ], [ -97.113949013336168, 49.81988219995641 ], [ -97.113763481833715, 49.820005191382755 ], [ -97.113595142916296, 49.820063839127542 ], [ -97.113270202507891, 49.820176989529273 ], [ -97.113100614468991, 49.820246200551075 ], [ -97.113064198931966, 49.820110700322992 ], [ -97.112902883462695, 49.819253506046785 ], [ -97.112827581219634, 49.818837719227169 ], [ -97.112765582732564, 49.818495710777917 ], [ -97.112571693993701, 49.817404101675947 ], [ -97.112365002155428, 49.816285387409373 ], [ -97.112227322927637, 49.815503523667509 ], [ -97.112198214260076, 49.815338211891358 ], [ -97.11208800636949, 49.815123898729851 ], [ -97.111990314893617, 49.81501569749971 ], [ -97.111837284173959, 49.814968190087924 ], [ -97.11173662292309, 49.814964989604469 ], [ -97.111673716249925, 49.814963001824452 ] ] ] } },
{ "type": "Feature", "properties": { "CTUID": "6020500.01", "greenspace_per_capita": 766.19123974823162 }, "geometry": { "type": "Polygon", "coordinates": [ [ [ -97.114932574371934, 49.813190877324381 ], [ -97.115499265286374, 49.811717276788364 ], [ -97.117745287017783, 49.810569541572747 ], [ -97.122206813983027, 49.80926190714667 ], [ -97.127319621196904, 49.807692402396682 ], [ -97.128699265582298, 49.807060817572498 ], [ -97.129552073128835, 49.806464626070323 ], [ -97.129764781322422, 49.80576673826878 ], [ -97.129812256435031, 49.805170176998516 ], [ -97.129767094718218, 49.804552760476668 ], [ -97.129107283907103, 49.803909929888583 ], [ -97.127823903686689, 49.802982186522712 ], [ -97.125916440645113, 49.802154303770308 ], [ -97.121679676974338, 49.800564129992644 ], [ -97.1187854408211, 49.799097732958728 ], [ -97.116796694146046, 49.797405867672595 ], [ -97.116257114537561, 49.796070497451346 ], [ -97.116241225660715, 49.794801016200871 ], [ -97.116957199990978, 49.793927974362816 ], [ -97.118305148973363, 49.793066292001001 ], [ -97.120094546649455, 49.793033290346301 ], [ -97.121746410364366, 49.793386535757712 ], [ -97.12365328007165, 49.794659031156428 ], [ -97.124770982259363, 49.796110261379724 ], [ -97.125505458797377, 49.796912613429107 ], [ -97.126667793671729, 49.797446552107544 ], [ -97.128147209247004, 49.797566320201426 ], [ -97.128266355133917, 49.797970151395525 ], [ -97.128465788183377, 49.798193452944965 ], [ -97.129276682819551, 49.798794213316036 ], [ -97.13282460520081, 49.797601209206242 ], [ -97.135868486365652, 49.796498790284467 ], [ -97.135941410365064, 49.79640999162384 ], [ -97.135895912372959, 49.796148388859031 ], [ -97.135767701720425, 49.7958674978956 ], [ -97.135727791996175, 49.794373703739367 ], [ -97.135788383849459, 49.793879894601965 ], [ -97.135963712927875, 49.793657899819756 ], [ -97.136062987695368, 49.793605509509959 ], [ -97.136343516511388, 49.793537998231464 ], [ -97.13655490949435, 49.793460500175058 ], [ -97.137001682238989, 49.79340470714277 ], [ -97.13725160386511, 49.79340869593922 ], [ -97.137585581815827, 49.793396090775111 ], [ -97.13912099368612, 49.792854097217138 ], [ -97.140134583401391, 49.792510503248081 ], [ -97.141345691209537, 49.792089205290885 ], [ -97.142471720456371, 49.791711510141312 ], [ -97.142866711023942, 49.791555887843955 ], [ -97.143034399189077, 49.79153160811294 ], [ -97.143559299812324, 49.791611991482107 ], [ -97.143511782953368, 49.791764088722601 ], [ -97.143532707209957, 49.79194440558642 ], [ -97.143620596190132, 49.792188700149275 ], [ -97.14417701138477, 49.792899206182604 ], [ -97.144734500236737, 49.793582791575702 ], [ -97.145987613754187, 49.793153096554811 ], [ -97.147057391541836, 49.792792389106047 ], [ -97.147577057220076, 49.792616224881499 ], [ -97.148070883745319, 49.792448792508189 ], [ -97.149196618598538, 49.792080004282411 ], [ -97.15023848492423, 49.791718799755223 ], [ -97.153405299611009, 49.790653990853755 ], [ -97.154770405218358, 49.79019900617515 ], [ -97.156345400289837, 49.789702296491086 ], [ -97.156684505620547, 49.789554802558875 ], [ -97.156832918743675, 49.789511812045404 ], [ -97.15730259579972, 49.789375702875638 ], [ -97.157513284614168, 49.789316112569892 ], [ -97.158033813845066, 49.7891444975646 ], [ -97.158526999812509, 49.788963393693315 ], [ -97.159381835756491, 49.788670149999554 ], [ -97.159381442981555, 49.788674850823583 ], [ -97.159380825753985, 49.788682149190358 ], [ -97.159224651382459, 49.790443943391566 ], [ -97.159212955361653, 49.79057604447307 ], [ -97.159199833159605, 49.790724355765079 ], [ -97.158883554043896, 49.794293461032169 ], [ -97.158867959497641, 49.794467245207258 ], [ -97.158866830241038, 49.794479561316905 ], [ -97.158860358649889, 49.794552097129461 ], [ -97.158859136947171, 49.794565555842063 ], [ -97.158722140954012, 49.796091844159839 ], [ -97.158576314210535, 49.797716477866587 ], [ -97.158245737549123, 49.801398466051381 ], [ -97.158244409810905, 49.8014138957884 ], [ -97.158243362851053, 49.801426543849679 ], [ -97.158236146337316, 49.80151285067641 ], [ -97.158233229912298, 49.801546645902057 ], [ -97.158231066536075, 49.801571713086339 ], [ -97.158230336564316, 49.80157969008031 ], [ -97.158028136956943, 49.803837183743873 ], [ -97.1579199501668, 49.804964017985426 ], [ -97.157740963798005, 49.806827972802573 ], [ -97.157675511946337, 49.807533387612217 ], [ -97.157333282056655, 49.807836707581913 ], [ -97.156768205082471, 49.808030034921366 ], [ -97.154463587119295, 49.808773302205189 ], [ -97.153918415842895, 49.808949198057839 ], [ -97.153622593131914, 49.809052489093098 ], [ -97.153214018187626, 49.809198909333418 ], [ -97.151877202911081, 49.809627288822469 ], [ -97.145511015092055, 49.811810404807602 ], [ -97.145398205900449, 49.811853502759782 ], [ -97.142736793930794, 49.812746388283173 ], [ -97.143307287796006, 49.81345718989563 ], [ -97.141298514290128, 49.814065019392501 ], [ -97.140310261437548, 49.814377888648728 ], [ -97.139362468723846, 49.813779867454372 ], [ -97.137735049551196, 49.813227058268559 ], [ -97.135618403745752, 49.812835167437491 ], [ -97.13307528892696, 49.812879876569703 ], [ -97.130311064302518, 49.81365405804771 ], [ -97.128332004904948, 49.814668793246362 ], [ -97.126721403534958, 49.815386037606821 ], [ -97.125265400136115, 49.816169196778027 ], [ -97.122905880060216, 49.816802705232249 ], [ -97.121453556233874, 49.816851750148857 ], [ -97.120063250921561, 49.816690297626373 ], [ -97.118762881140142, 49.81642992236754 ], [ -97.118436375914129, 49.816383362421433 ], [ -97.117748776085307, 49.81613597685574 ], [ -97.117217586010426, 49.815826434923409 ], [ -97.11577827832707, 49.814723834750019 ], [ -97.114932574371934, 49.813190877324381 ] ] ] } },
{ "type": "Feature", "properties": { "CTUID": "6020500.08", "greenspace_per_capita": 602.48321204586455 }, "geometry": { "type": "Polygon", "coordinates": [ [ [ -97.215825679873035, 49.799157380097746 ], [ -97.219457313084263, 49.800497690388127 ], [ -97.219462108104636, 49.801933497905154 ], [ -97.219462108105148, 49.80193349790656 ], [ -97.219462108105176, 49.801933497910575 ], [ -97.219537915562853, 49.802141493843955 ], [ -97.219719457605692, 49.802336192304821 ], [ -97.219730697039736, 49.802348248819222 ], [ -97.219750619377692, 49.802369605390602 ], [ -97.220080703647525, 49.802511304171922 ], [ -97.220159313300982, 49.802623991388693 ], [ -97.220094381522202, 49.802760600002429 ], [ -97.219834784024897, 49.803026989476471 ], [ -97.219633295718282, 49.803324208455187 ], [ -97.21952398804055, 49.803539390418187 ], [ -97.219475593120123, 49.803840610835479 ], [ -97.219477489119257, 49.807195791003764 ], [ -97.219480108962003, 49.807498212174174 ], [ -97.219442506234344, 49.807770998254277 ], [ -97.219450589811373, 49.80944419604748 ], [ -97.219458103747144, 49.811135406353941 ], [ -97.219392715191759, 49.814103906092491 ], [ -97.219391802094563, 49.814297998850911 ], [ -97.219390688291526, 49.814554008249885 ], [ -97.219390482375147, 49.814578792057965 ], [ -97.219389944336044, 49.814706175217658 ], [ -97.219388296790157, 49.815071208418168 ], [ -97.218737278998745, 49.815301895656098 ], [ -97.216961607159462, 49.81590028998253 ], [ -97.216864099119718, 49.815935890132849 ], [ -97.210130903532189, 49.818204006999892 ], [ -97.209586314441069, 49.81838719954704 ], [ -97.207473789199355, 49.819100088167858 ], [ -97.207052290496975, 49.819219492938025 ], [ -97.207051903664663, 49.819219591577401 ], [ -97.206369918919549, 49.819459895280687 ], [ -97.20597768418753, 49.817779110832795 ], [ -97.205443492345594, 49.817095999274429 ], [ -97.204464383681952, 49.815884590773024 ], [ -97.204463928996276, 49.815883245034158 ], [ -97.204039986019495, 49.815469004686449 ], [ -97.203938308663709, 49.815360995119939 ], [ -97.203820382718888, 49.815265402550288 ], [ -97.203659601414373, 49.815166608501464 ], [ -97.203416391930716, 49.815071601764885 ], [ -97.203214880690098, 49.815012698890385 ], [ -97.203067905523937, 49.814962309067042 ], [ -97.202944579654996, 49.814909701310057 ], [ -97.202837115664394, 49.814849688237317 ], [ -97.202722796944727, 49.814764293408665 ], [ -97.202590793678127, 49.814627989452184 ], [ -97.202376684787325, 49.814274988976933 ], [ -97.202894514122463, 49.814173298660613 ], [ -97.203383600801445, 49.814032494987174 ], [ -97.203854301088384, 49.813838801294374 ], [ -97.204217415977226, 49.813605088871817 ], [ -97.204439820737576, 49.813432508555032 ], [ -97.204794095188063, 49.812995902005269 ], [ -97.205092805454044, 49.812320987067885 ], [ -97.205242388458757, 49.812024191751952 ], [ -97.205546983929679, 49.811618705925277 ], [ -97.205751402475428, 49.811429001694592 ], [ -97.205929698808902, 49.811294710621233 ], [ -97.206595504827519, 49.810891998248856 ], [ -97.207030387170548, 49.810602393102094 ], [ -97.207352388221864, 49.810346007221334 ], [ -97.20750750689615, 49.810285506831917 ], [ -97.207826601217192, 49.8100614965538 ], [ -97.207921401584457, 49.809994998013607 ], [ -97.208177713991617, 49.80982808716486 ], [ -97.208420202539429, 49.80966089439076 ], [ -97.208749704951543, 49.809385503506043 ], [ -97.208821788039415, 49.809325309848042 ], [ -97.209070899096758, 49.808978405116918 ], [ -97.209147983948142, 49.808772695690834 ], [ -97.209183691312262, 49.808557294504389 ], [ -97.20915300602681, 49.80825999943027 ], [ -97.209040904072111, 49.807907512855557 ], [ -97.208968206063432, 49.807711102733798 ], [ -97.208893598220257, 49.807512598887456 ], [ -97.208678800226124, 49.806958795902936 ], [ -97.208520114972046, 49.806577095659875 ], [ -97.208381285922201, 49.806197210116679 ], [ -97.208381288263595, 49.80581940641656 ], [ -97.208487900257211, 49.80556919351465 ], [ -97.208636409538059, 49.805310595605874 ], [ -97.208780097565239, 49.80515899966791 ], [ -97.208809996534143, 49.805124402423012 ], [ -97.208925200627903, 49.805018289981838 ], [ -97.20895908882197, 49.804990405121089 ], [ -97.209054085264867, 49.804912311140718 ], [ -97.209452408950028, 49.804666603825602 ], [ -97.20970701257589, 49.804544593937166 ], [ -97.209845913456377, 49.804492291142722 ], [ -97.209181168276103, 49.802813995843053 ], [ -97.208509187688264, 49.801671861445783 ], [ -97.214217713679986, 49.799710815494457 ], [ -97.215825679873035, 49.799157380097746 ] ] ] } },
{ "type": "Feature", "properties": { "CTUID": "6020100.09", "greenspace_per_capita": 1279.9662396713354 }, "geometry": { "type": "Polygon", "coordinates": [ [ [ -97.050665114283063, 49.819483097723499 ], [ -97.050051603709264, 49.819535090341425 ], [ -97.049529412369978, 49.819553013879066 ], [ -97.049194212016332, 49.819564493798865 ], [ -97.048329915959783, 49.819488204155945 ], [ -97.048329502819229, 49.819488096713691 ], [ -97.047315285252395, 49.819471010763941 ], [ -97.044452986187764, 49.819471804451148 ], [ -97.042007761564889, 49.819260050909904 ], [ -97.039983525709616, 49.81925480903903 ], [ -97.039302048960849, 49.819253855582168 ], [ -97.038722887383699, 49.819253086905761 ], [ -97.038553491014866, 49.81888875372568 ], [ -97.038502693367263, 49.818564108340574 ], [ -97.038626215258915, 49.81852140142643 ], [ -97.03901397724745, 49.818387383321515 ], [ -97.041696381832296, 49.817460203429235 ], [ -97.045601506523553, 49.816113898914395 ], [ -97.046280980228801, 49.815868093892625 ], [ -97.04650440323276, 49.815787293622037 ], [ -97.046586102321854, 49.815760306000499 ], [ -97.046659391002109, 49.815736011684749 ], [ -97.049944004479727, 49.814603912025369 ], [ -97.051235161577338, 49.814154648837757 ], [ -97.05130688540288, 49.814129709736051 ], [ -97.058896009512694, 49.811489004767054 ], [ -97.059614109731129, 49.81125819884145 ], [ -97.062545785528286, 49.810245792972246 ], [ -97.066118010987694, 49.80901200606278 ], [ -97.066118811812416, 49.809011705074418 ], [ -97.066199113961389, 49.808983973025192 ], [ -97.06987459516931, 49.807714501637129 ], [ -97.070410293278215, 49.80752560727575 ], [ -97.070945594709769, 49.80734559847447 ], [ -97.072026114618097, 49.806976307008554 ], [ -97.076919814864965, 49.805303988704601 ], [ -97.081628866295475, 49.803709565362411 ], [ -97.081709983570775, 49.803682112790412 ], [ -97.088438176751396, 49.801404193230951 ], [ -97.088731290694312, 49.801796724413954 ], [ -97.090169900102296, 49.803482324729934 ], [ -97.090781217750404, 49.805191496676827 ], [ -97.090818587282286, 49.805300003325556 ], [ -97.090997206168709, 49.805750497631045 ], [ -97.091142907959423, 49.806118050174078 ], [ -97.091665817366405, 49.807436902638713 ], [ -97.092026081829459, 49.808171393266981 ], [ -97.092152784160305, 49.8083992128727 ], [ -97.092389610052848, 49.80882499564467 ], [ -97.092043384417551, 49.808971808929698 ], [ -97.091563581680305, 49.80917529970322 ], [ -97.091470796156273, 49.809214706348335 ], [ -97.090560731241894, 49.809542668487353 ], [ -97.089510614805349, 49.809928986868719 ], [ -97.088500731632436, 49.810277447109883 ], [ -97.088186107036861, 49.810383912068517 ], [ -97.087444502670905, 49.810506592358166 ], [ -97.087166694038388, 49.810501990983973 ], [ -97.086693516008268, 49.810447988405521 ], [ -97.085551410302443, 49.810223400541986 ], [ -97.084667298815589, 49.810082903495655 ], [ -97.084093891404734, 49.810068193532622 ], [ -97.083693209034877, 49.810111795620699 ], [ -97.083370795990433, 49.810178404735311 ], [ -97.082521449561995, 49.810458151352869 ], [ -97.082356789809012, 49.810512411085227 ], [ -97.081388400527672, 49.81086220770095 ], [ -97.08075050796964, 49.811061510059034 ], [ -97.08029841644796, 49.811139889468095 ], [ -97.080134704065017, 49.811168293040048 ], [ -97.079606408499203, 49.811168505719706 ], [ -97.079464020040149, 49.81115559820104 ], [ -97.079121680571262, 49.811124491315084 ], [ -97.078989796037789, 49.81111249849809 ], [ -97.078961713989756, 49.811199411205678 ], [ -97.078728805266138, 49.811918497705598 ], [ -97.078463092133916, 49.812309900826364 ], [ -97.078274702824984, 49.812504688101946 ], [ -97.077893292726358, 49.812779407170169 ], [ -97.077604307158822, 49.812934294424267 ], [ -97.077524098073994, 49.812965288795432 ], [ -97.077180780329002, 49.813098190237753 ], [ -97.076504884475241, 49.813324612480137 ], [ -97.07603968833628, 49.813480401018523 ], [ -97.075882604400704, 49.813530911865882 ], [ -97.07578830126981, 49.813433488378976 ], [ -97.074537096877961, 49.812140399768424 ], [ -97.074292080617639, 49.811743193007679 ], [ -97.072174786802876, 49.809641804900018 ], [ -97.072029489394296, 49.809801301409372 ], [ -97.071995590775913, 49.80995369570639 ], [ -97.071972115455722, 49.812993694524685 ], [ -97.071970764912564, 49.813027168931946 ], [ -97.071966932229202, 49.813123961064129 ], [ -97.072241620693433, 49.813088104309706 ], [ -97.072385642013984, 49.813072264383763 ], [ -97.072445440628599, 49.813096443363058 ], [ -97.072528989413001, 49.813148498585662 ], [ -97.072621309357316, 49.813223097831127 ], [ -97.072669002783968, 49.81338910552838 ], [ -97.072704106148294, 49.813549085542562 ], [ -97.072721373791254, 49.81367363639314 ], [ -97.072689099659826, 49.813944433827423 ], [ -97.072592122664474, 49.81416026255242 ], [ -97.072440881361445, 49.814321524746568 ], [ -97.072347657221684, 49.81440307717974 ], [ -97.072199347716293, 49.814435871778869 ], [ -97.071887523316022, 49.814422482947968 ], [ -97.071680595095756, 49.814383050285301 ], [ -97.071476840643243, 49.814262733831484 ], [ -97.071353855839817, 49.814210676075042 ], [ -97.071242126457776, 49.814222835857251 ], [ -97.071202174228205, 49.814298199171468 ], [ -97.071183014728774, 49.814380628856732 ], [ -97.071224616393664, 49.814638896436932 ], [ -97.071319874718938, 49.814841653055012 ], [ -97.071494490326614, 49.815051703406162 ], [ -97.07154868063698, 49.815210671708186 ], [ -97.071544035562283, 49.815337316932144 ], [ -97.07143379286272, 49.815576858863622 ], [ -97.071399279973349, 49.815666773959776 ], [ -97.071476754889474, 49.815764190276724 ], [ -97.071890144293576, 49.816040372042671 ], [ -97.072305024221251, 49.816296747063269 ], [ -97.072847020434281, 49.816895142359577 ], [ -97.072991414461242, 49.817000950679542 ], [ -97.07308112016274, 49.8170428811611 ], [ -97.073228200383738, 49.817047276863747 ], [ -97.073381610008511, 49.816970180914794 ], [ -97.073536891866709, 49.816829074469226 ], [ -97.073630979787211, 49.816686872988804 ], [ -97.073589730383247, 49.816449164635486 ], [ -97.073443847065505, 49.816200516397444 ], [ -97.073320285247632, 49.816061725482101 ], [ -97.073341081778565, 49.815975846808392 ], [ -97.073487777636814, 49.815925245374693 ], [ -97.073689828641719, 49.815945672773402 ], [ -97.074176888577028, 49.816037319812324 ], [ -97.074417880474144, 49.816073362285778 ], [ -97.074633180456829, 49.816143111597647 ], [ -97.075027857809417, 49.816325107184277 ], [ -97.075274503283481, 49.816508395861646 ], [ -97.075358283212239, 49.816608810313426 ], [ -97.075392941108902, 49.816689573158968 ], [ -97.075333153995075, 49.816743034106686 ], [ -97.075059820565016, 49.81692490170996 ], [ -97.074979270067018, 49.817007464862471 ], [ -97.074945957436171, 49.81712128490512 ], [ -97.074955366280534, 49.817344163746192 ], [ -97.074974442168795, 49.817507478871207 ], [ -97.075015928352286, 49.817559853762397 ], [ -97.075057390278204, 49.817614556801736 ], [ -97.075135961183349, 49.81764774364428 ], [ -97.075283611119815, 49.81764778853033 ], [ -97.075459335472033, 49.817624081973022 ], [ -97.075590172597487, 49.817561831961633 ], [ -97.075753071005195, 49.817428202427514 ], [ -97.07580997708574, 49.817211858665942 ], [ -97.075900403303763, 49.816918318641129 ], [ -97.076074264350183, 49.816626086945895 ], [ -97.076148663039902, 49.816538833925193 ], [ -97.076258977251925, 49.816454688892421 ], [ -97.076443598192924, 49.816431231745796 ], [ -97.076526440415734, 49.816445497980503 ], [ -97.076580047184521, 49.816480966099945 ], [ -97.076665231602362, 49.816507078207529 ], [ -97.076705096465105, 49.816567449704266 ], [ -97.076771958203949, 49.816683136662427 ], [ -97.076768850662845, 49.816851378627788 ], [ -97.076739969955767, 49.817166056727679 ], [ -97.0766805767595, 49.817275523435725 ], [ -97.076586846751212, 49.81743779821096 ], [ -97.076426712231807, 49.817642639704822 ], [ -97.076440547057047, 49.817891836316157 ], [ -97.07647748980061, 49.818111521370547 ], [ -97.076549897855145, 49.818189969063219 ], [ -97.076605380414406, 49.818229810639366 ], [ -97.076743903376951, 49.818282615305868 ], [ -97.076868174337378, 49.818336151002249 ], [ -97.076951158657778, 49.818399687663906 ], [ -97.076968769765983, 49.818446840911143 ], [ -97.07436110904473, 49.819132759162898 ], [ -97.072533153712598, 49.819554933445822 ], [ -97.070916305413064, 49.819895704072941 ], [ -97.065593914677862, 49.819625212806997 ], [ -97.065452869386604, 49.819349769407154 ], [ -97.065306708543375, 49.819351104181401 ], [ -97.053743950678367, 49.81945746165205 ], [ -97.050665114283063, 49.819483097723499 ] ] ] } },
{ "type": "Feature", "properties": { "CTUID": "6020500.09", "greenspace_per_capita": 730.29762604389691 }, "geometry": { "type": "Polygon", "coordinates": [ [ [ -97.208509187688264, 49.801671861445783 ], [ -97.209181168276103, 49.802813995843053 ], [ -97.209845913456377, 49.804492291142722 ], [ -97.20970701257589, 49.804544593937166 ], [ -97.209452408950028, 49.804666603825602 ], [ -97.209054085264867, 49.804912311140718 ], [ -97.20895908882197, 49.804990405121089 ], [ -97.208925200627903, 49.805018289981838 ], [ -97.208809996534143, 49.805124402423012 ], [ -97.208780097565239, 49.80515899966791 ], [ -97.208636409538059, 49.805310595605874 ], [ -97.208487900257211, 49.80556919351465 ], [ -97.208381288263595, 49.80581940641656 ], [ -97.208381285922201, 49.806197210116679 ], [ -97.208520114972046, 49.806577095659875 ], [ -97.208678800226124, 49.806958795902936 ], [ -97.208893598220257, 49.807512598887456 ], [ -97.208968206063432, 49.807711102733798 ], [ -97.209040904072111, 49.807907512855557 ], [ -97.20915300602681, 49.80825999943027 ], [ -97.209183691312262, 49.808557294504389 ], [ -97.209147983948142, 49.808772695690834 ], [ -97.209070899096758, 49.808978405116918 ], [ -97.208821788039415, 49.809325309848042 ], [ -97.208749704951543, 49.809385503506043 ], [ -97.208420202539429, 49.80966089439076 ], [ -97.208177713991617, 49.80982808716486 ], [ -97.207921401584457, 49.809994998013607 ], [ -97.207826601217192, 49.8100614965538 ], [ -97.20750750689615, 49.810285506831917 ], [ -97.207352388221864, 49.810346007221334 ], [ -97.207030387170548, 49.810602393102094 ], [ -97.206595504827519, 49.810891998248856 ], [ -97.205929698808902, 49.811294710621233 ], [ -97.205751402475428, 49.811429001694592 ], [ -97.205546983929679, 49.811618705925277 ], [ -97.205242388458757, 49.812024191751952 ], [ -97.205092805454044, 49.812320987067885 ], [ -97.204794095188063, 49.812995902005269 ], [ -97.204439820737576, 49.813432508555032 ], [ -97.204217415977226, 49.813605088871817 ], [ -97.203854301088384, 49.813838801294374 ], [ -97.203383600801445, 49.814032494987174 ], [ -97.202894514122463, 49.814173298660613 ], [ -97.202376684787325, 49.814274988976933 ], [ -97.202590793678127, 49.814627989452184 ], [ -97.202722796944727, 49.814764293408665 ], [ -97.202837115664394, 49.814849688237317 ], [ -97.202944579654996, 49.814909701310057 ], [ -97.203067905523937, 49.814962309067042 ], [ -97.203214880690098, 49.815012698890385 ], [ -97.203416391930716, 49.815071601764885 ], [ -97.203659601414373, 49.815166608501464 ], [ -97.203820382718888, 49.815265402550288 ], [ -97.203938308663709, 49.815360995119939 ], [ -97.204039986019495, 49.815469004686449 ], [ -97.204463928996276, 49.815883245034158 ], [ -97.204464383681952, 49.815884590773024 ], [ -97.205443492345594, 49.817095999274429 ], [ -97.20597768418753, 49.817779110832795 ], [ -97.206369918919549, 49.819459895280687 ], [ -97.206245217229153, 49.819503791588623 ], [ -97.205886103021271, 49.81963029332487 ], [ -97.20296728758693, 49.82065840846618 ], [ -97.202655884961175, 49.820806505607571 ], [ -97.201872043189496, 49.821077788749555 ], [ -97.201345011106127, 49.82128989682036 ], [ -97.201077312963662, 49.821384695969854 ], [ -97.200984702705739, 49.821257310804931 ], [ -97.20074970942936, 49.820969510812532 ], [ -97.199185691883457, 49.819053010266174 ], [ -97.198910205902294, 49.818715410041648 ], [ -97.198867501145017, 49.818661696877982 ], [ -97.19859779638054, 49.818322411723344 ], [ -97.196825118303494, 49.81609239233692 ], [ -97.19658538704978, 49.815809813041184 ], [ -97.196565892030947, 49.815783695834021 ], [ -97.19650600354359, 49.815700688479168 ], [ -97.196491207714644, 49.81568090966163 ], [ -97.196359479423137, 49.815527490823676 ], [ -97.196268803614615, 49.815415101243772 ], [ -97.19325011751593, 49.811674108358794 ], [ -97.192657895384627, 49.811152202055609 ], [ -97.192291888510184, 49.810903603047763 ], [ -97.191883184571068, 49.810681291580181 ], [ -97.191431800122743, 49.810485395441226 ], [ -97.190937991466612, 49.810306798298463 ], [ -97.191042016527405, 49.8101285011115 ], [ -97.191040299454428, 49.807720750840815 ], [ -97.197757922599109, 49.805376101189751 ], [ -97.208509187688264, 49.801671861445783 ] ] ] } },
{ "type": "Feature", "properties": { "CTUID": "6020500.11", "greenspace_per_capita": 261.34800554811216 }, "geometry": { "type": "Polygon", "coordinates": [ [ [ -97.173811691841792, 49.802360007746053 ], [ -97.175094823680951, 49.802654234476719 ], [ -97.176291321563824, 49.802754045483496 ], [ -97.177410497724722, 49.802599365885825 ], [ -97.178715611908999, 49.802166884928326 ], [ -97.18322120954825, 49.800606095220438 ], [ -97.184433897516385, 49.800140021100496 ], [ -97.185106177365213, 49.799707334349115 ], [ -97.185807123426144, 49.799106832958806 ], [ -97.186822731280444, 49.798279610552591 ], [ -97.187758929236381, 49.797657123824443 ], [ -97.188885545329995, 49.797216167737098 ], [ -97.189139268805377, 49.796975713161672 ], [ -97.194025402464135, 49.795301203737743 ], [ -97.19404446933315, 49.795438367961758 ], [ -97.194046629663021, 49.795447326023314 ], [ -97.194387986663301, 49.796859107984311 ], [ -97.194391091970203, 49.797209187040814 ], [ -97.19435887798808, 49.798883166254662 ], [ -97.194350056883522, 49.799012875683587 ], [ -97.194291864053312, 49.799522331880148 ], [ -97.194290828285631, 49.799531593046417 ], [ -97.194262338078047, 49.799831498475193 ], [ -97.194126539682202, 49.800470111598536 ], [ -97.193935115531801, 49.801000203236185 ], [ -97.19374244366611, 49.80137964512425 ], [ -97.19352681575424, 49.801710250014821 ], [ -97.193239010950208, 49.802078544681066 ], [ -97.192864736287575, 49.80250772264511 ], [ -97.192030174351871, 49.803360093853449 ], [ -97.191723383542893, 49.803712790228559 ], [ -97.19141144826385, 49.804093638729142 ], [ -97.19126496403473, 49.804291899398024 ], [ -97.191039787217107, 49.80468440282079 ], [ -97.190737410065168, 49.805354818142405 ], [ -97.190601226122382, 49.80570872011242 ], [ -97.190400234486106, 49.806512896283039 ], [ -97.190232134255496, 49.807237070808867 ], [ -97.190022130306275, 49.80789662939317 ], [ -97.189838770108366, 49.808353677756621 ], [ -97.189559229195382, 49.808860938728856 ], [ -97.189177941172446, 49.809513609331077 ], [ -97.18910845454559, 49.809781175603874 ], [ -97.189057434891666, 49.809977589167325 ], [ -97.189309502398359, 49.809993487908613 ], [ -97.189371900959841, 49.810001400492759 ], [ -97.189876682269329, 49.810065301187542 ], [ -97.190429116636835, 49.81016389839656 ], [ -97.190937991466612, 49.810306798298463 ], [ -97.191431800122743, 49.810485395441226 ], [ -97.191883184571068, 49.810681291580181 ], [ -97.192291888510184, 49.810903603047763 ], [ -97.192657895384627, 49.811152202055609 ], [ -97.19325011751593, 49.811674108358794 ], [ -97.196268803614615, 49.815415101243772 ], [ -97.196359479423137, 49.815527490823676 ], [ -97.196491207714644, 49.81568090966163 ], [ -97.19650600354359, 49.815700688479168 ], [ -97.196565892030947, 49.815783695834021 ], [ -97.19658538704978, 49.815809813041184 ], [ -97.196825118303494, 49.81609239233692 ], [ -97.19859779638054, 49.818322411723344 ], [ -97.198867501145017, 49.818661696877982 ], [ -97.198910205902294, 49.818715410041648 ], [ -97.199185691883457, 49.819053010266174 ], [ -97.20074970942936, 49.820969510812532 ], [ -97.200984702705739, 49.821257310804931 ], [ -97.201077312963662, 49.821384695969854 ], [ -97.200600012790218, 49.821538498999274 ], [ -97.198454715525287, 49.822366304952119 ], [ -97.195148679640653, 49.823506195646736 ], [ -97.195128515330225, 49.823512204196653 ], [ -97.194725503615018, 49.823630187252611 ], [ -97.194530089726385, 49.823692700162354 ], [ -97.194104407023019, 49.823828202915131 ], [ -97.194075195664922, 49.823837495344101 ], [ -97.188486494917413, 49.825702107809256 ], [ -97.186393395860847, 49.826443411828706 ], [ -97.18473751815354, 49.826988386538929 ], [ -97.183774316907488, 49.827334793506083 ], [ -97.183271584784862, 49.827600897735444 ], [ -97.182848101359809, 49.827820606770807 ], [ -97.182218319293668, 49.828232399540028 ], [ -97.181400480965365, 49.828903188542697 ], [ -97.180331290945361, 49.829974793750118 ], [ -97.180254799761315, 49.830056797437457 ], [ -97.180157516577225, 49.830161002087344 ], [ -97.180116185265774, 49.830065908567185 ], [ -97.180055116306249, 49.829925493634107 ], [ -97.179686814770037, 49.828993300526342 ], [ -97.179520112923683, 49.827137595182087 ], [ -97.1791793906485, 49.822508788315844 ], [ -97.179124596060689, 49.820637007151099 ], [ -97.17915641832019, 49.81831620959079 ], [ -97.179157986440671, 49.818198912185494 ], [ -97.179156602790769, 49.817561210467744 ], [ -97.179147004159347, 49.817075298987383 ], [ -97.178917497190596, 49.81615419961885 ], [ -97.178647289150874, 49.815574193803208 ], [ -97.177986086264411, 49.814673299761822 ], [ -97.17714531570229, 49.813742594102131 ], [ -97.176891804658098, 49.813459792524569 ], [ -97.17673119590863, 49.813295298527464 ], [ -97.176438418465736, 49.812948894157678 ], [ -97.176158908624458, 49.812645728130612 ], [ -97.176127909950083, 49.812612111687201 ], [ -97.175369912148568, 49.811789708220374 ], [ -97.174786694161313, 49.811033912906439 ], [ -97.174378094711358, 49.810442810898088 ], [ -97.17403991506643, 49.809825790269102 ], [ -97.17374732180842, 49.809033064112498 ], [ -97.173699295044898, 49.808902889937691 ], [ -97.173627787658091, 49.808586992156265 ], [ -97.173553581408257, 49.807974098130579 ], [ -97.173530007761514, 49.807412298256516 ], [ -97.173517003751044, 49.807104199062401 ], [ -97.173526895123558, 49.806940199700868 ], [ -97.173520011190163, 49.80640459605825 ], [ -97.173494188615095, 49.804391689887552 ], [ -97.173494099281797, 49.804384196442648 ], [ -97.173333784155048, 49.803841905428726 ], [ -97.173836192074432, 49.803786891078509 ], [ -97.173811691841792, 49.802360007746053 ] ] ] } },
{ "type": "Feature", "properties": { "CTUID": "6020501.01", "greenspace_per_capita": 112.33719965057948 }, "geometry": { "type": "Polygon", "coordinates": [ [ [ -97.157333282056655, 49.807836707581913 ], [ -97.15732946285263, 49.807888935727725 ], [ -97.15720315916667, 49.809612587537409 ], [ -97.157397153782128, 49.810602649157751 ], [ -97.157120743977359, 49.813655442737101 ], [ -97.157025449579791, 49.814707848055434 ], [ -97.157024358884371, 49.814719852603218 ], [ -97.157024038279573, 49.814723257101882 ], [ -97.156694330320107, 49.818402864720845 ], [ -97.156678039712787, 49.818584120762736 ], [ -97.156677467861002, 49.81859146909715 ], [ -97.156669983629072, 49.818674201016748 ], [ -97.15666915387817, 49.818683269816546 ], [ -97.156652049870416, 49.818874654076673 ], [ -97.156603856051802, 49.818877770553129 ], [ -97.156458993431386, 49.818887109145827 ], [ -97.156153201146125, 49.818906393612856 ], [ -97.154882717999214, 49.819048103425615 ], [ -97.154169302204551, 49.819162688556503 ], [ -97.152571807042904, 49.819498262060925 ], [ -97.15240409916575, 49.81953349311113 ], [ -97.152249812429531, 49.819565880349224 ], [ -97.152179186205274, 49.819580701329961 ], [ -97.151547408620203, 49.81974159836173 ], [ -97.150465907651437, 49.820030094551115 ], [ -97.147777808714892, 49.820886702987309 ], [ -97.14692058444534, 49.821124892134392 ], [ -97.14597928326063, 49.821379699760328 ], [ -97.144773401843025, 49.821648192560325 ], [ -97.14404432646694, 49.821817429376935 ], [ -97.143035867496351, 49.822051515558698 ], [ -97.142699173405148, 49.821513294273785 ], [ -97.142215811690065, 49.819832915015674 ], [ -97.141846725759038, 49.817817429501808 ], [ -97.141640306839321, 49.816210656890547 ], [ -97.141083689119569, 49.81502122084057 ], [ -97.140310261437548, 49.814377888648728 ], [ -97.141298514290128, 49.814065019392501 ], [ -97.143307287796006, 49.81345718989563 ], [ -97.142736793930794, 49.812746388283173 ], [ -97.145398205900449, 49.811853502759782 ], [ -97.145511015092055, 49.811810404807602 ], [ -97.151877202911081, 49.809627288822469 ], [ -97.153214018187626, 49.809198909333418 ], [ -97.153622593131914, 49.809052489093098 ], [ -97.153918415842895, 49.808949198057839 ], [ -97.154463587119295, 49.808773302205189 ], [ -97.156768205082471, 49.808030034921366 ], [ -97.157333282056655, 49.807836707581913 ] ] ] } },
{ "type": "Feature", "properties": { "CTUID": "6020100.10", "greenspace_per_capita": 368.36331596072705 }, "geometry": { "type": "Polygon", "coordinates": [ [ [ -97.081228943991491, 49.821652004984962 ], [ -97.08097241399021, 49.821695322805297 ], [ -97.080526289548928, 49.821784164176812 ], [ -97.080130681515996, 49.821862665643785 ], [ -97.079449362244802, 49.821918032467117 ], [ -97.078722568837875, 49.821941320745232 ], [ -97.078189560310861, 49.821975379769214 ], [ -97.07800038221086, 49.821966272101527 ], [ -97.07783653566996, 49.821934772772316 ], [ -97.077640072680936, 49.821847479607058 ], [ -97.077553056359278, 49.821730508460689 ], [ -97.077523119057417, 49.821611435942984 ], [ -97.07757021388953, 49.821527518440412 ], [ -97.077709252551529, 49.821398512863134 ], [ -97.077872833331796, 49.821252871593494 ], [ -97.077926586518458, 49.821139875947672 ], [ -97.077868690679907, 49.821040128645329 ], [ -97.077724256424418, 49.820946814388719 ], [ -97.07738406715292, 49.820760714057208 ], [ -97.077190729200979, 49.820636903446974 ], [ -97.077062738596851, 49.820561356018374 ], [ -97.07703429016334, 49.820453684206626 ], [ -97.077068884170927, 49.820396906138967 ], [ -97.077184692568437, 49.820332685627505 ], [ -97.077381688006469, 49.820275295417957 ], [ -97.077618076369845, 49.820248388558014 ], [ -97.077869268114043, 49.820221625414796 ], [ -97.07803999323589, 49.820182693367208 ], [ -97.078237010948044, 49.820122973296677 ], [ -97.07840241000595, 49.820048696262624 ], [ -97.07847708272584, 49.819937458951443 ], [ -97.078510390035376, 49.819756596168972 ], [ -97.078469285088062, 49.819584496215469 ], [ -97.07839369576601, 49.819443883524883 ], [ -97.078299482674666, 49.819319617848024 ], [ -97.078180423071203, 49.819244528561541 ], [ -97.078084803707014, 49.819225667832647 ], [ -97.077996248098259, 49.819274428458954 ], [ -97.077873975140761, 49.819407326224201 ], [ -97.077853319566046, 49.819582733235606 ], [ -97.077702280284683, 49.819768893603076 ], [ -97.077519049948918, 49.819864825949679 ], [ -97.077379613090073, 49.819874146483357 ], [ -97.077163638019996, 49.819844304174758 ], [ -97.076982786628434, 49.819767841932915 ], [ -97.076859041444266, 49.819691086661052 ], [ -97.076799997806177, 49.819633904864268 ], [ -97.076768645483867, 49.81956002403281 ], [ -97.07676619902314, 49.819554285063134 ], [ -97.076795088856727, 49.819501998625796 ], [ -97.076906094257751, 49.819466706022062 ], [ -97.077205932230811, 49.819473478824072 ], [ -97.077351421221167, 49.819430303988405 ], [ -97.077468202281523, 49.819358973308432 ], [ -97.077561043111132, 49.819239119006582 ], [ -97.077588784099873, 49.819142837716349 ], [ -97.077581140009812, 49.81903600040507 ], [ -97.077505474821038, 49.818941360362253 ], [ -97.077337092701285, 49.81892062481441 ], [ -97.077197056756191, 49.818972119428103 ], [ -97.07704026254288, 49.81904270540236 ], [ -97.076880527949385, 49.819090437045212 ], [ -97.076509282484494, 49.818987581407427 ], [ -97.076262100393663, 49.818894397607814 ], [ -97.076218165657224, 49.818804793605295 ], [ -97.076330201422508, 49.818719367410665 ], [ -97.07657279568221, 49.818706482226894 ], [ -97.076739568722786, 49.818690927637171 ], [ -97.076881373092519, 49.818653688839731 ], [ -97.07700300434449, 49.818585953470091 ], [ -97.076968769765983, 49.818446840911143 ], [ -97.076951158657778, 49.818399687663906 ], [ -97.076868174337378, 49.818336151002249 ], [ -97.076743903376951, 49.818282615305868 ], [ -97.076605380414406, 49.818229810639366 ], [ -97.076549897855145, 49.818189969063219 ], [ -97.07647748980061, 49.818111521370547 ], [ -97.076440547057047, 49.817891836316157 ], [ -97.076426712231807, 49.817642639704822 ], [ -97.076586846751212, 49.81743779821096 ], [ -97.0766805767595, 49.817275523435725 ], [ -97.076739969955767, 49.817166056727679 ], [ -97.076768850662845, 49.816851378627788 ], [ -97.076771958203949, 49.816683136662427 ], [ -97.076705096465105, 49.816567449704266 ], [ -97.076665231602362, 49.816507078207529 ], [ -97.076580047184521, 49.816480966099945 ], [ -97.076526440415734, 49.816445497980503 ], [ -97.076443598192924, 49.816431231745796 ], [ -97.076258977251925, 49.816454688892421 ], [ -97.076148663039902, 49.816538833925193 ], [ -97.076074264350183, 49.816626086945895 ], [ -97.075900403303763, 49.816918318641129 ], [ -97.07580997708574, 49.817211858665942 ], [ -97.075753071005195, 49.817428202427514 ], [ -97.075590172597487, 49.817561831961633 ], [ -97.075459335472033, 49.817624081973022 ], [ -97.075283611119815, 49.81764778853033 ], [ -97.075135961183349, 49.81764774364428 ], [ -97.075057390278204, 49.817614556801736 ], [ -97.075015928352286, 49.817559853762397 ], [ -97.074974442168795, 49.817507478871207 ], [ -97.074955366280534, 49.817344163746192 ], [ -97.074945957436171, 49.81712128490512 ], [ -97.074979270067018, 49.817007464862471 ], [ -97.075059820565016, 49.81692490170996 ], [ -97.075333153995075, 49.816743034106686 ], [ -97.075392941108902, 49.816689573158968 ], [ -97.075358283212239, 49.816608810313426 ], [ -97.075274503283481, 49.816508395861646 ], [ -97.075027857809417, 49.816325107184277 ], [ -97.074633180456829, 49.816143111597647 ], [ -97.074417880474144, 49.816073362285778 ], [ -97.074176888577028, 49.816037319812324 ], [ -97.073689828641719, 49.815945672773402 ], [ -97.073487777636814, 49.815925245374693 ], [ -97.073341081778565, 49.815975846808392 ], [ -97.073320285247632, 49.816061725482101 ], [ -97.073443847065505, 49.816200516397444 ], [ -97.073589730383247, 49.816449164635486 ], [ -97.073630979787211, 49.816686872988804 ], [ -97.073536891866709, 49.816829074469226 ], [ -97.073381610008511, 49.816970180914794 ], [ -97.073228200383738, 49.817047276863747 ], [ -97.07308112016274, 49.8170428811611 ], [ -97.072991414461242, 49.817000950679542 ], [ -97.072847020434281, 49.816895142359577 ], [ -97.072305024221251, 49.816296747063269 ], [ -97.071890144293576, 49.816040372042671 ], [ -97.071476754889474, 49.815764190276724 ], [ -97.071399279973349, 49.815666773959776 ], [ -97.07143379286272, 49.815576858863622 ], [ -97.071544035562283, 49.815337316932144 ], [ -97.07154868063698, 49.815210671708186 ], [ -97.071494490326614, 49.815051703406162 ], [ -97.071319874718938, 49.814841653055012 ], [ -97.071224616393664, 49.814638896436932 ], [ -97.071183014728774, 49.814380628856732 ], [ -97.071202174228205, 49.814298199171468 ], [ -97.071242126457776, 49.814222835857251 ], [ -97.071353855839817, 49.814210676075042 ], [ -97.071476840643243, 49.814262733831484 ], [ -97.071680595095756, 49.814383050285301 ], [ -97.071887523316022, 49.814422482947968 ], [ -97.072199347716293, 49.814435871778869 ], [ -97.072347657221684, 49.81440307717974 ], [ -97.072440881361445, 49.814321524746568 ], [ -97.072592122664474, 49.81416026255242 ], [ -97.072689099659826, 49.813944433827423 ], [ -97.072721373791254, 49.81367363639314 ], [ -97.072704106148294, 49.813549085542562 ], [ -97.072669002783968, 49.81338910552838 ], [ -97.072621309357316, 49.813223097831127 ], [ -97.072528989413001, 49.813148498585662 ], [ -97.072445440628599, 49.813096443363058 ], [ -97.072385642013984, 49.813072264383763 ], [ -97.072241620693433, 49.813088104309706 ], [ -97.071966932229202, 49.813123961064129 ], [ -97.071970764912564, 49.813027168931946 ], [ -97.071972115455722, 49.812993694524685 ], [ -97.071995590775913, 49.80995369570639 ], [ -97.072029489394296, 49.809801301409372 ], [ -97.072174786802876, 49.809641804900018 ], [ -97.074292080617639, 49.811743193007679 ], [ -97.074537096877961, 49.812140399768424 ], [ -97.07578830126981, 49.813433488378976 ], [ -97.075882604400704, 49.813530911865882 ], [ -97.07603968833628, 49.813480401018523 ], [ -97.076504884475241, 49.813324612480137 ], [ -97.077180780329002, 49.813098190237753 ], [ -97.077524098073994, 49.812965288795432 ], [ -97.077604307158822, 49.812934294424267 ], [ -97.077893292726358, 49.812779407170169 ], [ -97.078274702824984, 49.812504688101946 ], [ -97.078463092133916, 49.812309900826364 ], [ -97.078728805266138, 49.811918497705598 ], [ -97.078961713989756, 49.811199411205678 ], [ -97.078989796037789, 49.81111249849809 ], [ -97.079121680571262, 49.811124491315084 ], [ -97.079464020040149, 49.81115559820104 ], [ -97.079606408499203, 49.811168505719706 ], [ -97.080134704065017, 49.811168293040048 ], [ -97.08029841644796, 49.811139889468095 ], [ -97.08075050796964, 49.811061510059034 ], [ -97.081388400527672, 49.81086220770095 ], [ -97.082356789809012, 49.810512411085227 ], [ -97.082521449561995, 49.810458151352869 ], [ -97.083370795990433, 49.810178404735311 ], [ -97.083693209034877, 49.810111795620699 ], [ -97.084093891404734, 49.810068193532622 ], [ -97.084667298815589, 49.810082903495655 ], [ -97.085551410302443, 49.810223400541986 ], [ -97.086693516008268, 49.810447988405521 ], [ -97.087166694038388, 49.810501990983973 ], [ -97.087444502670905, 49.810506592358166 ], [ -97.088186107036861, 49.810383912068517 ], [ -97.088500731632436, 49.810277447109883 ], [ -97.089510614805349, 49.809928986868719 ], [ -97.090560731241894, 49.809542668487353 ], [ -97.091470796156273, 49.809214706348335 ], [ -97.091563581680305, 49.80917529970322 ], [ -97.092043384417551, 49.808971808929698 ], [ -97.092389610052848, 49.80882499564467 ], [ -97.092442019201741, 49.808906899921467 ], [ -97.092629202420142, 49.809180489825295 ], [ -97.093098696081753, 49.809866399524033 ], [ -97.093270084044022, 49.810116890627768 ], [ -97.093522401003213, 49.810417801316923 ], [ -97.093533386976958, 49.810489994772631 ], [ -97.093812087289493, 49.810827401171473 ], [ -97.094477093616732, 49.811681101804275 ], [ -97.094640785563939, 49.811891412178142 ], [ -97.094863097095995, 49.812145393612241 ], [ -97.095337605474441, 49.812687493362127 ], [ -97.095486189197189, 49.812797906596131 ], [ -97.096538694551441, 49.814053403485225 ], [ -97.096602519777477, 49.814210711116957 ], [ -97.096869214411072, 49.814676192894872 ], [ -97.097081412537605, 49.815005199533346 ], [ -97.097787202178694, 49.815884387057082 ], [ -97.097586496054987, 49.815953704101204 ], [ -97.09740338650407, 49.816001501979713 ], [ -97.096149717294395, 49.816433809077026 ], [ -97.095120392645484, 49.816803698103399 ], [ -97.094051865501456, 49.817151723815861 ], [ -97.093215844526625, 49.817420979253029 ], [ -97.092227038767106, 49.817740691254585 ], [ -97.091865459458234, 49.817765875061539 ], [ -97.091092967501638, 49.817825795405255 ], [ -97.090596992014611, 49.817882281164458 ], [ -97.090129660393018, 49.818013484037671 ], [ -97.08920729597051, 49.818320499307788 ], [ -97.088106177617632, 49.8187302529373 ], [ -97.086978616728473, 49.819094992033833 ], [ -97.085983474088948, 49.819446595772426 ], [ -97.085652286204862, 49.819643105699456 ], [ -97.085159384428565, 49.820018910023116 ], [ -97.084741787407083, 49.820518505247193 ], [ -97.084490714775811, 49.820778591856957 ], [ -97.084408391736957, 49.820863792501783 ], [ -97.084205684677571, 49.821067398815615 ], [ -97.083862020531967, 49.821322506586803 ], [ -97.083291199219317, 49.821535399083722 ], [ -97.082676598728696, 49.8217377921492 ], [ -97.082576984371727, 49.821770598397222 ], [ -97.082331118688941, 49.821853194777532 ], [ -97.082172208024929, 49.82189990895062 ], [ -97.081792711779968, 49.822005199214409 ], [ -97.081462212727217, 49.8220969983809 ], [ -97.081407046170298, 49.822113530657596 ], [ -97.081475018468353, 49.82200872207212 ], [ -97.081530293687692, 49.821938613168498 ], [ -97.081555434672097, 49.821856842844682 ], [ -97.081537320126372, 49.821784068475523 ], [ -97.081482509394178, 49.821725681056293 ], [ -97.081391826564811, 49.821675896989525 ], [ -97.081228943991491, 49.821652004984962 ] ] ] } },
{ "type": "Feature", "properties": { "CTUID": "6020100.05", "greenspace_per_capita": 368.58316586419841 }, "geometry": { "type": "Polygon", "coordinates": [ [ [ -97.097081412537605, 49.815005199533346 ], [ -97.096869214411072, 49.814676192894872 ], [ -97.096602519777477, 49.814210711116957 ], [ -97.096538694551441, 49.814053403485225 ], [ -97.095486189197189, 49.812797906596131 ], [ -97.095337605474441, 49.812687493362127 ], [ -97.094863097095995, 49.812145393612241 ], [ -97.094640785563939, 49.811891412178142 ], [ -97.094727218031366, 49.811861389959866 ], [ -97.095106787673473, 49.81173220532694 ], [ -97.100591889951545, 49.809850311336533 ], [ -97.105135638072042, 49.808293321681816 ], [ -97.106579514214545, 49.807798505147062 ], [ -97.107508691046931, 49.808920100373257 ], [ -97.108052989534954, 49.809576590143479 ], [ -97.108702102778167, 49.810396797690615 ], [ -97.109246810240435, 49.811044292923732 ], [ -97.109453979111962, 49.811364854638121 ], [ -97.109467482472382, 49.81144371324249 ], [ -97.109525394716158, 49.8117414875694 ], [ -97.109442981639432, 49.812073006521331 ], [ -97.109222697219082, 49.8123752081598 ], [ -97.108818295199157, 49.812764401595899 ], [ -97.108039691480542, 49.813480307749153 ], [ -97.10724691999755, 49.814205005979709 ], [ -97.109053414286336, 49.81493610066218 ], [ -97.109232182827199, 49.814983994573701 ], [ -97.10938360688489, 49.815022387412469 ], [ -97.110160610171093, 49.815062111360525 ], [ -97.110465909808937, 49.815076090555372 ], [ -97.111093487901968, 49.815023297989086 ], [ -97.111425586543234, 49.815013088768659 ], [ -97.111673716249925, 49.814963001824452 ], [ -97.11173662292309, 49.814964989604469 ], [ -97.111837284173959, 49.814968190087924 ], [ -97.111990314893617, 49.81501569749971 ], [ -97.11208800636949, 49.815123898729851 ], [ -97.112198214260076, 49.815338211891358 ], [ -97.112227322927637, 49.815503523667509 ], [ -97.112365002155428, 49.816285387409373 ], [ -97.112571693993701, 49.817404101675947 ], [ -97.112765582732564, 49.818495710777917 ], [ -97.112827581219634, 49.818837719227169 ], [ -97.112902883462695, 49.819253506046785 ], [ -97.113064198931966, 49.820110700322992 ], [ -97.113100614468991, 49.820246200551075 ], [ -97.112601596902707, 49.820418793365256 ], [ -97.11205781257334, 49.82060698969525 ], [ -97.111903601305642, 49.820640497136019 ], [ -97.110902683488263, 49.82099300934982 ], [ -97.109310913443707, 49.821524701551709 ], [ -97.108647582497639, 49.82175649948929 ], [ -97.106801914002361, 49.822401286908303 ], [ -97.104348802974499, 49.823269701699637 ], [ -97.105186608174961, 49.824245897507986 ], [ -97.102641607754535, 49.825088406397299 ], [ -97.102467891540883, 49.825145899133979 ], [ -97.101923802106199, 49.824480301511215 ], [ -97.100557085945297, 49.822811790818527 ], [ -97.100252282086942, 49.822429002517303 ], [ -97.100013803337092, 49.822128204774401 ], [ -97.099423114835204, 49.821430599956464 ], [ -97.099263897678355, 49.821186591877641 ], [ -97.099113371753646, 49.820878749304839 ], [ -97.09910819006133, 49.820868192417926 ], [ -97.099030401073676, 49.820620590715961 ], [ -97.099015981510149, 49.82053722741675 ], [ -97.098963194164497, 49.820231488755539 ], [ -97.098952609572791, 49.819930790334539 ], [ -97.09902689735992, 49.819499599234014 ], [ -97.099182482838174, 49.818859403906636 ], [ -97.099221390427758, 49.818526902274122 ], [ -97.099252701273215, 49.818259908869464 ], [ -97.099193103206304, 49.817999808053713 ], [ -97.099044588715273, 49.817547100983681 ], [ -97.098828806103583, 49.817165102032583 ], [ -97.09795359785106, 49.816088993861626 ], [ -97.097787202178694, 49.815884387057082 ], [ -97.097081412537605, 49.815005199533346 ] ] ] } },
{ "type": "Feature", "properties": { "CTUID": "6020110.08", "greenspace_per_capita": 549.38151928926618 }, "geometry": { "type": "Polygon", "coordinates": [ [ [ -97.026354524140459, 49.798684041894042 ], [ -97.026336321090653, 49.79857885689249 ], [ -97.026163178237709, 49.797578656185479 ], [ -97.026498068255762, 49.797581739257126 ], [ -97.028195505636901, 49.797597323351781 ], [ -97.0291953010844, 49.797606520727165 ], [ -97.031374726247464, 49.797626476440392 ], [ -97.031842426097171, 49.79762399305082 ], [ -97.03711512163936, 49.797595931395158 ], [ -97.037685733507729, 49.797350991568408 ], [ -97.037699316018461, 49.797351024895519 ], [ -97.039060136206629, 49.79694431965418 ], [ -97.039060136212569, 49.796944319652404 ], [ -97.039254098816784, 49.797053699332878 ], [ -97.039692306236134, 49.79721409600689 ], [ -97.040146586724362, 49.797320699998714 ], [ -97.040584405475201, 49.797490006447731 ], [ -97.041037618338663, 49.797623599865254 ], [ -97.041475908413204, 49.797783907678358 ], [ -97.041856695197069, 49.797988300601673 ], [ -97.042180197686207, 49.798236612751417 ], [ -97.042606091475065, 49.798702589251192 ], [ -97.042660915872418, 49.798885720582973 ], [ -97.042838809767602, 49.79948011186913 ], [ -97.042944209385425, 49.799967610086256 ], [ -97.04300760168789, 49.800463401883334 ], [ -97.043028121120045, 49.801555240399146 ], [ -97.043057617008898, 49.803124011207771 ], [ -97.043060338188184, 49.803269851830102 ], [ -97.043073891020398, 49.803990708773227 ], [ -97.043434492966313, 49.809178000797829 ], [ -97.043588311526491, 49.810880708090053 ], [ -97.043680200188732, 49.811358987091374 ], [ -97.043814194863103, 49.811828994788073 ], [ -97.043941610896923, 49.812142529246124 ], [ -97.043261325603936, 49.812323496323614 ], [ -97.042476127938897, 49.812286086863097 ], [ -97.039964253541001, 49.812107196490579 ], [ -97.03821191802524, 49.812109879051107 ], [ -97.038910325254378, 49.817848697733325 ], [ -97.03898516956167, 49.818237662969388 ], [ -97.03901397724745, 49.818387383321515 ], [ -97.038626215258915, 49.81852140142643 ], [ -97.038502693367263, 49.818564108340574 ], [ -97.038553491014866, 49.81888875372568 ], [ -97.038722887383699, 49.819253086905761 ], [ -97.039302048960849, 49.819253855582168 ], [ -97.039983525709616, 49.81925480903903 ], [ -97.042007761564889, 49.819260050909904 ], [ -97.044452986187764, 49.819471804451148 ], [ -97.047315285252395, 49.819471010763941 ], [ -97.048329502819229, 49.819488096713691 ], [ -97.048329915959783, 49.819488204155945 ], [ -97.049194212016332, 49.819564493798865 ], [ -97.049529412369978, 49.819553013879066 ], [ -97.049648781287075, 49.819882671210927 ], [ -97.049300708032774, 49.819864996754269 ], [ -97.049329134131753, 49.819945217390156 ], [ -97.049451200066855, 49.820289598610238 ], [ -97.049575483456579, 49.821002300832049 ], [ -97.049614406306446, 49.822109386897495 ], [ -97.049614403561847, 49.822135007949356 ], [ -97.049614426519298, 49.822188058308704 ], [ -97.04961539850828, 49.82437698757176 ], [ -97.049615875620461, 49.825407755003745 ], [ -97.049616113854029, 49.825869002003671 ], [ -97.049616083086221, 49.825869391438097 ], [ -97.049626301774651, 49.826652200874072 ], [ -97.049626715200304, 49.827335811354466 ], [ -97.049647072711579, 49.828315433908628 ], [ -97.049648455610111, 49.828452387895659 ], [ -97.049597492537899, 49.829464790523524 ], [ -97.049585172780155, 49.831278450927059 ], [ -97.049584518243634, 49.831379007506328 ], [ -97.049580915851422, 49.831900707971421 ], [ -97.049568492520066, 49.833714208306105 ], [ -97.049567810298527, 49.833846206460024 ], [ -97.049560881532557, 49.83553829910884 ], [ -97.049542101857512, 49.836483406705817 ], [ -97.049520095499943, 49.837588497472154 ], [ -97.049489415307889, 49.840079705811554 ], [ -97.04948251817261, 49.84025050771568 ], [ -97.026866716840033, 49.839753935873397 ], [ -97.026854141721415, 49.838333614953342 ], [ -97.026842998269714, 49.837078589245124 ], [ -97.026835949816245, 49.830171216875371 ], [ -97.026832500851015, 49.826784006651721 ], [ -97.026828501447667, 49.82291199406248 ], [ -97.026828317664993, 49.822749001202432 ], [ -97.026831193408611, 49.822335307381501 ], [ -97.026823194529698, 49.822191210723041 ], [ -97.026824952998751, 49.821879281431052 ], [ -97.026825412340628, 49.82179549416901 ], [ -97.02682499037617, 49.821725998182146 ], [ -97.026797318498254, 49.817360406899148 ], [ -97.026703698287434, 49.812141489284727 ], [ -97.026619301193634, 49.809432499051546 ], [ -97.026589697625184, 49.806058804671892 ], [ -97.026354524141013, 49.79868404189947 ], [ -97.02635452414053, 49.79868404189677 ], [ -97.026354524140459, 49.798684041894042 ] ] ] } },
{ "type": "Feature", "properties": { "CTUID": "6020501.02", "greenspace_per_capita": 399.01869364363046 }, "geometry": { "type": "Polygon", "coordinates": [ [ [ -97.165489994177051, 49.802116109193847 ], [ -97.165499694427936, 49.802015109870659 ], [ -97.165514811484357, 49.801856392453175 ], [ -97.165650381873405, 49.801859407680141 ], [ -97.165652110897966, 49.801859495221677 ], [ -97.165854597981834, 49.801867503452641 ], [ -97.16941430917413, 49.802008010914442 ], [ -97.170173010765069, 49.80207311164758 ], [ -97.170314708211691, 49.802085200588195 ], [ -97.170428588806331, 49.802104301385988 ], [ -97.170987819695725, 49.801924911543892 ], [ -97.172258481710315, 49.801765094478419 ], [ -97.172698216608978, 49.801529098424268 ], [ -97.17326599265553, 49.800845509268562 ], [ -97.173809002273515, 49.800818107814436 ], [ -97.17380988800312, 49.80208109381482 ], [ -97.173811691841792, 49.802360007746053 ], [ -97.173836192074432, 49.803786891078509 ], [ -97.173333784155048, 49.803841905428726 ], [ -97.173494099281797, 49.804384196442648 ], [ -97.173494188615095, 49.804391689887552 ], [ -97.173520011190163, 49.80640459605825 ], [ -97.173526895123558, 49.806940199700868 ], [ -97.173517003751044, 49.807104199062401 ], [ -97.173530007761514, 49.807412298256516 ], [ -97.173553581408257, 49.807974098130579 ], [ -97.173627787658091, 49.808586992156265 ], [ -97.173699295044898, 49.808902889937691 ], [ -97.17374732180842, 49.809033064112498 ], [ -97.17403991506643, 49.809825790269102 ], [ -97.174378094711358, 49.810442810898088 ], [ -97.174786694161313, 49.811033912906439 ], [ -97.175369912148568, 49.811789708220374 ], [ -97.176127909950083, 49.812612111687201 ], [ -97.176158908624458, 49.812645728130612 ], [ -97.176438418465736, 49.812948894157678 ], [ -97.17673119590863, 49.813295298527464 ], [ -97.176891804658098, 49.813459792524569 ], [ -97.17714531570229, 49.813742594102131 ], [ -97.177986086264411, 49.814673299761822 ], [ -97.178647289150874, 49.815574193803208 ], [ -97.178917497190596, 49.81615419961885 ], [ -97.179147004159347, 49.817075298987383 ], [ -97.179156602790769, 49.817561210467744 ], [ -97.179157986440671, 49.818198912185494 ], [ -97.17915641832019, 49.81831620959079 ], [ -97.179124596060689, 49.820637007151099 ], [ -97.1791793906485, 49.822508788315844 ], [ -97.179520112923683, 49.827137595182087 ], [ -97.179686814770037, 49.828993300526342 ], [ -97.180055116306249, 49.829925493634107 ], [ -97.180116185265774, 49.830065908567185 ], [ -97.180157516577225, 49.830161002087344 ], [ -97.179188913825854, 49.831144193082928 ], [ -97.176780404857737, 49.833436100344954 ], [ -97.175187207327937, 49.834382489225504 ], [ -97.172604514325855, 49.83538518725031 ], [ -97.1683367058437, 49.836810990244956 ], [ -97.164322713195546, 49.838141698498433 ], [ -97.160265319978265, 49.8395075983467 ], [ -97.157700986015442, 49.840375412036195 ], [ -97.157178112577029, 49.840542286094433 ], [ -97.154954593190709, 49.841312210177826 ], [ -97.154641651003615, 49.841367294403142 ], [ -97.154608146252016, 49.841373211512121 ], [ -97.154619752464839, 49.841230853689353 ], [ -97.154620705574217, 49.841219941611463 ], [ -97.15464794510784, 49.840905969697118 ], [ -97.154666133159452, 49.840708566021995 ], [ -97.154754744459524, 49.839747869899057 ], [ -97.154842954539745, 49.838791852891504 ], [ -97.154843838043604, 49.83878195313666 ], [ -97.154843897609496, 49.838779932953123 ], [ -97.154843940632063, 49.838777474064457 ], [ -97.15517996244823, 49.83505935242286 ], [ -97.15518035945334, 49.835054366228931 ], [ -97.155181001283125, 49.835047246457563 ], [ -97.155322741232936, 49.833504971537806 ], [ -97.155509961781249, 49.831326653677124 ], [ -97.155590932599438, 49.830477949181699 ], [ -97.155594630571315, 49.830437152913994 ], [ -97.155595722100685, 49.830425147718792 ], [ -97.155676139531053, 49.829536809586216 ], [ -97.155710841683415, 49.829153070623242 ], [ -97.155802838833068, 49.828259405663317 ], [ -97.155854149116976, 49.827761050763215 ], [ -97.155881032300243, 49.827419650767311 ], [ -97.156081264018709, 49.82521406643508 ], [ -97.156371543397, 49.822016956512002 ], [ -97.156396561436097, 49.821725050542746 ], [ -97.156398035995451, 49.821707957026341 ], [ -97.15664426472965, 49.818961254977616 ], [ -97.156651253182275, 49.818883669385265 ], [ -97.156652049870416, 49.818874654076673 ], [ -97.15666915387817, 49.818683269816546 ], [ -97.156669983629072, 49.818674201016748 ], [ -97.156677467861002, 49.81859146909715 ], [ -97.156678039712787, 49.818584120762736 ], [ -97.156694330320107, 49.818402864720845 ], [ -97.157024038279573, 49.814723257101882 ], [ -97.157024358884371, 49.814719852603218 ], [ -97.157025449579791, 49.814707848055434 ], [ -97.157120743977359, 49.813655442737101 ], [ -97.157397153782128, 49.810602649157751 ], [ -97.15720315916667, 49.809612587537409 ], [ -97.15732946285263, 49.807888935727725 ], [ -97.157333282056655, 49.807836707581913 ], [ -97.158916903706697, 49.807316612643895 ], [ -97.160962216974355, 49.806613092979696 ], [ -97.162796515676746, 49.805984790556494 ], [ -97.163890710749413, 49.805622807435867 ], [ -97.164279416163907, 49.805454195592937 ], [ -97.164552304308899, 49.805295511533622 ], [ -97.164764801563862, 49.805131996964285 ], [ -97.164994910426955, 49.804905889807834 ], [ -97.165140803343292, 49.804737389347054 ], [ -97.165286283899533, 49.804498195177793 ], [ -97.165370698547932, 49.804193188308851 ], [ -97.16546518388833, 49.803168898214949 ], [ -97.165403404323001, 49.802753193092244 ], [ -97.165489994177051, 49.802116109193847 ] ] ] } },
{ "type": "Feature", "properties": { "CTUID": "6020101.02", "greenspace_per_capita": 738.89178663863254 }, "geometry": { "type": "Polygon", "coordinates": [ [ [ -97.118762881140142, 49.81642992236754 ], [ -97.120063250921561, 49.816690297626373 ], [ -97.121453556233874, 49.816851750148857 ], [ -97.122905880060216, 49.816802705232249 ], [ -97.125265400136115, 49.816169196778027 ], [ -97.126721403534958, 49.815386037606821 ], [ -97.128332004904948, 49.814668793246362 ], [ -97.130311064302518, 49.81365405804771 ], [ -97.13307528892696, 49.812879876569703 ], [ -97.135618403745752, 49.812835167437491 ], [ -97.137735049551196, 49.813227058268559 ], [ -97.139362468723846, 49.813779867454372 ], [ -97.140310261437548, 49.814377888648728 ], [ -97.141083689119569, 49.81502122084057 ], [ -97.141640306839321, 49.816210656890547 ], [ -97.141846725759038, 49.817817429501808 ], [ -97.142215811690065, 49.819832915015674 ], [ -97.142699173405148, 49.821513294273785 ], [ -97.143035867496351, 49.822051515558698 ], [ -97.141903635138135, 49.822314303404035 ], [ -97.141671442561616, 49.822368187112176 ], [ -97.141112090643716, 49.822497995559736 ], [ -97.138907807962894, 49.823022397090682 ], [ -97.13820748814247, 49.823189008988649 ], [ -97.138080705072142, 49.823231892460029 ], [ -97.13748830820802, 49.823435388469676 ], [ -97.125300297424587, 49.827622405094694 ], [ -97.118514116107647, 49.829428290288703 ], [ -97.115469494192595, 49.830485296612132 ], [ -97.115088616351372, 49.830623010066361 ], [ -97.115003898436015, 49.830650709614893 ], [ -97.114905496340896, 49.830682993744013 ], [ -97.114902911489125, 49.83058898834355 ], [ -97.114899700014675, 49.830476011946203 ], [ -97.114848016974676, 49.830016410654046 ], [ -97.114828286793852, 49.829792669921034 ], [ -97.114780503447847, 49.829250689474875 ], [ -97.114525481334638, 49.82758250654323 ], [ -97.114470020417016, 49.827221805410979 ], [ -97.114382616501871, 49.826608699047689 ], [ -97.114064794449277, 49.824768510468978 ], [ -97.114043003119662, 49.824615212547734 ], [ -97.113855597171806, 49.823712704170511 ], [ -97.113714384379591, 49.823053694083136 ], [ -97.113642900402809, 49.822746705244818 ], [ -97.113361584882682, 49.821401897097012 ], [ -97.113267910593493, 49.82095060746137 ], [ -97.113174701049374, 49.820558296108445 ], [ -97.113100614468991, 49.820246200551075 ], [ -97.113270202507891, 49.820176989529273 ], [ -97.113595142916296, 49.820063839127542 ], [ -97.113763481833715, 49.820005191382755 ], [ -97.113949013336168, 49.81988219995641 ], [ -97.11533021170645, 49.819400997790879 ], [ -97.116569219422175, 49.818998411295233 ], [ -97.118329702702653, 49.818415288906827 ], [ -97.119568983215956, 49.818003702211463 ], [ -97.119113271482888, 49.817394828443675 ], [ -97.118762881140142, 49.81642992236754 ] ] ] } },
{ "type": "Feature", "properties": { "CTUID": "6020100.07", "greenspace_per_capita": 413.67513682512856 }, "geometry": { "type": "Polygon", "coordinates": [ [ [ -97.084301982646465, 49.82901897484124 ], [ -97.084142673511195, 49.829084458358984 ], [ -97.084036153705867, 49.829047022279759 ], [ -97.083869627677757, 49.828960109816975 ], [ -97.083736970067804, 49.828877394542481 ], [ -97.083664270075943, 49.828771116803544 ], [ -97.083566053533644, 49.828682950186057 ], [ -97.083390725867289, 49.828570158638634 ], [ -97.083017448580065, 49.828487050936545 ], [ -97.082406279394604, 49.828498007794799 ], [ -97.082060391347014, 49.828426600803681 ], [ -97.081801263285044, 49.828430602644239 ], [ -97.081436825710838, 49.828427429044559 ], [ -97.081357476746859, 49.828356227097672 ], [ -97.081371339466102, 49.828305201856722 ], [ -97.08139546689705, 49.828276461155475 ], [ -97.081561134752377, 49.828211316572478 ], [ -97.081855906111315, 49.828171705341411 ], [ -97.081960996146776, 49.828087803363587 ], [ -97.082022986923135, 49.827963841661777 ], [ -97.081913774087283, 49.827873388581544 ], [ -97.081729521293127, 49.827804169850332 ], [ -97.081615632073422, 49.827711819156214 ], [ -97.081577704597223, 49.827552938637218 ], [ -97.081689024208231, 49.827432818996854 ], [ -97.081965200887851, 49.827308227355559 ], [ -97.082201773888144, 49.827151275496476 ], [ -97.082278375300575, 49.82701146363344 ], [ -97.082231015712239, 49.826874622415183 ], [ -97.082066963691233, 49.826841691420512 ], [ -97.081916999733849, 49.826876242825463 ], [ -97.081555609908804, 49.827011801940785 ], [ -97.081187956257423, 49.827062189815713 ], [ -97.080996274536162, 49.827022865682849 ], [ -97.080829774199231, 49.826909601790369 ], [ -97.080735935901131, 49.826826242513221 ], [ -97.080597284356173, 49.826705034482451 ], [ -97.080551258447173, 49.826543714895294 ], [ -97.080621534920766, 49.826362562740648 ], [ -97.080805760417064, 49.826222048366581 ], [ -97.080974729026437, 49.825987534345451 ], [ -97.0812068053921, 49.825690742176775 ], [ -97.081509020387514, 49.825255206642233 ], [ -97.081831887433069, 49.82492126830244 ], [ -97.082051960576479, 49.824617226982546 ], [ -97.082354110626454, 49.824295195938795 ], [ -97.082530582594842, 49.824119876460259 ], [ -97.082601753204116, 49.823945863857617 ], [ -97.08258780888761, 49.823783564638127 ], [ -97.082527430347241, 49.823614375031632 ], [ -97.082315704223888, 49.823512155718191 ], [ -97.082050645905213, 49.823505409245875 ], [ -97.081756326755212, 49.823590476734324 ], [ -97.081145895176803, 49.823794835685732 ], [ -97.080705834383792, 49.823946078729314 ], [ -97.08048403533347, 49.82394830125142 ], [ -97.080269604468896, 49.82391664973909 ], [ -97.080150709281142, 49.823854634499007 ], [ -97.080102564901182, 49.82378234365865 ], [ -97.080083752507818, 49.823754101732945 ], [ -97.080121897275333, 49.823661091631514 ], [ -97.080584573914209, 49.823362233858674 ], [ -97.080830087139972, 49.823104003801646 ], [ -97.08107756253591, 49.822768104802194 ], [ -97.081407046170298, 49.822113530657596 ], [ -97.081462212727217, 49.8220969983809 ], [ -97.081792711779968, 49.822005199214409 ], [ -97.082172208024929, 49.82189990895062 ], [ -97.082331118688941, 49.821853194777532 ], [ -97.082576984371727, 49.821770598397222 ], [ -97.082676598728696, 49.8217377921492 ], [ -97.083291199219317, 49.821535399083722 ], [ -97.083862020531967, 49.821322506586803 ], [ -97.084205684677571, 49.821067398815615 ], [ -97.084408391736957, 49.820863792501783 ], [ -97.084490714775811, 49.820778591856957 ], [ -97.084741787407083, 49.820518505247193 ], [ -97.085159384428565, 49.820018910023116 ], [ -97.085652286204862, 49.819643105699456 ], [ -97.085983474088948, 49.819446595772426 ], [ -97.086978616728473, 49.819094992033833 ], [ -97.088106177617632, 49.8187302529373 ], [ -97.08920729597051, 49.818320499307788 ], [ -97.090129660393018, 49.818013484037671 ], [ -97.090596992014611, 49.817882281164458 ], [ -97.091092967501638, 49.817825795405255 ], [ -97.091865459458234, 49.817765875061539 ], [ -97.092227038767106, 49.817740691254585 ], [ -97.093215844526625, 49.817420979253029 ], [ -97.094051865501456, 49.817151723815861 ], [ -97.095120392645484, 49.816803698103399 ], [ -97.096149717294395, 49.816433809077026 ], [ -97.09740338650407, 49.816001501979713 ], [ -97.097586496054987, 49.815953704101204 ], [ -97.097787202178694, 49.815884387057082 ], [ -97.09795359785106, 49.816088993861626 ], [ -97.098828806103583, 49.817165102032583 ], [ -97.099044588715273, 49.817547100983681 ], [ -97.099193103206304, 49.817999808053713 ], [ -97.099252701273215, 49.818259908869464 ], [ -97.099221390427758, 49.818526902274122 ], [ -97.099182482838174, 49.818859403906636 ], [ -97.09902689735992, 49.819499599234014 ], [ -97.098952609572791, 49.819930790334539 ], [ -97.098963194164497, 49.820231488755539 ], [ -97.099015981510149, 49.82053722741675 ], [ -97.099030401073676, 49.820620590715961 ], [ -97.09910819006133, 49.820868192417926 ], [ -97.099113371753646, 49.820878749304839 ], [ -97.099263897678355, 49.821186591877641 ], [ -97.099423114835204, 49.821430599956464 ], [ -97.100013803337092, 49.822128204774401 ], [ -97.100252282086942, 49.822429002517303 ], [ -97.100557085945297, 49.822811790818527 ], [ -97.101923802106199, 49.824480301511215 ], [ -97.100810308582268, 49.824866793192932 ], [ -97.09780830724354, 49.825896987308198 ], [ -97.09767108336986, 49.825849801194998 ], [ -97.097234001839553, 49.825293892216315 ], [ -97.09620479572537, 49.825654788801401 ], [ -97.095289292194195, 49.825954593519583 ], [ -97.09430248533431, 49.826298109823114 ], [ -97.093371594453444, 49.826633594834092 ], [ -97.094419207640925, 49.827928209111796 ], [ -97.093474307890617, 49.82826351079742 ], [ -97.092798181421259, 49.827424811911094 ], [ -97.09271578608049, 49.827396390593876 ], [ -97.091758899661215, 49.827686497666974 ], [ -97.09139299498284, 49.827797410436389 ], [ -97.091222301172337, 49.82789360810979 ], [ -97.090492419068411, 49.828421196104692 ], [ -97.089420306225676, 49.828808400300666 ], [ -97.088447989552833, 49.829134096568929 ], [ -97.089018714495325, 49.829827208340795 ], [ -97.087495518002314, 49.830368687265661 ], [ -97.087396810258312, 49.830403104998709 ], [ -97.086086024064755, 49.830500383575334 ], [ -97.086013612102306, 49.830408389290312 ], [ -97.085877828912629, 49.83035932521355 ], [ -97.085562293414199, 49.830169369695355 ], [ -97.085348737673201, 49.830011582800729 ], [ -97.085114878935414, 49.829802544071036 ], [ -97.084654155436041, 49.829148240790666 ], [ -97.084492948015949, 49.829029916504659 ], [ -97.084301982646465, 49.82901897484124 ] ] ] } },
{ "type": "Feature", "properties": { "CTUID": "6020520.05", "greenspace_per_capita": 30666.659172434756 }, "geometry": { "type": "Polygon", "coordinates": [ [ [ -97.232917892065132, 49.830056996705714 ], [ -97.233719600883532, 49.820681492650003 ], [ -97.23429280598954, 49.814483687318628 ], [ -97.234292805990478, 49.814483687318663 ], [ -97.234661120091019, 49.814486851640424 ], [ -97.234784983866604, 49.814487906647123 ], [ -97.241046600209842, 49.814541388837789 ], [ -97.253624790067789, 49.814605712644813 ], [ -97.253894585968808, 49.814447912487729 ], [ -97.253839701571337, 49.812881888247126 ], [ -97.253916997410343, 49.812280387548746 ], [ -97.254049482655461, 49.812075489704576 ], [ -97.254346411630763, 49.812322892092432 ], [ -97.254688889950216, 49.812463007873141 ], [ -97.255075600804204, 49.812531801875316 ], [ -97.257338907173434, 49.812601792545159 ], [ -97.258021188004946, 49.812567101164902 ], [ -97.262885699345773, 49.812586103209718 ], [ -97.263623000392158, 49.81257019652314 ], [ -97.265971013198921, 49.812605407114688 ], [ -97.270628304882834, 49.812585008874052 ], [ -97.275894955424533, 49.812627494712075 ], [ -97.275895200240129, 49.812627532927849 ], [ -97.276535490964378, 49.812601105733741 ], [ -97.276692099467851, 49.812495488821291 ], [ -97.276745282284651, 49.812172402762833 ], [ -97.276724980292386, 49.81078689214646 ], [ -97.286412399610612, 49.81081370283686 ], [ -97.296462195382048, 49.810808889814055 ], [ -97.299602906868969, 49.810828097956282 ], [ -97.299554519187907, 49.809037397713112 ], [ -97.301696739739285, 49.809048959674023 ], [ -97.304796085409805, 49.809039383470555 ], [ -97.305510546168151, 49.809037174708109 ], [ -97.310248060796283, 49.809063467267066 ], [ -97.310899918385417, 49.809067074302121 ], [ -97.311832706069438, 49.809058903025274 ], [ -97.312802367979572, 49.809060286400971 ], [ -97.318608718572378, 49.809068437211323 ], [ -97.326636882075121, 49.809055523302376 ], [ -97.327434607179825, 49.80910140576588 ], [ -97.327656785975392, 49.809104599812656 ], [ -97.327775295202485, 49.809068387075875 ], [ -97.327785476968941, 49.809068621670427 ], [ -97.328095006983489, 49.809075664673287 ], [ -97.334057917213102, 49.809070147539813 ], [ -97.345157726839119, 49.809126066760754 ], [ -97.349121254895309, 49.809144491046943 ], [ -97.349029927943988, 49.81129110999732 ], [ -97.346805804699144, 49.83738070291124 ], [ -97.332737312325079, 49.838015588607007 ], [ -97.329951304655225, 49.838146386900064 ], [ -97.329950987079911, 49.83814640458538 ], [ -97.328668985025928, 49.838226893256937 ], [ -97.328291483900884, 49.838284404905778 ], [ -97.327281606038753, 49.838530699431047 ], [ -97.326369083323627, 49.838778393490145 ], [ -97.326074713098194, 49.838846090303363 ], [ -97.325445996742616, 49.838926907008371 ], [ -97.324485009531088, 49.838967001062123 ], [ -97.324317800270805, 49.83897358726486 ], [ -97.323510683728585, 49.838988894758472 ], [ -97.322927414025955, 49.838962493799052 ], [ -97.322194114544516, 49.838852898299173 ], [ -97.321823911727861, 49.838787303801851 ], [ -97.321199089610531, 49.838676609475016 ], [ -97.321198808312573, 49.838676599250398 ], [ -97.32074128699513, 49.838634012374712 ], [ -97.320268997071537, 49.838618108708943 ], [ -97.309626803708255, 49.839093111934737 ], [ -97.308847406439838, 49.839108700614652 ], [ -97.303233996190102, 49.839350399285237 ], [ -97.298832496940875, 49.839537793223641 ], [ -97.287633482730143, 49.840011502136143 ], [ -97.28349689160396, 49.840175107924814 ], [ -97.275792901931354, 49.840924308604336 ], [ -97.271948584561002, 49.841288090517217 ], [ -97.260525012912694, 49.842369191737156 ], [ -97.258027205768514, 49.842592489246485 ], [ -97.25547291411435, 49.842841996920264 ], [ -97.251574993591106, 49.843199995192819 ], [ -97.238488614711869, 49.844401998670257 ], [ -97.231634881268434, 49.845062191691348 ], [ -97.232917892065132, 49.830056996705714 ] ] ] } },
{ "type": "Feature", "properties": { "CTUID": "6020110.09", "greenspace_per_capita": 357.09738966385299 }, "geometry": { "type": "Polygon", "coordinates": [ [ [ -97.049597492537899, 49.829464790523524 ], [ -97.049648455610111, 49.828452387895659 ], [ -97.049647072711579, 49.828315433908628 ], [ -97.049626715200304, 49.827335811354466 ], [ -97.049626301774651, 49.826652200874072 ], [ -97.049616083086221, 49.825869391438097 ], [ -97.049616113854029, 49.825869002003671 ], [ -97.049615875620461, 49.825407755003745 ], [ -97.04961539850828, 49.82437698757176 ], [ -97.049614426519298, 49.822188058308704 ], [ -97.049614403561847, 49.822135007949356 ], [ -97.049614406306446, 49.822109386897495 ], [ -97.049575483456579, 49.821002300832049 ], [ -97.049451200066855, 49.820289598610238 ], [ -97.049329134131753, 49.819945217390156 ], [ -97.049300708032774, 49.819864996754269 ], [ -97.049648781287075, 49.819882671210927 ], [ -97.049529412369978, 49.819553013879066 ], [ -97.050051603709264, 49.819535090341425 ], [ -97.050665114283063, 49.819483097723499 ], [ -97.053743950678367, 49.81945746165205 ], [ -97.065306708543375, 49.819351104181401 ], [ -97.065452869386604, 49.819349769407154 ], [ -97.065593914677862, 49.819625212806997 ], [ -97.070916305413064, 49.819895704072941 ], [ -97.072533153712598, 49.819554933445822 ], [ -97.07436110904473, 49.819132759162898 ], [ -97.076968769765983, 49.818446840911143 ], [ -97.07700300434449, 49.818585953470091 ], [ -97.076881373092519, 49.818653688839731 ], [ -97.076739568722786, 49.818690927637171 ], [ -97.07657279568221, 49.818706482226894 ], [ -97.076330201422508, 49.818719367410665 ], [ -97.076218165657224, 49.818804793605295 ], [ -97.076262100393663, 49.818894397607814 ], [ -97.076509282484494, 49.818987581407427 ], [ -97.076880527949385, 49.819090437045212 ], [ -97.07704026254288, 49.81904270540236 ], [ -97.077197056756191, 49.818972119428103 ], [ -97.077337092701285, 49.81892062481441 ], [ -97.077505474821038, 49.818941360362253 ], [ -97.077581140009812, 49.81903600040507 ], [ -97.077588784099873, 49.819142837716349 ], [ -97.077561043111132, 49.819239119006582 ], [ -97.077468202281523, 49.819358973308432 ], [ -97.077351421221167, 49.819430303988405 ], [ -97.077205932230811, 49.819473478824072 ], [ -97.076906094257751, 49.819466706022062 ], [ -97.076795088856727, 49.819501998625796 ], [ -97.07676619902314, 49.819554285063134 ], [ -97.076768645483867, 49.81956002403281 ], [ -97.076799997806177, 49.819633904864268 ], [ -97.076859041444266, 49.819691086661052 ], [ -97.076982786628434, 49.819767841932915 ], [ -97.077163638019996, 49.819844304174758 ], [ -97.077379613090073, 49.819874146483357 ], [ -97.077519049948918, 49.819864825949679 ], [ -97.077702280284683, 49.819768893603076 ], [ -97.077853319566046, 49.819582733235606 ], [ -97.077873975140761, 49.819407326224201 ], [ -97.077996248098259, 49.819274428458954 ], [ -97.078084803707014, 49.819225667832647 ], [ -97.078180423071203, 49.819244528561541 ], [ -97.078299482674666, 49.819319617848024 ], [ -97.07839369576601, 49.819443883524883 ], [ -97.078469285088062, 49.819584496215469 ], [ -97.078510390035376, 49.819756596168972 ], [ -97.07847708272584, 49.819937458951443 ], [ -97.07840241000595, 49.820048696262624 ], [ -97.078237010948044, 49.820122973296677 ], [ -97.07803999323589, 49.820182693367208 ], [ -97.077869268114043, 49.820221625414796 ], [ -97.077618076369845, 49.820248388558014 ], [ -97.077381688006469, 49.820275295417957 ], [ -97.077184692568437, 49.820332685627505 ], [ -97.077068884170927, 49.820396906138967 ], [ -97.07703429016334, 49.820453684206626 ], [ -97.077062738596851, 49.820561356018374 ], [ -97.077190729200979, 49.820636903446974 ], [ -97.07738406715292, 49.820760714057208 ], [ -97.077724256424418, 49.820946814388719 ], [ -97.077868690679907, 49.821040128645329 ], [ -97.077926586518458, 49.821139875947672 ], [ -97.077872833331796, 49.821252871593494 ], [ -97.077709252551529, 49.821398512863134 ], [ -97.07757021388953, 49.821527518440412 ], [ -97.077523119057417, 49.821611435942984 ], [ -97.077553056359278, 49.821730508460689 ], [ -97.077640072680936, 49.821847479607058 ], [ -97.07783653566996, 49.821934772772316 ], [ -97.07800038221086, 49.821966272101527 ], [ -97.078189560310861, 49.821975379769214 ], [ -97.078722568837875, 49.821941320745232 ], [ -97.079449362244802, 49.821918032467117 ], [ -97.080130681515996, 49.821862665643785 ], [ -97.080526289548928, 49.821784164176812 ], [ -97.08097241399021, 49.821695322805297 ], [ -97.081228943991491, 49.821652004984962 ], [ -97.081391826564811, 49.821675896989525 ], [ -97.081482509394178, 49.821725681056293 ], [ -97.081537320126372, 49.821784068475523 ], [ -97.081555434672097, 49.821856842844682 ], [ -97.081530293687692, 49.821938613168498 ], [ -97.081475018468353, 49.82200872207212 ], [ -97.081407046170298, 49.822113530657596 ], [ -97.08107756253591, 49.822768104802194 ], [ -97.080830087139972, 49.823104003801646 ], [ -97.080584573914209, 49.823362233858674 ], [ -97.080121897275333, 49.823661091631514 ], [ -97.080083752507818, 49.823754101732945 ], [ -97.080102564901182, 49.82378234365865 ], [ -97.080150709281142, 49.823854634499007 ], [ -97.080269604468896, 49.82391664973909 ], [ -97.08048403533347, 49.82394830125142 ], [ -97.080705834383792, 49.823946078729314 ], [ -97.081145895176803, 49.823794835685732 ], [ -97.081756326755212, 49.823590476734324 ], [ -97.082050645905213, 49.823505409245875 ], [ -97.082315704223888, 49.823512155718191 ], [ -97.082527430347241, 49.823614375031632 ], [ -97.08258780888761, 49.823783564638127 ], [ -97.082601753204116, 49.823945863857617 ], [ -97.082530582594842, 49.824119876460259 ], [ -97.082354110626454, 49.824295195938795 ], [ -97.082051960576479, 49.824617226982546 ], [ -97.081831887433069, 49.82492126830244 ], [ -97.081509020387514, 49.825255206642233 ], [ -97.0812068053921, 49.825690742176775 ], [ -97.080974729026437, 49.825987534345451 ], [ -97.080805760417064, 49.826222048366581 ], [ -97.080621534920766, 49.826362562740648 ], [ -97.080551258447173, 49.826543714895294 ], [ -97.080597284356173, 49.826705034482451 ], [ -97.080735935901131, 49.826826242513221 ], [ -97.080829774199231, 49.826909601790369 ], [ -97.080996274536162, 49.827022865682849 ], [ -97.081187956257423, 49.827062189815713 ], [ -97.081555609908804, 49.827011801940785 ], [ -97.081916999733849, 49.826876242825463 ], [ -97.082066963691233, 49.826841691420512 ], [ -97.082231015712239, 49.826874622415183 ], [ -97.082278375300575, 49.82701146363344 ], [ -97.082201773888144, 49.827151275496476 ], [ -97.081965200887851, 49.827308227355559 ], [ -97.081689024208231, 49.827432818996854 ], [ -97.081577704597223, 49.827552938637218 ], [ -97.081615632073422, 49.827711819156214 ], [ -97.081729521293127, 49.827804169850332 ], [ -97.081913774087283, 49.827873388581544 ], [ -97.082022986923135, 49.827963841661777 ], [ -97.081960996146776, 49.828087803363587 ], [ -97.081855906111315, 49.828171705341411 ], [ -97.081561134752377, 49.828211316572478 ], [ -97.08139546689705, 49.828276461155475 ], [ -97.081371339466102, 49.828305201856722 ], [ -97.081357476746859, 49.828356227097672 ], [ -97.081436825710838, 49.828427429044559 ], [ -97.081801263285044, 49.828430602644239 ], [ -97.082060391347014, 49.828426600803681 ], [ -97.082406279394604, 49.828498007794799 ], [ -97.083017448580065, 49.828487050936545 ], [ -97.083390725867289, 49.828570158638634 ], [ -97.083566053533644, 49.828682950186057 ], [ -97.083664270075943, 49.828771116803544 ], [ -97.083736970067804, 49.828877394542481 ], [ -97.083869627677757, 49.828960109816975 ], [ -97.084036153705867, 49.829047022279759 ], [ -97.084142673511195, 49.829084458358984 ], [ -97.084301982646465, 49.82901897484124 ], [ -97.084492948015949, 49.829029916504659 ], [ -97.084654155436041, 49.829148240790666 ], [ -97.085114878935414, 49.829802544071036 ], [ -97.085348737673201, 49.830011582800729 ], [ -97.085562293414199, 49.830169369695355 ], [ -97.085877828912629, 49.83035932521355 ], [ -97.086013612102306, 49.830408389290312 ], [ -97.086086024064755, 49.830500383575334 ], [ -97.086098516613305, 49.830581034739964 ], [ -97.085976076534408, 49.830680938783651 ], [ -97.085638214208714, 49.830759956947489 ], [ -97.085275570706841, 49.830804404516428 ], [ -97.084924521563224, 49.830940383263503 ], [ -97.084803561937321, 49.831054479299453 ], [ -97.084746325226476, 49.831168961009382 ], [ -97.084757037134494, 49.831442538157432 ], [ -97.084751903009902, 49.831562522699365 ], [ -97.084650360505577, 49.831651721235815 ], [ -97.084309059094878, 49.831733322018437 ], [ -97.084139141301449, 49.831765111073537 ], [ -97.084015902871585, 49.831814765929728 ], [ -97.083955984317669, 49.831911316844291 ], [ -97.084070942413604, 49.831971058005472 ], [ -97.084482956208959, 49.832001091258164 ], [ -97.084867803225293, 49.8320519853091 ], [ -97.085149267187077, 49.832111246727706 ], [ -97.08533899053181, 49.832235243081662 ], [ -97.085481791508357, 49.832485040996019 ], [ -97.085426940493676, 49.832577729669481 ], [ -97.085212829493457, 49.832742365080307 ], [ -97.084817036443084, 49.832890315794586 ], [ -97.084449578756121, 49.832836660454717 ], [ -97.084173047881862, 49.832796112432597 ], [ -97.083870070823068, 49.832793426470175 ], [ -97.083855158288799, 49.832909148042525 ], [ -97.083933950904552, 49.833062988426832 ], [ -97.084028281452646, 49.833164523843053 ], [ -97.08416277990618, 49.833247142846091 ], [ -97.084371182288436, 49.83329951043563 ], [ -97.084748125254919, 49.833338130967903 ], [ -97.084891943084713, 49.833348451977841 ], [ -97.085069691227574, 49.833342049372177 ], [ -97.085575335232264, 49.833215480658232 ], [ -97.086832411325446, 49.832975863966126 ], [ -97.087141738492321, 49.832948623946429 ], [ -97.087419303268192, 49.83294823076357 ], [ -97.087656511609126, 49.833008625349891 ], [ -97.087804208698685, 49.833064216085489 ], [ -97.08793467731752, 49.83320214359091 ], [ -97.087928239955033, 49.833297041100856 ], [ -97.087903749850994, 49.833366603884052 ], [ -97.087776427601284, 49.833471528228394 ], [ -97.087544402152204, 49.833626340866225 ], [ -97.087247925997119, 49.833754666986273 ], [ -97.08692444197959, 49.833816169548207 ], [ -97.086431335829218, 49.833911852754369 ], [ -97.085785668284998, 49.834147306829905 ], [ -97.08570655628607, 49.834199477644489 ], [ -97.085608198456839, 49.834176991914902 ], [ -97.08527611749588, 49.834101108464019 ], [ -97.084834606569899, 49.834012789632041 ], [ -97.084557688131085, 49.833981208812588 ], [ -97.08391978143429, 49.833844404887927 ], [ -97.083702790733881, 49.833796190158566 ], [ -97.082045397513937, 49.833477204161227 ], [ -97.080664011764995, 49.833210801284324 ], [ -97.079839496261542, 49.833052888199077 ], [ -97.07689858256613, 49.832487089153169 ], [ -97.076650616474979, 49.832428999143438 ], [ -97.074965898323455, 49.832131209075875 ], [ -97.07235721082462, 49.831640699346558 ], [ -97.071768836534133, 49.831414061762729 ], [ -97.07158599338689, 49.831343636670617 ], [ -97.070931914296537, 49.831042889230005 ], [ -97.070461410808434, 49.830978490286888 ], [ -97.069185389244154, 49.830731195094401 ], [ -97.068870081648754, 49.830679605295536 ], [ -97.06852649086953, 49.830695004810941 ], [ -97.06770791096001, 49.830752493239189 ], [ -97.067112115178588, 49.830651206736491 ], [ -97.066364183754885, 49.830575690401695 ], [ -97.066381394713758, 49.830495093421909 ], [ -97.066326200803317, 49.830159991735762 ], [ -97.066158097382527, 49.829816705880383 ], [ -97.065809319382069, 49.829495999970838 ], [ -97.065413409901467, 49.829302695313359 ], [ -97.06482160434696, 49.829125689594989 ], [ -97.063512406581808, 49.828864003429729 ], [ -97.062244617901868, 49.828626505577425 ], [ -97.061031811641641, 49.828407411286051 ], [ -97.061231605326881, 49.827966096492219 ], [ -97.061344109196796, 49.827730112084488 ], [ -97.061346508397961, 49.827670106058548 ], [ -97.061306595283881, 49.827636100724185 ], [ -97.061207808157448, 49.827614391012368 ], [ -97.060668781533209, 49.827516501750047 ], [ -97.059547201562779, 49.827304196818737 ], [ -97.059036314745043, 49.827208791219959 ], [ -97.058850606722856, 49.827176994392445 ], [ -97.058579617687542, 49.827165791900285 ], [ -97.058351790439659, 49.827188707487167 ], [ -97.058014296446572, 49.827291912056836 ], [ -97.057685399114348, 49.827464699952259 ], [ -97.057597217785343, 49.827512309854349 ], [ -97.057410286864837, 49.827615301936113 ], [ -97.056779498460699, 49.827918206002856 ], [ -97.056414807020289, 49.828101001343263 ], [ -97.056375504371189, 49.828138190610623 ], [ -97.056378800983353, 49.828227187929194 ], [ -97.056442882216146, 49.828512798431191 ], [ -97.056475386882454, 49.828559995503575 ], [ -97.05656391591495, 49.828581502902189 ], [ -97.056862390880895, 49.828595394101519 ], [ -97.056996600295776, 49.8285938009655 ], [ -97.057173216868364, 49.828582104322294 ], [ -97.057621100120528, 49.828528106239624 ], [ -97.058060191126032, 49.828462109464319 ], [ -97.058087394873482, 49.828548600958847 ], [ -97.058097311297999, 49.828705090376182 ], [ -97.058031599378481, 49.82900279150229 ], [ -97.0579268912619, 49.829337899378729 ], [ -97.057889101917809, 49.829405388415729 ], [ -97.057669197338654, 49.829797990421433 ], [ -97.057254482313255, 49.829568806881738 ], [ -97.057049282769356, 49.829484389003667 ], [ -97.056842605390216, 49.829436012545415 ], [ -97.05656470885458, 49.829431296582676 ], [ -97.05635371160237, 49.829490702293015 ], [ -97.055618214985543, 49.829802188401928 ], [ -97.055352004984613, 49.829851688148636 ], [ -97.054430505904904, 49.829944189605534 ], [ -97.054152190377692, 49.829948512007199 ], [ -97.053052206553772, 49.829778888345317 ], [ -97.052825306677889, 49.829746309571867 ], [ -97.052387492986739, 49.829721000348229 ], [ -97.052032699821197, 49.829775793491756 ], [ -97.051763403378033, 49.829872397945934 ], [ -97.051654386140541, 49.829939304914554 ], [ -97.051435518506196, 49.830073808868093 ], [ -97.051202307796572, 49.830339712449245 ], [ -97.051136086066762, 49.830587897788845 ], [ -97.051128100425785, 49.830705698804167 ], [ -97.051110590205838, 49.831237700184445 ], [ -97.051147310695583, 49.831364204861529 ], [ -97.051283319801442, 49.831438511238687 ], [ -97.05208218150014, 49.831546896751796 ], [ -97.052785088215344, 49.831787604209453 ], [ -97.052620296362932, 49.832081593986047 ], [ -97.052429505057944, 49.832476394685671 ], [ -97.052391909768687, 49.833256193223988 ], [ -97.052381261106802, 49.834004086897309 ], [ -97.052417729318137, 49.834244987539407 ], [ -97.052484556506968, 49.834422439192586 ], [ -97.052643382692054, 49.834730094200793 ], [ -97.053011129730265, 49.83514450171247 ], [ -97.053591390173622, 49.835532679427033 ], [ -97.054564499086226, 49.836132832140528 ], [ -97.055421837182351, 49.836649563668523 ], [ -97.056315084660142, 49.83720731024269 ], [ -97.056605354977151, 49.837393576958753 ], [ -97.056771982416763, 49.837516935713673 ], [ -97.056906557733527, 49.837655848045671 ], [ -97.056977733909932, 49.837729338768909 ], [ -97.057091344558387, 49.837899403743904 ], [ -97.057246362229691, 49.83821607571452 ], [ -97.057323457200312, 49.838470395722197 ], [ -97.057332084637451, 49.838736197679708 ], [ -97.057299400016603, 49.840246797309106 ], [ -97.05728678663138, 49.840561505445628 ], [ -97.057290918682156, 49.840804406435723 ], [ -97.054709193372375, 49.840671101389908 ], [ -97.05117718254462, 49.840306012715779 ], [ -97.049677096977206, 49.840253701555483 ], [ -97.04948251817261, 49.84025050771568 ], [ -97.049489415307889, 49.840079705811554 ], [ -97.049520095499943, 49.837588497472154 ], [ -97.049542101857512, 49.836483406705817 ], [ -97.049560881532557, 49.83553829910884 ], [ -97.049567810298527, 49.833846206460024 ], [ -97.049568492520066, 49.833714208306105 ], [ -97.049580915851422, 49.831900707971421 ], [ -97.049584518243634, 49.831379007506328 ], [ -97.049585172780155, 49.831278450927059 ], [ -97.049597492537899, 49.829464790523524 ] ] ] } },
{ "type": "Feature", "properties": { "CTUID": "6020102.01", "greenspace_per_capita": 452.23305342576128 }, "geometry": { "type": "Polygon", "coordinates": [ [ [ -97.089189171091078, 49.83644404729079 ], [ -97.088979588212027, 49.836556972137714 ], [ -97.08876534021357, 49.836691683029294 ], [ -97.087966668753523, 49.836976018404854 ], [ -97.087790758556693, 49.837004538206322 ], [ -97.08768703968714, 49.837004084249543 ], [ -97.087596556609896, 49.836972855167325 ], [ -97.087216607377428, 49.836885431477405 ], [ -97.086934871325141, 49.836795082592957 ], [ -97.086847299652447, 49.836704694257449 ], [ -97.086733942958531, 49.836568722899123 ], [ -97.086747221335955, 49.836396823050137 ], [ -97.086725961719708, 49.836287806999017 ], [ -97.086283641452567, 49.835939009796867 ], [ -97.086124619242554, 49.835765494072973 ], [ -97.086072590049966, 49.83572037632883 ], [ -97.086054799622673, 49.835653088590789 ], [ -97.086057295750507, 49.835541619758224 ], [ -97.08616013874169, 49.835491831860807 ], [ -97.086295860970353, 49.835496583361909 ], [ -97.086471430114997, 49.835683594328763 ], [ -97.086565844607961, 49.835795751274013 ], [ -97.08668045691708, 49.835869316516757 ], [ -97.086868749489568, 49.835911476757339 ], [ -97.087025406036602, 49.835876820726263 ], [ -97.08724572568876, 49.835760924540999 ], [ -97.087412032800557, 49.83573426104973 ], [ -97.087577150792924, 49.835732508242373 ], [ -97.087776658944719, 49.835700354232785 ], [ -97.087889194962884, 49.835567128150252 ], [ -97.088022094631555, 49.835403549251708 ], [ -97.088276347726634, 49.835073954473167 ], [ -97.088297922861628, 49.834894425438378 ], [ -97.088222729875085, 49.83478349693705 ], [ -97.08805798812827, 49.834710869099219 ], [ -97.087859004673518, 49.834722595522763 ], [ -97.087776534518753, 49.834753382975428 ], [ -97.087550493351941, 49.834795326293197 ], [ -97.087077783837159, 49.834889280818743 ], [ -97.086860070230728, 49.834918446114976 ], [ -97.086632786830222, 49.834928314347543 ], [ -97.086337553222009, 49.834921267204052 ], [ -97.08605514965079, 49.834869245427335 ], [ -97.085830522943539, 49.834820148195803 ], [ -97.085571745637424, 49.834735737834613 ], [ -97.085395867702033, 49.834648107020698 ], [ -97.085369525081191, 49.834571707683608 ], [ -97.085381884245791, 49.834494413412656 ], [ -97.0854505722385, 49.834379424489747 ], [ -97.085588737322695, 49.834287087201176 ], [ -97.08570655628607, 49.834199477644489 ], [ -97.085785668284998, 49.834147306829905 ], [ -97.086431335829218, 49.833911852754369 ], [ -97.08692444197959, 49.833816169548207 ], [ -97.087247925997119, 49.833754666986273 ], [ -97.087544402152204, 49.833626340866225 ], [ -97.087776427601284, 49.833471528228394 ], [ -97.087903749850994, 49.833366603884052 ], [ -97.087928239955033, 49.833297041100856 ], [ -97.08793467731752, 49.83320214359091 ], [ -97.087804208698685, 49.833064216085489 ], [ -97.087656511609126, 49.833008625349891 ], [ -97.087419303268192, 49.83294823076357 ], [ -97.087141738492321, 49.832948623946429 ], [ -97.086832411325446, 49.832975863966126 ], [ -97.085575335232264, 49.833215480658232 ], [ -97.085069691227574, 49.833342049372177 ], [ -97.084891943084713, 49.833348451977841 ], [ -97.084748125254919, 49.833338130967903 ], [ -97.084371182288436, 49.83329951043563 ], [ -97.08416277990618, 49.833247142846091 ], [ -97.084028281452646, 49.833164523843053 ], [ -97.083933950904552, 49.833062988426832 ], [ -97.083855158288799, 49.832909148042525 ], [ -97.083870070823068, 49.832793426470175 ], [ -97.084173047881862, 49.832796112432597 ], [ -97.084449578756121, 49.832836660454717 ], [ -97.084817036443084, 49.832890315794586 ], [ -97.085212829493457, 49.832742365080307 ], [ -97.085426940493676, 49.832577729669481 ], [ -97.085481791508357, 49.832485040996019 ], [ -97.08533899053181, 49.832235243081662 ], [ -97.085149267187077, 49.832111246727706 ], [ -97.084867803225293, 49.8320519853091 ], [ -97.084482956208959, 49.832001091258164 ], [ -97.084070942413604, 49.831971058005472 ], [ -97.083955984317669, 49.831911316844291 ], [ -97.084015902871585, 49.831814765929728 ], [ -97.084139141301449, 49.831765111073537 ], [ -97.084309059094878, 49.831733322018437 ], [ -97.084650360505577, 49.831651721235815 ], [ -97.084751903009902, 49.831562522699365 ], [ -97.084757037134494, 49.831442538157432 ], [ -97.084746325226476, 49.831168961009382 ], [ -97.084803561937321, 49.831054479299453 ], [ -97.084924521563224, 49.830940383263503 ], [ -97.085275570706841, 49.830804404516428 ], [ -97.085638214208714, 49.830759956947489 ], [ -97.085976076534408, 49.830680938783651 ], [ -97.086098516613305, 49.830581034739964 ], [ -97.086086024064755, 49.830500383575334 ], [ -97.087396810258312, 49.830403104998709 ], [ -97.087495518002314, 49.830368687265661 ], [ -97.089018714495325, 49.829827208340795 ], [ -97.088447989552833, 49.829134096568929 ], [ -97.089420306225676, 49.828808400300666 ], [ -97.090492419068411, 49.828421196104692 ], [ -97.091222301172337, 49.82789360810979 ], [ -97.09139299498284, 49.827797410436389 ], [ -97.091758899661215, 49.827686497666974 ], [ -97.09271578608049, 49.827396390593876 ], [ -97.092798181421259, 49.827424811911094 ], [ -97.093474307890617, 49.82826351079742 ], [ -97.094419207640925, 49.827928209111796 ], [ -97.093371594453444, 49.826633594834092 ], [ -97.09430248533431, 49.826298109823114 ], [ -97.095289292194195, 49.825954593519583 ], [ -97.09620479572537, 49.825654788801401 ], [ -97.097234001839553, 49.825293892216315 ], [ -97.09767108336986, 49.825849801194998 ], [ -97.09780830724354, 49.825896987308198 ], [ -97.100810308582268, 49.824866793192932 ], [ -97.101923802106199, 49.824480301511215 ], [ -97.102467891540883, 49.825145899133979 ], [ -97.102641607754535, 49.825088406397299 ], [ -97.105186608174961, 49.824245897507986 ], [ -97.104348802974499, 49.823269701699637 ], [ -97.106801914002361, 49.822401286908303 ], [ -97.108647582497639, 49.82175649948929 ], [ -97.109310913443707, 49.821524701551709 ], [ -97.110902683488263, 49.82099300934982 ], [ -97.111903601305642, 49.820640497136019 ], [ -97.11205781257334, 49.82060698969525 ], [ -97.112601596902707, 49.820418793365256 ], [ -97.113100614468991, 49.820246200551075 ], [ -97.113174701049374, 49.820558296108445 ], [ -97.113267910593493, 49.82095060746137 ], [ -97.113361584882682, 49.821401897097012 ], [ -97.113642900402809, 49.822746705244818 ], [ -97.113714384379591, 49.823053694083136 ], [ -97.113855597171806, 49.823712704170511 ], [ -97.114043003119662, 49.824615212547734 ], [ -97.114064794449277, 49.824768510468978 ], [ -97.114382616501871, 49.826608699047689 ], [ -97.114470020417016, 49.827221805410979 ], [ -97.114525481334638, 49.82758250654323 ], [ -97.114780503447847, 49.829250689474875 ], [ -97.113661530188992, 49.829637057025018 ], [ -97.108945341183357, 49.831265278920569 ], [ -97.108028218604574, 49.831596294785811 ], [ -97.107789081220659, 49.831664402664558 ], [ -97.10598070566796, 49.832318402145376 ], [ -97.10596370374455, 49.83239910292189 ], [ -97.10564259470901, 49.832429798742965 ], [ -97.104988993152944, 49.83263379822138 ], [ -97.104026494108496, 49.832934204936102 ], [ -97.099948503936119, 49.834441493316348 ], [ -97.099300317118562, 49.834655791381955 ], [ -97.098510780336085, 49.834930705310235 ], [ -97.092392593241243, 49.837024903405272 ], [ -97.092153507738104, 49.837092891164708 ], [ -97.092489785180845, 49.837737113134359 ], [ -97.092722615711509, 49.838181700077747 ], [ -97.092812504201333, 49.838372103339076 ], [ -97.091816081688521, 49.83859861290513 ], [ -97.090138414626097, 49.839173595298952 ], [ -97.090137908194848, 49.839173699826631 ], [ -97.088707531762523, 49.839546455910444 ], [ -97.08876490307081, 49.839315814174419 ], [ -97.088777338290853, 49.839223129291021 ], [ -97.088838866898271, 49.838921161315753 ], [ -97.088993796480494, 49.838298154314096 ], [ -97.088986022225541, 49.837975311903868 ], [ -97.088974826293125, 49.837698159084319 ], [ -97.089010918872688, 49.83754539246857 ], [ -97.089017968722658, 49.837440868091051 ], [ -97.088999645003625, 49.837223952415492 ], [ -97.089059478240088, 49.837083083310908 ], [ -97.089176897149386, 49.836943932685706 ], [ -97.089283570549782, 49.836822134585447 ], [ -97.089462201084004, 49.83662586707635 ], [ -97.089505101117794, 49.836526622734858 ], [ -97.089419899261472, 49.836453330604655 ], [ -97.089311126283278, 49.836442365410029 ], [ -97.089189171091078, 49.83644404729079 ] ] ] } },
{ "type": "Feature", "properties": { "CTUID": "6020501.03", "greenspace_per_capita": 189.15933691013799 }, "geometry": { "type": "Polygon", "coordinates": [ [ [ -97.151265918266148, 49.838797690073719 ], [ -97.150025887434992, 49.839218703063082 ], [ -97.148758098841938, 49.839639202807525 ], [ -97.147602516914375, 49.840034511362859 ], [ -97.146405479113113, 49.840420089664356 ], [ -97.145077697487991, 49.840875496073458 ], [ -97.144080312419788, 49.841210508547938 ], [ -97.143939618175281, 49.841253191031655 ], [ -97.142939190199442, 49.841587993015153 ], [ -97.142673409045642, 49.841628710935112 ], [ -97.142062506527154, 49.841600891304964 ], [ -97.140577199813592, 49.841523097957513 ], [ -97.138842521832046, 49.841290317409538 ], [ -97.138705128654294, 49.841271892562006 ], [ -97.138164271959283, 49.841250163707947 ], [ -97.137804436860378, 49.8412356969692 ], [ -97.137637462443834, 49.841245338560114 ], [ -97.137635470393633, 49.841158846220146 ], [ -97.137634311306869, 49.841098141564053 ], [ -97.137622912601884, 49.841032737724227 ], [ -97.137586832811138, 49.840885990855355 ], [ -97.137570567981598, 49.840856481098584 ], [ -97.137548023606016, 49.840808897589596 ], [ -97.137506385390679, 49.840716001774361 ], [ -97.137456513376364, 49.840656750200829 ], [ -97.137430701857966, 49.840604584293715 ], [ -97.137418500824879, 49.840559393062932 ], [ -97.137421555508908, 49.84048074934551 ], [ -97.137390013142578, 49.840397034007246 ], [ -97.137370377723059, 49.840365248806478 ], [ -97.137310665512445, 49.840290080020168 ], [ -97.137220322357919, 49.840198688506085 ], [ -97.137190775963788, 49.840153239517107 ], [ -97.137126847572091, 49.8400959841454 ], [ -97.137063363369293, 49.840029732119383 ], [ -97.1369752676041, 49.839969844311575 ], [ -97.136946744254558, 49.839939208786369 ], [ -97.136928516983758, 49.839919630557908 ], [ -97.13683406876325, 49.839843896676527 ], [ -97.136762636274767, 49.839802300506186 ], [ -97.136634324917438, 49.83970353558734 ], [ -97.136540821931177, 49.839603082155435 ], [ -97.136438857789599, 49.839540732462922 ], [ -97.136344411340474, 49.839464998212087 ], [ -97.136284119426378, 49.839405530327966 ], [ -97.136141039078296, 49.839329046220499 ], [ -97.136086484093241, 49.839301179007656 ], [ -97.135984561096848, 49.83923882677788 ], [ -97.135885429417115, 49.839194476914138 ], [ -97.135786559163407, 49.839143441561326 ], [ -97.13574630766, 49.839104592203718 ], [ -97.135667868283605, 49.839065078363234 ], [ -97.135610268444751, 49.839025945212555 ], [ -97.135322757202445, 49.838816625768757 ], [ -97.13519005400839, 49.838740281608189 ], [ -97.135097902757636, 49.838696099352752 ], [ -97.134958814225186, 49.838606134510805 ], [ -97.134884306316735, 49.838555497071717 ], [ -97.134810230957498, 49.838493588172589 ], [ -97.134745835300805, 49.838449777251832 ], [ -97.134678723247248, 49.838385736105472 ], [ -97.134488857376184, 49.838258986085776 ], [ -97.13441043070803, 49.838219548402499 ], [ -97.134329268067177, 49.838159726392767 ], [ -97.134275409819963, 49.838113901526043 ], [ -97.134200609065715, 49.838070002516751 ], [ -97.134059464947825, 49.83794404960701 ], [ -97.1339412101199, 49.83785438759034 ], [ -97.133870109575597, 49.83780379946456 ], [ -97.133632555695414, 49.837651526672332 ], [ -97.133561022052902, 49.837614381847473 ], [ -97.133503426249419, 49.837575247662279 ], [ -97.133466226557957, 49.837547688973892 ], [ -97.133359268838944, 49.837435751292858 ], [ -97.133237468790043, 49.837348347665817 ], [ -97.133122708173161, 49.837258781924106 ], [ -97.133038369836754, 49.837192251543421 ], [ -97.132968321638046, 49.837114636896885 ], [ -97.132895155083347, 49.837027984251293 ], [ -97.132753978831204, 49.83690203206006 ], [ -97.132710503409683, 49.836856399342786 ], [ -97.132680933400493, 49.836813200816408 ], [ -97.132492067210052, 49.83666172647775 ], [ -97.132441909181949, 49.836609186344695 ], [ -97.132404787192229, 49.836581597405598 ], [ -97.132337900586165, 49.836510846206856 ], [ -97.132318307336121, 49.8364790326196 ], [ -97.13217807818215, 49.836328335163053 ], [ -97.132127779495008, 49.836280301751827 ], [ -97.132070651046021, 49.836227644320729 ], [ -97.131929519770154, 49.836101689169197 ], [ -97.131818323532158, 49.836009940326321 ], [ -97.131779132978508, 49.835944089591138 ], [ -97.131736061782476, 49.835889436576942 ], [ -97.131659923263044, 49.835789238605066 ], [ -97.131599859085227, 49.83572303408134 ], [ -97.131526523240709, 49.83564094114287 ], [ -97.13148221890215, 49.835527735216502 ], [ -97.131371373076661, 49.835337088192894 ], [ -97.131361468269702, 49.83532344974163 ], [ -97.13116112476466, 49.834882908654933 ], [ -97.131115477053982, 49.834641703046728 ], [ -97.131238288869895, 49.833555152846472 ], [ -97.131569979199156, 49.832870467603342 ], [ -97.1321007653153, 49.832288248623257 ], [ -97.13213644300933, 49.832264096578555 ], [ -97.132240507854164, 49.832180344902262 ], [ -97.13230496830019, 49.832131893612406 ], [ -97.132372624025592, 49.832090278102115 ], [ -97.132436863354016, 49.832046337756623 ], [ -97.132518346378717, 49.832007186295051 ], [ -97.132636052957977, 49.831930381602781 ], [ -97.13270003667661, 49.831893177688194 ], [ -97.132742723992038, 49.831869140462246 ], [ -97.132874072915783, 49.83179928281502 ], [ -97.132952206155636, 49.831755527195199 ], [ -97.133089938810599, 49.831699289497003 ], [ -97.133217139614942, 49.831645090821695 ], [ -97.13333026966481, 49.831597439349892 ], [ -97.133393816262071, 49.83157148047853 ], [ -97.133524294546277, 49.83152413861481 ], [ -97.133661445166069, 49.831483626676381 ], [ -97.133802042735297, 49.831443188053129 ], [ -97.133988625486879, 49.831383240389876 ], [ -97.134093656983964, 49.831364698498312 ], [ -97.134286398740272, 49.83132502779965 ], [ -97.134384714230009, 49.831299632008481 ], [ -97.134475911296676, 49.831278574495251 ], [ -97.134675157358458, 49.831250344672839 ], [ -97.134829506706552, 49.831214596120226 ], [ -97.135052622530083, 49.831197934810426 ], [ -97.135248122952902, 49.831176343397303 ], [ -97.135318058349057, 49.831166226783402 ], [ -97.135367014956287, 49.831158038333307 ], [ -97.135499298919399, 49.831153442271166 ], [ -97.135669793265563, 49.831149431325564 ], [ -97.13580592555833, 49.831135888401079 ], [ -97.135986509152502, 49.831141031512857 ], [ -97.136209225310651, 49.831135585216188 ], [ -97.136431402673409, 49.831143690728709 ], [ -97.13651792287537, 49.831154092256412 ], [ -97.136646321118036, 49.83116064101462 ], [ -97.136860899351916, 49.831184280308975 ], [ -97.13702366338066, 49.831200385571805 ], [ -97.137120849329349, 49.831204188854123 ], [ -97.137166147072534, 49.831202686243714 ], [ -97.137301550123794, 49.831207125406081 ], [ -97.137408651824117, 49.831224643100548 ], [ -97.137578453877495, 49.831238585195166 ], [ -97.13768910321626, 49.831253843406351 ], [ -97.137896470071979, 49.831286375031588 ], [ -97.13801075397312, 49.831297248717796 ], [ -97.138266682585581, 49.831332833101385 ], [ -97.138297785191298, 49.831337833064296 ], [ -97.138501813376891, 49.83136583682144 ], [ -97.138605532552248, 49.831380975149656 ], [ -97.138643566084411, 49.831386093854825 ], [ -97.138810072610241, 49.831395530787532 ], [ -97.13890646390233, 49.831419595549733 ], [ -97.13902038350993, 49.831441632230799 ], [ -97.139082479032069, 49.831453887184495 ], [ -97.139271925121278, 49.831499687272206 ], [ -97.139375063323627, 49.831530525666686 ], [ -97.139499474928286, 49.831550524071403 ], [ -97.139537579047825, 49.831553389055671 ], [ -97.139664559621309, 49.831595874470935 ], [ -97.139785307605663, 49.831620335928591 ], [ -97.139977547532411, 49.831684136556028 ], [ -97.140070997373201, 49.831694628051203 ], [ -97.140221723652928, 49.831753290270079 ], [ -97.140339018572874, 49.831777626425222 ], [ -97.140408296433648, 49.831783237009084 ], [ -97.140456464068279, 49.831797532721495 ], [ -97.140754924225959, 49.831811276392479 ], [ -97.140869059948173, 49.831826576498635 ], [ -97.14097572427427, 49.831855284481421 ], [ -97.14108206480762, 49.831892982333301 ], [ -97.141251076726121, 49.831927181415274 ], [ -97.141375704399792, 49.831940443006751 ], [ -97.141530811843481, 49.83197438075495 ], [ -97.141665206759313, 49.832005786015067 ], [ -97.141754599986015, 49.832031982784542 ], [ -97.141879151347169, 49.832047445766193 ], [ -97.142089829141781, 49.83208452294447 ], [ -97.142162127387053, 49.832103674454466 ], [ -97.142278634118256, 49.832148297327144 ], [ -97.142447898264123, 49.832175732092658 ], [ -97.142586468469815, 49.83218922505138 ], [ -97.142648559580891, 49.832201426425087 ], [ -97.142922243819228, 49.832226089288028 ], [ -97.143088758026522, 49.832235544683542 ], [ -97.143310905668258, 49.832245834574074 ], [ -97.143567854670451, 49.83225443313983 ], [ -97.143748770806269, 49.832250597695051 ], [ -97.143804621045049, 49.832244723392549 ], [ -97.143853507162035, 49.832238784072906 ], [ -97.143971708777542, 49.832238424995829 ], [ -97.144350166699198, 49.832251242212038 ], [ -97.144420098381957, 49.832241093406395 ], [ -97.144604817956633, 49.832228286015805 ], [ -97.144664264788659, 49.832220226688996 ], [ -97.144782719446212, 49.832213130020101 ], [ -97.144859768324835, 49.832198641768997 ], [ -97.14494367152227, 49.832186473890054 ], [ -97.144968170978643, 49.83218238902932 ], [ -97.14512212510472, 49.832157893273802 ], [ -97.145150065221159, 49.832153830112013 ], [ -97.145445189127116, 49.832163033183249 ], [ -97.145518863674425, 49.832146243618475 ], [ -97.145680820225849, 49.832092588461911 ], [ -97.14579285252843, 49.832071924673926 ], [ -97.146192417500231, 49.831988390833523 ], [ -97.146298200295817, 49.831949600342462 ], [ -97.146471254920598, 49.831878125341255 ], [ -97.146541947185611, 49.831847790880516 ], [ -97.14658437356097, 49.831830484262788 ], [ -97.146704589656437, 49.831776177644251 ], [ -97.146838893139375, 49.831717647748896 ], [ -97.146901976128447, 49.831668251690495 ], [ -97.14722058757053, 49.831475968802586 ], [ -97.147497271106303, 49.831295871101396 ], [ -97.147717898401694, 49.831068471068079 ], [ -97.147974362307494, 49.830817627814618 ], [ -97.148133315615098, 49.830629463343691 ], [ -97.148232045962231, 49.830331155078824 ], [ -97.148520691609562, 49.829462779352404 ], [ -97.148531441528291, 49.829430447477939 ], [ -97.148048984923321, 49.827696277766947 ], [ -97.143410930258185, 49.822713440499392 ], [ -97.143325870648027, 49.822624104462854 ], [ -97.143285589461954, 49.82258184943538 ], [ -97.143263347544632, 49.822529444846111 ], [ -97.143109403803322, 49.822202648454976 ], [ -97.143035867496351, 49.822051515558698 ], [ -97.14404432646694, 49.821817429376935 ], [ -97.144773401843025, 49.821648192560325 ], [ -97.14597928326063, 49.821379699760328 ], [ -97.14692058444534, 49.821124892134392 ], [ -97.147777808714892, 49.820886702987309 ], [ -97.150465907651437, 49.820030094551115 ], [ -97.151547408620203, 49.81974159836173 ], [ -97.152179186205274, 49.819580701329961 ], [ -97.152249812429531, 49.819565880349224 ], [ -97.15240409916575, 49.81953349311113 ], [ -97.152571807042904, 49.819498262060925 ], [ -97.154169302204551, 49.819162688556503 ], [ -97.154882717999214, 49.819048103425615 ], [ -97.156153201146125, 49.818906393612856 ], [ -97.156458993431386, 49.818887109145827 ], [ -97.156603856051802, 49.818877770553129 ], [ -97.156652049870416, 49.818874654076673 ], [ -97.156651253182275, 49.818883669385265 ], [ -97.15664426472965, 49.818961254977616 ], [ -97.156398035995451, 49.821707957026341 ], [ -97.156396561436097, 49.821725050542746 ], [ -97.156371543397, 49.822016956512002 ], [ -97.156081264018709, 49.82521406643508 ], [ -97.155881032300243, 49.827419650767311 ], [ -97.155854149116976, 49.827761050763215 ], [ -97.155802838833068, 49.828259405663317 ], [ -97.155710841683415, 49.829153070623242 ], [ -97.155676139531053, 49.829536809586216 ], [ -97.155595722100685, 49.830425147718792 ], [ -97.155594630571315, 49.830437152913994 ], [ -97.155590932599438, 49.830477949181699 ], [ -97.155509961781249, 49.831326653677124 ], [ -97.155322741232936, 49.833504971537806 ], [ -97.155181001283125, 49.835047246457563 ], [ -97.15518035945334, 49.835054366228931 ], [ -97.15517996244823, 49.83505935242286 ], [ -97.154843940632063, 49.838777474064457 ], [ -97.154843897609496, 49.838779932953123 ], [ -97.154843838043604, 49.83878195313666 ], [ -97.154842954539745, 49.838791852891504 ], [ -97.154754744459524, 49.839747869899057 ], [ -97.154666133159452, 49.840708566021995 ], [ -97.15464794510784, 49.840905969697118 ], [ -97.154620705574217, 49.841219941611463 ], [ -97.154619752464839, 49.841230853689353 ], [ -97.154608146252016, 49.841373211512121 ], [ -97.154533115428677, 49.841386408870157 ], [ -97.154270414387113, 49.841440103244352 ], [ -97.15358270918199, 49.841506197739591 ], [ -97.153233198164926, 49.841554610759445 ], [ -97.153183008352826, 49.841409893582117 ], [ -97.153030582119015, 49.84102960287079 ], [ -97.152551490335682, 49.840464307220465 ], [ -97.152391811629059, 49.840272891857623 ], [ -97.15195270319272, 49.839753099331212 ], [ -97.151424783704627, 49.839007095307998 ], [ -97.151265918266148, 49.838797690073719 ] ] ] } },
{ "type": "Feature", "properties": { "CTUID": "6020510.03", "greenspace_per_capita": 721.3469300043663 }, "geometry": { "type": "Polygon", "coordinates": [ [ [ -97.190219281977136, 49.846870106402172 ], [ -97.189245222014904, 49.847398181482461 ], [ -97.188083074145368, 49.847318610957863 ], [ -97.186852461084413, 49.846960161270744 ], [ -97.186171663038152, 49.846093504605435 ], [ -97.186162295933457, 49.846096210498665 ], [ -97.186133656660388, 49.846110667261513 ], [ -97.186013290166017, 49.846171498604313 ], [ -97.18579461212741, 49.846281905706078 ], [ -97.185601302281469, 49.846337199487323 ], [ -97.184868291150664, 49.846630590808495 ], [ -97.184471280575252, 49.846742202713116 ], [ -97.183980990889637, 49.846843506149412 ], [ -97.18340483600403, 49.846950053856766 ], [ -97.182513194611687, 49.846998356892357 ], [ -97.181587909683543, 49.846995951602622 ], [ -97.181348581128603, 49.846994276210097 ], [ -97.179993946259131, 49.846984773063291 ], [ -97.179349484831633, 49.846966288397091 ], [ -97.179104103477698, 49.846964805932458 ], [ -97.17911560675492, 49.846794488643468 ], [ -97.179267979634929, 49.845699493511553 ], [ -97.179264509186481, 49.845051809318193 ], [ -97.179257999752423, 49.842632009378292 ], [ -97.17977071416837, 49.842685087406629 ], [ -97.180365686956762, 49.842689694999791 ], [ -97.180462002100981, 49.842690504694701 ], [ -97.181387112727649, 49.842747592539936 ], [ -97.181893289653786, 49.842872413069145 ], [ -97.182381097679425, 49.843068099884313 ], [ -97.182850105873598, 49.843344891572166 ], [ -97.183254595548405, 49.843621194821459 ], [ -97.18343839565641, 49.843543198602234 ], [ -97.183645289482627, 49.843416290671605 ], [ -97.18420690734348, 49.843078511737218 ], [ -97.185241612112051, 49.842130109760085 ], [ -97.185489383650236, 49.841917299389671 ], [ -97.186624513798009, 49.842405702377249 ], [ -97.1860127913734, 49.842950894408055 ], [ -97.18596230244286, 49.843029996138043 ], [ -97.185992511609484, 49.843094612065407 ], [ -97.186091002759198, 49.843148906309736 ], [ -97.187281600946676, 49.84399479023017 ], [ -97.187351383726124, 49.844056794908624 ], [ -97.187448990008605, 49.844095904506091 ], [ -97.187537191948735, 49.844085613719287 ], [ -97.187665918316441, 49.844019310309662 ], [ -97.189143694528795, 49.843134500221836 ], [ -97.189217396080281, 49.843096289526031 ], [ -97.189284892550447, 49.843050010789291 ], [ -97.189298299648613, 49.842968392892317 ], [ -97.189240115918551, 49.842872194111983 ], [ -97.189151080516609, 49.842648497311401 ], [ -97.189549495161941, 49.842611912878368 ], [ -97.189943590781283, 49.842552209371583 ], [ -97.190294091963054, 49.842471802114524 ], [ -97.19064812114263, 49.842359109660777 ], [ -97.190982516808376, 49.842240886856587 ], [ -97.191422217603517, 49.842077201413112 ], [ -97.191470205858849, 49.842060891409588 ], [ -97.19174158056336, 49.841942698081226 ], [ -97.191941695607483, 49.841866101312931 ], [ -97.192494991831396, 49.841568987948264 ], [ -97.192742503686446, 49.84142780423668 ], [ -97.192767613135516, 49.841413304341302 ], [ -97.193001184451347, 49.841224802621745 ], [ -97.193082802014459, 49.841166298609579 ], [ -97.193753512306714, 49.840907309501439 ], [ -97.193896898170735, 49.840817005168624 ], [ -97.194275505589232, 49.840586102612747 ], [ -97.194834310509322, 49.840251593048009 ], [ -97.194940687313689, 49.840205810865477 ], [ -97.195511509400148, 49.839931286718688 ], [ -97.196125088580104, 49.839633205561626 ], [ -97.196691489254619, 49.839155110979675 ], [ -97.196917920219519, 49.838624005635396 ], [ -97.196950285910248, 49.838544408609444 ], [ -97.197015902202608, 49.838105412829762 ], [ -97.197006918522192, 49.837545204823172 ], [ -97.197019388197873, 49.836657299600148 ], [ -97.197027085019883, 49.836412091983739 ], [ -97.197042015917248, 49.836203807285493 ], [ -97.197144889326466, 49.835199900955864 ], [ -97.197184202048618, 49.834816101280673 ], [ -97.197202516887401, 49.834598789776962 ], [ -97.197241897297801, 49.834375291222372 ], [ -97.197256993703277, 49.834262188296265 ], [ -97.197316189307458, 49.834004409515771 ], [ -97.197429504168852, 49.833627709885995 ], [ -97.197461815111254, 49.83353510941452 ], [ -97.197537693599898, 49.833354701502238 ], [ -97.197951409035113, 49.832555709128933 ], [ -97.198056489456732, 49.832352690504059 ], [ -97.198259208680895, 49.831961099313204 ], [ -97.198353938903793, 49.831778141175214 ], [ -97.198411409948619, 49.83166720958431 ], [ -97.1987190875452, 49.831072993987277 ], [ -97.198791012494752, 49.8308056030899 ], [ -97.198878216780599, 49.830435495895316 ], [ -97.198856791199304, 49.82968061105332 ], [ -97.198735885524869, 49.829224689681247 ], [ -97.198574697299932, 49.828791309745817 ], [ -97.198289915610104, 49.828303491001719 ], [ -97.198195708216147, 49.828221103875734 ], [ -97.197570889065332, 49.827446809221378 ], [ -97.197527779934305, 49.827396192632136 ], [ -97.197477613157005, 49.827337400236459 ], [ -97.19706360486299, 49.826831598721931 ], [ -97.196214885569802, 49.825797303647057 ], [ -97.196067795379463, 49.825615387990737 ], [ -97.195893101576289, 49.825399105832666 ], [ -97.195072894381241, 49.824364760018518 ], [ -97.1948248946007, 49.824051998770251 ], [ -97.194772100522371, 49.823983988003391 ], [ -97.194530089726385, 49.823692700162354 ], [ -97.194725503615018, 49.823630187252611 ], [ -97.195128515330225, 49.823512204196653 ], [ -97.195148679640653, 49.823506195646736 ], [ -97.198454715525287, 49.822366304952119 ], [ -97.200600012790218, 49.821538498999274 ], [ -97.201077312963662, 49.821384695969854 ], [ -97.201345011106127, 49.82128989682036 ], [ -97.201872043189496, 49.821077788749555 ], [ -97.202655884961175, 49.820806505607571 ], [ -97.20296728758693, 49.82065840846618 ], [ -97.205886103021271, 49.81963029332487 ], [ -97.206245217229153, 49.819503791588623 ], [ -97.206369918919549, 49.819459895280687 ], [ -97.207051903664663, 49.819219591577401 ], [ -97.207052290496975, 49.819219492938025 ], [ -97.207473789199355, 49.819100088167858 ], [ -97.209586314441069, 49.81838719954704 ], [ -97.210130903532189, 49.818204006999892 ], [ -97.216864099119718, 49.815935890132849 ], [ -97.216961607159462, 49.81590028998253 ], [ -97.218737278998745, 49.815301895656098 ], [ -97.219388296790157, 49.815071208418168 ], [ -97.219389944336044, 49.814706175217658 ], [ -97.219389944336569, 49.814706175217488 ], [ -97.219389944336555, 49.814706175223066 ], [ -97.220710285110712, 49.814293488038551 ], [ -97.222164786588706, 49.813994112111494 ], [ -97.231066278219302, 49.814310910353583 ], [ -97.23429280598954, 49.814483687318628 ], [ -97.233719600883532, 49.820681492650003 ], [ -97.232917892065132, 49.830056996705714 ], [ -97.231634881268434, 49.845062191691348 ], [ -97.229173704284563, 49.845303401874851 ], [ -97.228915098347159, 49.845328706162221 ], [ -97.213010407544246, 49.846801704397322 ], [ -97.211773011049772, 49.846916204584282 ], [ -97.211772690011529, 49.846916196209328 ], [ -97.208732288162537, 49.846925810779418 ], [ -97.208079375650087, 49.846956360029239 ], [ -97.207802905240101, 49.846969287404598 ], [ -97.206265306465951, 49.846933794841632 ], [ -97.200446002913765, 49.84685869892769 ], [ -97.197063995352707, 49.846862494623373 ], [ -97.197013011803676, 49.846862548534865 ], [ -97.196422006419922, 49.846863201768073 ], [ -97.195047019297306, 49.846864709102348 ], [ -97.193439996554787, 49.846866508692415 ], [ -97.191305756386384, 49.846868908409121 ], [ -97.190940240176047, 49.846869318862296 ], [ -97.190591437159583, 49.846869700503504 ], [ -97.190219281977136, 49.846870106402172 ] ] ] } },
{ "type": "Feature", "properties": { "CTUID": "6020101.01", "greenspace_per_capita": 865.4519527922148 }, "geometry": { "type": "Polygon", "coordinates": [ [ [ -97.112683015813204, 49.84455329011125 ], [ -97.112588001684585, 49.843778087382518 ], [ -97.112509013508827, 49.842949306560811 ], [ -97.112467702160131, 49.842579812434764 ], [ -97.112385907685606, 49.841822888040397 ], [ -97.112302011982038, 49.841119887336887 ], [ -97.112205998707424, 49.840371794576598 ], [ -97.112210716408811, 49.839535291460116 ], [ -97.112212011746024, 49.838788698192239 ], [ -97.112311579348201, 49.838016788171629 ], [ -97.11236180387921, 49.837441911335716 ], [ -97.112383786138338, 49.837235405161586 ], [ -97.11245970767618, 49.836714903643411 ], [ -97.112732588884867, 49.836134589025384 ], [ -97.112896310340503, 49.835858500162388 ], [ -97.112957220677771, 49.835724510648355 ], [ -97.113034393542094, 49.835527905237512 ], [ -97.113139691064845, 49.83532271120832 ], [ -97.113609006541935, 49.834340910545635 ], [ -97.114063691712801, 49.833376802629282 ], [ -97.114184401574406, 49.833135903406102 ], [ -97.114517699356725, 49.83243070137793 ], [ -97.114714496751787, 49.83202019773173 ], [ -97.114887714665954, 49.83114139937588 ], [ -97.114905496340896, 49.830682993744013 ], [ -97.115003898436015, 49.830650709614893 ], [ -97.115088616351372, 49.830623010066361 ], [ -97.115469494192595, 49.830485296612132 ], [ -97.118514116107647, 49.829428290288703 ], [ -97.125300297424587, 49.827622405094694 ], [ -97.13748830820802, 49.823435388469676 ], [ -97.138080705072142, 49.823231892460029 ], [ -97.13820748814247, 49.823189008988649 ], [ -97.138907807962894, 49.823022397090682 ], [ -97.141112090643716, 49.822497995559736 ], [ -97.141671442561616, 49.822368187112176 ], [ -97.141903635138135, 49.822314303404035 ], [ -97.143035867496351, 49.822051515558698 ], [ -97.143109403803322, 49.822202648454976 ], [ -97.143263347544632, 49.822529444846111 ], [ -97.143285589461954, 49.82258184943538 ], [ -97.143325870648027, 49.822624104462854 ], [ -97.143410930258185, 49.822713440499392 ], [ -97.148048984923321, 49.827696277766947 ], [ -97.148531441528291, 49.829430447477939 ], [ -97.148520691609562, 49.829462779352404 ], [ -97.148232045962231, 49.830331155078824 ], [ -97.148133315615098, 49.830629463343691 ], [ -97.147974362307494, 49.830817627814618 ], [ -97.147717898401694, 49.831068471068079 ], [ -97.147497271106303, 49.831295871101396 ], [ -97.14722058757053, 49.831475968802586 ], [ -97.146901976128447, 49.831668251690495 ], [ -97.146838893139375, 49.831717647748896 ], [ -97.146704589656437, 49.831776177644251 ], [ -97.14658437356097, 49.831830484262788 ], [ -97.146541947185611, 49.831847790880516 ], [ -97.146471254920598, 49.831878125341255 ], [ -97.146298200295817, 49.831949600342462 ], [ -97.146192417500231, 49.831988390833523 ], [ -97.14579285252843, 49.832071924673926 ], [ -97.145680820225849, 49.832092588461911 ], [ -97.145518863674425, 49.832146243618475 ], [ -97.145445189127116, 49.832163033183249 ], [ -97.145150065221159, 49.832153830112013 ], [ -97.14512212510472, 49.832157893273802 ], [ -97.144968170978643, 49.83218238902932 ], [ -97.14494367152227, 49.832186473890054 ], [ -97.144859768324835, 49.832198641768997 ], [ -97.144782719446212, 49.832213130020101 ], [ -97.144664264788659, 49.832220226688996 ], [ -97.144604817956633, 49.832228286015805 ], [ -97.144420098381957, 49.832241093406395 ], [ -97.144350166699198, 49.832251242212038 ], [ -97.143971708777542, 49.832238424995829 ], [ -97.143853507162035, 49.832238784072906 ], [ -97.143804621045049, 49.832244723392549 ], [ -97.143748770806269, 49.832250597695051 ], [ -97.143567854670451, 49.83225443313983 ], [ -97.143310905668258, 49.832245834574074 ], [ -97.143088758026522, 49.832235544683542 ], [ -97.142922243819228, 49.832226089288028 ], [ -97.142648559580891, 49.832201426425087 ], [ -97.142586468469815, 49.83218922505138 ], [ -97.142447898264123, 49.832175732092658 ], [ -97.142278634118256, 49.832148297327144 ], [ -97.142162127387053, 49.832103674454466 ], [ -97.142089829141781, 49.83208452294447 ], [ -97.141879151347169, 49.832047445766193 ], [ -97.141754599986015, 49.832031982784542 ], [ -97.141665206759313, 49.832005786015067 ], [ -97.141530811843481, 49.83197438075495 ], [ -97.141375704399792, 49.831940443006751 ], [ -97.141251076726121, 49.831927181415274 ], [ -97.14108206480762, 49.831892982333301 ], [ -97.14097572427427, 49.831855284481421 ], [ -97.140869059948173, 49.831826576498635 ], [ -97.140754924225959, 49.831811276392479 ], [ -97.140456464068279, 49.831797532721495 ], [ -97.140408296433648, 49.831783237009084 ], [ -97.140339018572874, 49.831777626425222 ], [ -97.140221723652928, 49.831753290270079 ], [ -97.140070997373201, 49.831694628051203 ], [ -97.139977547532411, 49.831684136556028 ], [ -97.139785307605663, 49.831620335928591 ], [ -97.139664559621309, 49.831595874470935 ], [ -97.139537579047825, 49.831553389055671 ], [ -97.139499474928286, 49.831550524071403 ], [ -97.139375063323627, 49.831530525666686 ], [ -97.139271925121278, 49.831499687272206 ], [ -97.139082479032069, 49.831453887184495 ], [ -97.13902038350993, 49.831441632230799 ], [ -97.13890646390233, 49.831419595549733 ], [ -97.138810072610241, 49.831395530787532 ], [ -97.138643566084411, 49.831386093854825 ], [ -97.138605532552248, 49.831380975149656 ], [ -97.138501813376891, 49.83136583682144 ], [ -97.138297785191298, 49.831337833064296 ], [ -97.138266682585581, 49.831332833101385 ], [ -97.13801075397312, 49.831297248717796 ], [ -97.137896470071979, 49.831286375031588 ], [ -97.13768910321626, 49.831253843406351 ], [ -97.137578453877495, 49.831238585195166 ], [ -97.137408651824117, 49.831224643100548 ], [ -97.137301550123794, 49.831207125406081 ], [ -97.137166147072534, 49.831202686243714 ], [ -97.137120849329349, 49.831204188854123 ], [ -97.13702366338066, 49.831200385571805 ], [ -97.136860899351916, 49.831184280308975 ], [ -97.136646321118036, 49.83116064101462 ], [ -97.13651792287537, 49.831154092256412 ], [ -97.136431402673409, 49.831143690728709 ], [ -97.136209225310651, 49.831135585216188 ], [ -97.135986509152502, 49.831141031512857 ], [ -97.13580592555833, 49.831135888401079 ], [ -97.135669793265563, 49.831149431325564 ], [ -97.135499298919399, 49.831153442271166 ], [ -97.135367014956287, 49.831158038333307 ], [ -97.135318058349057, 49.831166226783402 ], [ -97.135248122952902, 49.831176343397303 ], [ -97.135052622530083, 49.831197934810426 ], [ -97.134829506706552, 49.831214596120226 ], [ -97.134675157358458, 49.831250344672839 ], [ -97.134475911296676, 49.831278574495251 ], [ -97.134384714230009, 49.831299632008481 ], [ -97.134286398740272, 49.83132502779965 ], [ -97.134093656983964, 49.831364698498312 ], [ -97.133988625486879, 49.831383240389876 ], [ -97.133802042735297, 49.831443188053129 ], [ -97.133661445166069, 49.831483626676381 ], [ -97.133524294546277, 49.83152413861481 ], [ -97.133393816262071, 49.83157148047853 ], [ -97.13333026966481, 49.831597439349892 ], [ -97.133217139614942, 49.831645090821695 ], [ -97.133089938810599, 49.831699289497003 ], [ -97.132952206155636, 49.831755527195199 ], [ -97.132874072915783, 49.83179928281502 ], [ -97.132742723992038, 49.831869140462246 ], [ -97.13270003667661, 49.831893177688194 ], [ -97.132636052957977, 49.831930381602781 ], [ -97.132518346378717, 49.832007186295051 ], [ -97.132436863354016, 49.832046337756623 ], [ -97.132372624025592, 49.832090278102115 ], [ -97.13230496830019, 49.832131893612406 ], [ -97.132240507854164, 49.832180344902262 ], [ -97.13213644300933, 49.832264096578555 ], [ -97.1321007653153, 49.832288248623257 ], [ -97.131569979199156, 49.832870467603342 ], [ -97.131238288869895, 49.833555152846472 ], [ -97.131115477053982, 49.834641703046728 ], [ -97.13116112476466, 49.834882908654933 ], [ -97.131361468269702, 49.83532344974163 ], [ -97.131371373076661, 49.835337088192894 ], [ -97.13148221890215, 49.835527735216502 ], [ -97.131526523240709, 49.83564094114287 ], [ -97.131599859085227, 49.83572303408134 ], [ -97.131659923263044, 49.835789238605066 ], [ -97.131736061782476, 49.835889436576942 ], [ -97.131779132978508, 49.835944089591138 ], [ -97.131818323532158, 49.836009940326321 ], [ -97.131929519770154, 49.836101689169197 ], [ -97.132070651046021, 49.836227644320729 ], [ -97.132127779495008, 49.836280301751827 ], [ -97.13217807818215, 49.836328335163053 ], [ -97.132318307336121, 49.8364790326196 ], [ -97.132337900586165, 49.836510846206856 ], [ -97.132404787192229, 49.836581597405598 ], [ -97.132441909181949, 49.836609186344695 ], [ -97.132492067210052, 49.83666172647775 ], [ -97.132680933400493, 49.836813200816408 ], [ -97.132710503409683, 49.836856399342786 ], [ -97.132753978831204, 49.83690203206006 ], [ -97.132895155083347, 49.837027984251293 ], [ -97.132968321638046, 49.837114636896885 ], [ -97.133038369836754, 49.837192251543421 ], [ -97.133122708173161, 49.837258781924106 ], [ -97.133237468790043, 49.837348347665817 ], [ -97.133359268838944, 49.837435751292858 ], [ -97.133466226557957, 49.837547688973892 ], [ -97.133503426249419, 49.837575247662279 ], [ -97.133561022052902, 49.837614381847473 ], [ -97.133632555695414, 49.837651526672332 ], [ -97.133870109575597, 49.83780379946456 ], [ -97.1339412101199, 49.83785438759034 ], [ -97.134059464947825, 49.83794404960701 ], [ -97.134200609065715, 49.838070002516751 ], [ -97.134275409819963, 49.838113901526043 ], [ -97.134329268067177, 49.838159726392767 ], [ -97.13441043070803, 49.838219548402499 ], [ -97.134488857376184, 49.838258986085776 ], [ -97.134678723247248, 49.838385736105472 ], [ -97.134745835300805, 49.838449777251832 ], [ -97.134810230957498, 49.838493588172589 ], [ -97.134884306316735, 49.838555497071717 ], [ -97.134958814225186, 49.838606134510805 ], [ -97.135097902757636, 49.838696099352752 ], [ -97.13519005400839, 49.838740281608189 ], [ -97.135322757202445, 49.838816625768757 ], [ -97.135610268444751, 49.839025945212555 ], [ -97.135667868283605, 49.839065078363234 ], [ -97.13574630766, 49.839104592203718 ], [ -97.135786559163407, 49.839143441561326 ], [ -97.135885429417115, 49.839194476914138 ], [ -97.135984561096848, 49.83923882677788 ], [ -97.136086484093241, 49.839301179007656 ], [ -97.136141039078296, 49.839329046220499 ], [ -97.136284119426378, 49.839405530327966 ], [ -97.136344411340474, 49.839464998212087 ], [ -97.136438857789599, 49.839540732462922 ], [ -97.136540821931177, 49.839603082155435 ], [ -97.136634324917438, 49.83970353558734 ], [ -97.136762636274767, 49.839802300506186 ], [ -97.13683406876325, 49.839843896676527 ], [ -97.136928516983758, 49.839919630557908 ], [ -97.136946744254558, 49.839939208786369 ], [ -97.1369752676041, 49.839969844311575 ], [ -97.137063363369293, 49.840029732119383 ], [ -97.137126847572091, 49.8400959841454 ], [ -97.137190775963788, 49.840153239517107 ], [ -97.137220322357919, 49.840198688506085 ], [ -97.137310665512445, 49.840290080020168 ], [ -97.137370377723059, 49.840365248806478 ], [ -97.137390013142578, 49.840397034007246 ], [ -97.137421555508908, 49.84048074934551 ], [ -97.137418500824879, 49.840559393062932 ], [ -97.137430701857966, 49.840604584293715 ], [ -97.137456513376364, 49.840656750200829 ], [ -97.137506385390679, 49.840716001774361 ], [ -97.137548023606016, 49.840808897589596 ], [ -97.137570567981598, 49.840856481098584 ], [ -97.137586832811138, 49.840885990855355 ], [ -97.137622912601884, 49.841032737724227 ], [ -97.137634311306869, 49.841098141564053 ], [ -97.137635470393633, 49.841158846220146 ], [ -97.137637462443834, 49.841245338560114 ], [ -97.137638043820445, 49.841271346613588 ], [ -97.137645262307331, 49.841354636261343 ], [ -97.137619595408168, 49.841570095773776 ], [ -97.137601192040606, 49.841596787463111 ], [ -97.137584458053766, 49.841760697117437 ], [ -97.137561803742742, 49.841807528055618 ], [ -97.137541841032274, 49.841874694211512 ], [ -97.137529610344018, 49.841921741011298 ], [ -97.137499555175239, 49.841979752406253 ], [ -97.137481215399959, 49.842004139289742 ], [ -97.137447959754653, 49.842055289117575 ], [ -97.137417398932072, 49.842126799861191 ], [ -97.137366103862064, 49.842195648963518 ], [ -97.137339971115551, 49.842242485720092 ], [ -97.13730700683584, 49.84228469874045 ], [ -97.137292268127709, 49.842306926949085 ], [ -97.137258837962605, 49.842362637186852 ], [ -97.137196794535583, 49.842438088525192 ], [ -97.137092355818538, 49.842530892263696 ], [ -97.13702094538921, 49.842579178131757 ], [ -97.136974264939226, 49.842618895425232 ], [ -97.136927360715632, 49.84266309821475 ], [ -97.136880965313523, 49.842693827298916 ], [ -97.136785060988629, 49.842746298745638 ], [ -97.135895449794447, 49.84311241380955 ], [ -97.134696299368201, 49.843492293508746 ], [ -97.133548052062849, 49.843691003185576 ], [ -97.132338246611781, 49.843613835685254 ], [ -97.129960930581163, 49.843265656643574 ], [ -97.127915893119535, 49.84247734604417 ], [ -97.126257732397875, 49.842020294061633 ], [ -97.125223648334355, 49.841752437986777 ], [ -97.12398914892691, 49.841518348925867 ], [ -97.123260482389071, 49.8415379657038 ], [ -97.122198006179829, 49.841642297901558 ], [ -97.121062220750261, 49.841963249784101 ], [ -97.119991352612033, 49.842783672692846 ], [ -97.11934960833662, 49.843739702129056 ], [ -97.116691695824727, 49.844483592233836 ], [ -97.116511712864252, 49.844462605018592 ], [ -97.116206608520159, 49.844439699978771 ], [ -97.116024493324275, 49.844472687829267 ], [ -97.112965890917536, 49.845502404997625 ], [ -97.112754598959199, 49.845570897586597 ], [ -97.112683015813204, 49.84455329011125 ] ] ] } },
{ "type": "Feature", "properties": { "CTUID": "6020510.06", "greenspace_per_capita": 496.96356396304805 }, "geometry": { "type": "Polygon", "coordinates": [ [ [ -97.185489383650236, 49.841917299389671 ], [ -97.185241612112051, 49.842130109760085 ], [ -97.18420690734348, 49.843078511737218 ], [ -97.183645289482627, 49.843416290671605 ], [ -97.18343839565641, 49.843543198602234 ], [ -97.183254595548405, 49.843621194821459 ], [ -97.182850105873598, 49.843344891572166 ], [ -97.182381097679425, 49.843068099884313 ], [ -97.181893289653786, 49.842872413069145 ], [ -97.181387112727649, 49.842747592539936 ], [ -97.180462002100981, 49.842690504694701 ], [ -97.180365686956762, 49.842689694999791 ], [ -97.17977071416837, 49.842685087406629 ], [ -97.179257999752423, 49.842632009378292 ], [ -97.179258487732099, 49.841138893146749 ], [ -97.179292579289168, 49.838769293576668 ], [ -97.179334092171729, 49.83653460726272 ], [ -97.179510309687672, 49.835916700908307 ], [ -97.180500100508496, 49.833629489614587 ], [ -97.180575911108221, 49.833252211932773 ], [ -97.180739612022592, 49.832436907179037 ], [ -97.180731584644988, 49.832361006431597 ], [ -97.180616596924679, 49.831265595122495 ], [ -97.180157516577225, 49.830161002087344 ], [ -97.180254799761315, 49.830056797437457 ], [ -97.180331290945361, 49.829974793750118 ], [ -97.181400480965365, 49.828903188542697 ], [ -97.182218319293668, 49.828232399540028 ], [ -97.182848101359809, 49.827820606770807 ], [ -97.183271584784862, 49.827600897735444 ], [ -97.183774316907488, 49.827334793506083 ], [ -97.18473751815354, 49.826988386538929 ], [ -97.186393395860847, 49.826443411828706 ], [ -97.188486494917413, 49.825702107809256 ], [ -97.194075195664922, 49.823837495344101 ], [ -97.194104407023019, 49.823828202915131 ], [ -97.194530089726385, 49.823692700162354 ], [ -97.194772100522371, 49.823983988003391 ], [ -97.1948248946007, 49.824051998770251 ], [ -97.195072894381241, 49.824364760018518 ], [ -97.195893101576289, 49.825399105832666 ], [ -97.196067795379463, 49.825615387990737 ], [ -97.196214885569802, 49.825797303647057 ], [ -97.19706360486299, 49.826831598721931 ], [ -97.197477613157005, 49.827337400236459 ], [ -97.197527779934305, 49.827396192632136 ], [ -97.197570889065332, 49.827446809221378 ], [ -97.198195708216147, 49.828221103875734 ], [ -97.198289915610104, 49.828303491001719 ], [ -97.198574697299932, 49.828791309745817 ], [ -97.198735885524869, 49.829224689681247 ], [ -97.198856791199304, 49.82968061105332 ], [ -97.198878216780599, 49.830435495895316 ], [ -97.198791012494752, 49.8308056030899 ], [ -97.1987190875452, 49.831072993987277 ], [ -97.198411409948619, 49.83166720958431 ], [ -97.198353938903793, 49.831778141175214 ], [ -97.198259208680895, 49.831961099313204 ], [ -97.198056489456732, 49.832352690504059 ], [ -97.197951409035113, 49.832555709128933 ], [ -97.197537693599898, 49.833354701502238 ], [ -97.197461815111254, 49.83353510941452 ], [ -97.197429504168852, 49.833627709885995 ], [ -97.197316189307458, 49.834004409515771 ], [ -97.197256993703277, 49.834262188296265 ], [ -97.197241897297801, 49.834375291222372 ], [ -97.197202516887401, 49.834598789776962 ], [ -97.197184202048618, 49.834816101280673 ], [ -97.197144889326466, 49.835199900955864 ], [ -97.197042015917248, 49.836203807285493 ], [ -97.197027085019883, 49.836412091983739 ], [ -97.197019388197873, 49.836657299600148 ], [ -97.197006918522192, 49.837545204823172 ], [ -97.197015902202608, 49.838105412829762 ], [ -97.196950285910248, 49.838544408609444 ], [ -97.196917920219519, 49.838624005635396 ], [ -97.196691489254619, 49.839155110979675 ], [ -97.196125088580104, 49.839633205561626 ], [ -97.195511509400148, 49.839931286718688 ], [ -97.194940687313689, 49.840205810865477 ], [ -97.194834310509322, 49.840251593048009 ], [ -97.194275505589232, 49.840586102612747 ], [ -97.193896898170735, 49.840817005168624 ], [ -97.193753512306714, 49.840907309501439 ], [ -97.193082802014459, 49.841166298609579 ], [ -97.193001184451347, 49.841224802621745 ], [ -97.192767613135516, 49.841413304341302 ], [ -97.192742503686446, 49.84142780423668 ], [ -97.192494991831396, 49.841568987948264 ], [ -97.191941695607483, 49.841866101312931 ], [ -97.19174158056336, 49.841942698081226 ], [ -97.191470205858849, 49.842060891409588 ], [ -97.191422217603517, 49.842077201413112 ], [ -97.190982516808376, 49.842240886856587 ], [ -97.19064812114263, 49.842359109660777 ], [ -97.190294091963054, 49.842471802114524 ], [ -97.189943590781283, 49.842552209371583 ], [ -97.189549495161941, 49.842611912878368 ], [ -97.189151080516609, 49.842648497311401 ], [ -97.189240115918551, 49.842872194111983 ], [ -97.189298299648613, 49.842968392892317 ], [ -97.189284892550447, 49.843050010789291 ], [ -97.189217396080281, 49.843096289526031 ], [ -97.189143694528795, 49.843134500221836 ], [ -97.187665918316441, 49.844019310309662 ], [ -97.187537191948735, 49.844085613719287 ], [ -97.187448990008605, 49.844095904506091 ], [ -97.187351383726124, 49.844056794908624 ], [ -97.187281600946676, 49.84399479023017 ], [ -97.186091002759198, 49.843148906309736 ], [ -97.185992511609484, 49.843094612065407 ], [ -97.18596230244286, 49.843029996138043 ], [ -97.1860127913734, 49.842950894408055 ], [ -97.186624513798009, 49.842405702377249 ], [ -97.185489383650236, 49.841917299389671 ] ] ] } },
{ "type": "Feature", "properties": { "CTUID": "6020110.06", "greenspace_per_capita": 612.79764144973433 }, "geometry": { "type": "Polygon", "coordinates": [ [ [ -97.057323457200312, 49.838470395722197 ], [ -97.057246362229691, 49.83821607571452 ], [ -97.057091344558387, 49.837899403743904 ], [ -97.056977733909932, 49.837729338768909 ], [ -97.056906557733527, 49.837655848045671 ], [ -97.056771982416763, 49.837516935713673 ], [ -97.056605354977151, 49.837393576958753 ], [ -97.056315084660142, 49.83720731024269 ], [ -97.055421837182351, 49.836649563668523 ], [ -97.054564499086226, 49.836132832140528 ], [ -97.053591390173622, 49.835532679427033 ], [ -97.053011129730265, 49.83514450171247 ], [ -97.052643382692054, 49.834730094200793 ], [ -97.052484556506968, 49.834422439192586 ], [ -97.052417729318137, 49.834244987539407 ], [ -97.052381261106802, 49.834004086897309 ], [ -97.052391909768687, 49.833256193223988 ], [ -97.052429505057944, 49.832476394685671 ], [ -97.052620296362932, 49.832081593986047 ], [ -97.052785088215344, 49.831787604209453 ], [ -97.05208218150014, 49.831546896751796 ], [ -97.051283319801442, 49.831438511238687 ], [ -97.051147310695583, 49.831364204861529 ], [ -97.051110590205838, 49.831237700184445 ], [ -97.051128100425785, 49.830705698804167 ], [ -97.051136086066762, 49.830587897788845 ], [ -97.051202307796572, 49.830339712449245 ], [ -97.051435518506196, 49.830073808868093 ], [ -97.051654386140541, 49.829939304914554 ], [ -97.051763403378033, 49.829872397945934 ], [ -97.052032699821197, 49.829775793491756 ], [ -97.052387492986739, 49.829721000348229 ], [ -97.052825306677889, 49.829746309571867 ], [ -97.053052206553772, 49.829778888345317 ], [ -97.054152190377692, 49.829948512007199 ], [ -97.054430505904904, 49.829944189605534 ], [ -97.055352004984613, 49.829851688148636 ], [ -97.055618214985543, 49.829802188401928 ], [ -97.05635371160237, 49.829490702293015 ], [ -97.05656470885458, 49.829431296582676 ], [ -97.056842605390216, 49.829436012545415 ], [ -97.057049282769356, 49.829484389003667 ], [ -97.057254482313255, 49.829568806881738 ], [ -97.057669197338654, 49.829797990421433 ], [ -97.057889101917809, 49.829405388415729 ], [ -97.0579268912619, 49.829337899378729 ], [ -97.058031599378481, 49.82900279150229 ], [ -97.058097311297999, 49.828705090376182 ], [ -97.058087394873482, 49.828548600958847 ], [ -97.058060191126032, 49.828462109464319 ], [ -97.057621100120528, 49.828528106239624 ], [ -97.057173216868364, 49.828582104322294 ], [ -97.056996600295776, 49.8285938009655 ], [ -97.056862390880895, 49.828595394101519 ], [ -97.05656391591495, 49.828581502902189 ], [ -97.056475386882454, 49.828559995503575 ], [ -97.056442882216146, 49.828512798431191 ], [ -97.056378800983353, 49.828227187929194 ], [ -97.056375504371189, 49.828138190610623 ], [ -97.056414807020289, 49.828101001343263 ], [ -97.056779498460699, 49.827918206002856 ], [ -97.057410286864837, 49.827615301936113 ], [ -97.057597217785343, 49.827512309854349 ], [ -97.057685399114348, 49.827464699952259 ], [ -97.058014296446572, 49.827291912056836 ], [ -97.058351790439659, 49.827188707487167 ], [ -97.058579617687542, 49.827165791900285 ], [ -97.058850606722856, 49.827176994392445 ], [ -97.059036314745043, 49.827208791219959 ], [ -97.059547201562779, 49.827304196818737 ], [ -97.060668781533209, 49.827516501750047 ], [ -97.061207808157448, 49.827614391012368 ], [ -97.061306595283881, 49.827636100724185 ], [ -97.061346508397961, 49.827670106058548 ], [ -97.061344109196796, 49.827730112084488 ], [ -97.061231605326881, 49.827966096492219 ], [ -97.061031811641641, 49.828407411286051 ], [ -97.062244617901868, 49.828626505577425 ], [ -97.063512406581808, 49.828864003429729 ], [ -97.06482160434696, 49.829125689594989 ], [ -97.065413409901467, 49.829302695313359 ], [ -97.065809319382069, 49.829495999970838 ], [ -97.066158097382527, 49.829816705880383 ], [ -97.066326200803317, 49.830159991735762 ], [ -97.066381394713758, 49.830495093421909 ], [ -97.066364183754885, 49.830575690401695 ], [ -97.067112115178588, 49.830651206736491 ], [ -97.06770791096001, 49.830752493239189 ], [ -97.06852649086953, 49.830695004810941 ], [ -97.068870081648754, 49.830679605295536 ], [ -97.069185389244154, 49.830731195094401 ], [ -97.070461410808434, 49.830978490286888 ], [ -97.070931914296537, 49.831042889230005 ], [ -97.07158599338689, 49.831343636670617 ], [ -97.071768836534133, 49.831414061762729 ], [ -97.07235721082462, 49.831640699346558 ], [ -97.074965898323455, 49.832131209075875 ], [ -97.076650616474979, 49.832428999143438 ], [ -97.07689858256613, 49.832487089153169 ], [ -97.079839496261542, 49.833052888199077 ], [ -97.080664011764995, 49.833210801284324 ], [ -97.082045397513937, 49.833477204161227 ], [ -97.083702790733881, 49.833796190158566 ], [ -97.08391978143429, 49.833844404887927 ], [ -97.084557688131085, 49.833981208812588 ], [ -97.084834606569899, 49.834012789632041 ], [ -97.08527611749588, 49.834101108464019 ], [ -97.085608198456839, 49.834176991914902 ], [ -97.08570655628607, 49.834199477644489 ], [ -97.085588737322695, 49.834287087201176 ], [ -97.0854505722385, 49.834379424489747 ], [ -97.085381884245791, 49.834494413412656 ], [ -97.085369525081191, 49.834571707683608 ], [ -97.085395867702033, 49.834648107020698 ], [ -97.085571745637424, 49.834735737834613 ], [ -97.085830522943539, 49.834820148195803 ], [ -97.08605514965079, 49.834869245427335 ], [ -97.086337553222009, 49.834921267204052 ], [ -97.086632786830222, 49.834928314347543 ], [ -97.086860070230728, 49.834918446114976 ], [ -97.087077783837159, 49.834889280818743 ], [ -97.087550493351941, 49.834795326293197 ], [ -97.087776534518753, 49.834753382975428 ], [ -97.087859004673518, 49.834722595522763 ], [ -97.08805798812827, 49.834710869099219 ], [ -97.088222729875085, 49.83478349693705 ], [ -97.088297922861628, 49.834894425438378 ], [ -97.088276347726634, 49.835073954473167 ], [ -97.088022094631555, 49.835403549251708 ], [ -97.087889194962884, 49.835567128150252 ], [ -97.087776658944719, 49.835700354232785 ], [ -97.087577150792924, 49.835732508242373 ], [ -97.087412032800557, 49.83573426104973 ], [ -97.08724572568876, 49.835760924540999 ], [ -97.087025406036602, 49.835876820726263 ], [ -97.086868749489568, 49.835911476757339 ], [ -97.08668045691708, 49.835869316516757 ], [ -97.086565844607961, 49.835795751274013 ], [ -97.086471430114997, 49.835683594328763 ], [ -97.086295860970353, 49.835496583361909 ], [ -97.08616013874169, 49.835491831860807 ], [ -97.086057295750507, 49.835541619758224 ], [ -97.086054799622673, 49.835653088590789 ], [ -97.086072590049966, 49.83572037632883 ], [ -97.086124619242554, 49.835765494072973 ], [ -97.086283641452567, 49.835939009796867 ], [ -97.086725961719708, 49.836287806999017 ], [ -97.086747221335955, 49.836396823050137 ], [ -97.086733942958531, 49.836568722899123 ], [ -97.086847299652447, 49.836704694257449 ], [ -97.086934871325141, 49.836795082592957 ], [ -97.087216607377428, 49.836885431477405 ], [ -97.087596556609896, 49.836972855167325 ], [ -97.08768703968714, 49.837004084249543 ], [ -97.087790758556693, 49.837004538206322 ], [ -97.087966668753523, 49.836976018404854 ], [ -97.08876534021357, 49.836691683029294 ], [ -97.088979588212027, 49.836556972137714 ], [ -97.089189171091078, 49.83644404729079 ], [ -97.089311126283278, 49.836442365410029 ], [ -97.089419899261472, 49.836453330604655 ], [ -97.089505101117794, 49.836526622734858 ], [ -97.089462201084004, 49.83662586707635 ], [ -97.089283570549782, 49.836822134585447 ], [ -97.089176897149386, 49.836943932685706 ], [ -97.089059478240088, 49.837083083310908 ], [ -97.088999645003625, 49.837223952415492 ], [ -97.089017968722658, 49.837440868091051 ], [ -97.089010918872688, 49.83754539246857 ], [ -97.088974826293125, 49.837698159084319 ], [ -97.088986022225541, 49.837975311903868 ], [ -97.088993796480494, 49.838298154314096 ], [ -97.088838866898271, 49.838921161315753 ], [ -97.088777338290853, 49.839223129291021 ], [ -97.08876490307081, 49.839315814174419 ], [ -97.088707531762523, 49.839546455910444 ], [ -97.088466064449463, 49.839609389660218 ], [ -97.085008998545092, 49.840510187328945 ], [ -97.08412621294724, 49.840675498479051 ], [ -97.083693215106777, 49.840722307235971 ], [ -97.082333094149647, 49.840787600054796 ], [ -97.081954899402746, 49.840792496815617 ], [ -97.081757215282181, 49.840789195458619 ], [ -97.076485823688913, 49.840806212295107 ], [ -97.076446898930101, 49.84080633959293 ], [ -97.076237007045549, 49.840807010712091 ], [ -97.07403678993613, 49.840814108322881 ], [ -97.072270515437907, 49.840811686873494 ], [ -97.072131117492262, 49.840818409150778 ], [ -97.07121269580783, 49.840830097146167 ], [ -97.065287904843387, 49.84082130840244 ], [ -97.065121114194142, 49.840818508958172 ], [ -97.064048550045143, 49.8408170418776 ], [ -97.057499414562599, 49.840807908928255 ], [ -97.057290918682156, 49.840804406435723 ], [ -97.05728678663138, 49.840561505445628 ], [ -97.057299400016603, 49.840246797309106 ], [ -97.057332084637451, 49.838736197679708 ], [ -97.057323457200312, 49.838470395722197 ] ] ] } },
{ "type": "Feature", "properties": { "CTUID": "6020102.04", "greenspace_per_capita": 339.523066787402 }, "geometry": { "type": "Polygon", "coordinates": [ [ [ -97.089535090093719, 49.844298316246494 ], [ -97.089246361768232, 49.844363353040215 ], [ -97.089117465139552, 49.844448610629037 ], [ -97.089008353010925, 49.844551406371203 ], [ -97.088864902494691, 49.844697322781819 ], [ -97.088586294431806, 49.844850094620291 ], [ -97.088308018125147, 49.844976577323067 ], [ -97.088152987631858, 49.844987825234341 ], [ -97.088027849444671, 49.844943001941736 ], [ -97.087895557607141, 49.844848862081164 ], [ -97.087836918856837, 49.844696581696354 ], [ -97.087854625138689, 49.844628954713116 ], [ -97.087891651627316, 49.84446175921596 ], [ -97.087972450673902, 49.844259913830463 ], [ -97.088048822533665, 49.844118188526615 ], [ -97.088268399334353, 49.843893988173122 ], [ -97.088423101123496, 49.843764229575854 ], [ -97.088477492814462, 49.843682316910993 ], [ -97.08850753497245, 49.843583755227442 ], [ -97.088546260405963, 49.843524214896654 ], [ -97.088462279218135, 49.843388022434986 ], [ -97.088359094610723, 49.843268391728444 ], [ -97.088239235967549, 49.843199344933439 ], [ -97.088069137012027, 49.843164697403537 ], [ -97.087902746820419, 49.84315919971543 ], [ -97.087768593577408, 49.843203441629718 ], [ -97.087611966990281, 49.843286009295966 ], [ -97.087393116908572, 49.843482605689829 ], [ -97.08723224237086, 49.843571397496298 ], [ -97.086840744057241, 49.843659269894573 ], [ -97.086542902968233, 49.843733755655173 ], [ -97.086357418414451, 49.843752619523109 ], [ -97.086252771405952, 49.843701300520209 ], [ -97.086218900112286, 49.84364624299333 ], [ -97.086201030891431, 49.843578362699311 ], [ -97.086097858150154, 49.843407843169096 ], [ -97.086017564645886, 49.843285803468859 ], [ -97.085992175977793, 49.843108173576113 ], [ -97.085884156320262, 49.842739177559416 ], [ -97.085808342989154, 49.842463078595209 ], [ -97.085830934134592, 49.842138617542702 ], [ -97.08591037350709, 49.842020675209703 ], [ -97.086039794607728, 49.841983255179478 ], [ -97.086119822249259, 49.842015508283559 ], [ -97.086151663886881, 49.842171255666727 ], [ -97.086183527628151, 49.842254551658264 ], [ -97.086273776959985, 49.842396410349188 ], [ -97.086404361286085, 49.842469672031157 ], [ -97.086507417766242, 49.842464810984872 ], [ -97.086611754503863, 49.84242631977552 ], [ -97.086694182908886, 49.842368670480823 ], [ -97.086748347535845, 49.842284961370666 ], [ -97.086883874983116, 49.842055074612844 ], [ -97.086908116342585, 49.842008018834207 ], [ -97.087014566577466, 49.841877080709672 ], [ -97.087163375550276, 49.841812926278763 ], [ -97.087255644938168, 49.841816627920856 ], [ -97.087461767124395, 49.841847549919976 ], [ -97.087744422662766, 49.841921588041792 ], [ -97.087896016736892, 49.841942818096584 ], [ -97.088027153708907, 49.841947812420408 ], [ -97.088152620262335, 49.841951918877342 ], [ -97.088227423002778, 49.841950317539954 ], [ -97.088412033660902, 49.841924023706838 ], [ -97.088482561255177, 49.841889449677893 ], [ -97.088603782154053, 49.841823735720588 ], [ -97.088643759450918, 49.841723456463114 ], [ -97.088648055191328, 49.84158972991397 ], [ -97.0882571758398, 49.84127470333911 ], [ -97.088141260337707, 49.841185692964523 ], [ -97.088036128694185, 49.841036250714524 ], [ -97.087923144830967, 49.840809992700564 ], [ -97.087935024951292, 49.840714182597964 ], [ -97.087975349827474, 49.840652773787923 ], [ -97.088130697904575, 49.840513415218958 ], [ -97.088279152421023, 49.840378017290725 ], [ -97.088448110492564, 49.840163699951916 ], [ -97.088553520699961, 49.839922848106852 ], [ -97.088707531762523, 49.839546455910444 ], [ -97.090137908194848, 49.839173699826631 ], [ -97.090138414626097, 49.839173595298952 ], [ -97.091816081688521, 49.83859861290513 ], [ -97.092812504201333, 49.838372103339076 ], [ -97.092722615711509, 49.838181700077747 ], [ -97.092489785180845, 49.837737113134359 ], [ -97.092153507738104, 49.837092891164708 ], [ -97.092392593241243, 49.837024903405272 ], [ -97.098510780336085, 49.834930705310235 ], [ -97.099300317118562, 49.834655791381955 ], [ -97.099948503936119, 49.834441493316348 ], [ -97.104026494108496, 49.832934204936102 ], [ -97.104988993152944, 49.83263379822138 ], [ -97.10564259470901, 49.832429798742965 ], [ -97.10596370374455, 49.83239910292189 ], [ -97.10598070566796, 49.832318402145376 ], [ -97.107789081220659, 49.831664402664558 ], [ -97.108028218604574, 49.831596294785811 ], [ -97.108945341183357, 49.831265278920569 ], [ -97.113661530188992, 49.829637057025018 ], [ -97.114780503447847, 49.829250689474875 ], [ -97.114828286793852, 49.829792669921034 ], [ -97.114848016974676, 49.830016410654046 ], [ -97.114899700014675, 49.830476011946203 ], [ -97.114902911489125, 49.83058898834355 ], [ -97.114905496340896, 49.830682993744013 ], [ -97.114887714665954, 49.83114139937588 ], [ -97.114714496751787, 49.83202019773173 ], [ -97.114517699356725, 49.83243070137793 ], [ -97.114184401574406, 49.833135903406102 ], [ -97.114063691712801, 49.833376802629282 ], [ -97.113609006541935, 49.834340910545635 ], [ -97.113139691064845, 49.83532271120832 ], [ -97.113034393542094, 49.835527905237512 ], [ -97.112957220677771, 49.835724510648355 ], [ -97.112896310340503, 49.835858500162388 ], [ -97.112732588884867, 49.836134589025384 ], [ -97.11245970767618, 49.836714903643411 ], [ -97.112383786138338, 49.837235405161586 ], [ -97.107829815797572, 49.838816187505266 ], [ -97.103657299968262, 49.84024121144364 ], [ -97.099583094027935, 49.841631589240443 ], [ -97.099357614689467, 49.841708901789374 ], [ -97.096445900751206, 49.842694801498261 ], [ -97.095480984272839, 49.843021493010276 ], [ -97.09532558740689, 49.84308190049591 ], [ -97.091632288748215, 49.844325403913324 ], [ -97.090729151634292, 49.84466240990109 ], [ -97.090448633291828, 49.844790699047373 ], [ -97.090078919949917, 49.844934801574155 ], [ -97.090128573156889, 49.844876617931675 ], [ -97.090205010675305, 49.844796400617284 ], [ -97.090244526224154, 49.844696583754668 ], [ -97.090157366797214, 49.844526688280837 ], [ -97.090000747130759, 49.844378408751233 ], [ -97.08982749482476, 49.844291390302992 ], [ -97.089535090093719, 49.844298316246494 ] ] ] } },
{ "type": "Feature", "properties": { "CTUID": "6020502.00", "greenspace_per_capita": 707.87900569012311 }, "geometry": { "type": "Polygon", "coordinates": [ [ [ -97.152376987182734, 49.851606406331534 ], [ -97.151950017387833, 49.851860508039124 ], [ -97.15220019235143, 49.851135894100118 ], [ -97.152433387339286, 49.850491894697491 ], [ -97.15256390039599, 49.849990300862601 ], [ -97.152638708207377, 49.849115607119487 ], [ -97.152696613577945, 49.84842390245101 ], [ -97.152716600161568, 49.848190996198156 ], [ -97.152708398279188, 49.847294091873472 ], [ -97.152800713275425, 49.846333101453439 ], [ -97.152821085534143, 49.846162496772607 ], [ -97.152894303205528, 49.845336101043216 ], [ -97.152971707494146, 49.844717001228325 ], [ -97.153014411280395, 49.844375507099294 ], [ -97.153105589518489, 49.843441505951574 ], [ -97.153229112613758, 49.84239110661688 ], [ -97.153233198164926, 49.841554610759445 ], [ -97.15358270918199, 49.841506197739591 ], [ -97.154270414387113, 49.841440103244352 ], [ -97.154533115428677, 49.841386408870157 ], [ -97.154608146252016, 49.841373211512121 ], [ -97.154641651003615, 49.841367294403142 ], [ -97.154954593190709, 49.841312210177826 ], [ -97.157178112577029, 49.840542286094433 ], [ -97.157700986015442, 49.840375412036195 ], [ -97.160265319978265, 49.8395075983467 ], [ -97.164322713195546, 49.838141698498433 ], [ -97.1683367058437, 49.836810990244956 ], [ -97.172604514325855, 49.83538518725031 ], [ -97.175187207327937, 49.834382489225504 ], [ -97.176780404857737, 49.833436100344954 ], [ -97.179188913825854, 49.831144193082928 ], [ -97.180157516577225, 49.830161002087344 ], [ -97.180616596924679, 49.831265595122495 ], [ -97.180731584644988, 49.832361006431597 ], [ -97.180739612022592, 49.832436907179037 ], [ -97.180575911108221, 49.833252211932773 ], [ -97.180500100508496, 49.833629489614587 ], [ -97.179510309687672, 49.835916700908307 ], [ -97.179334092171729, 49.83653460726272 ], [ -97.179292579289168, 49.838769293576668 ], [ -97.179258487732099, 49.841138893146749 ], [ -97.179257999752423, 49.842632009378292 ], [ -97.179264509186481, 49.845051809318193 ], [ -97.179267979634929, 49.845699493511553 ], [ -97.17911560675492, 49.846794488643468 ], [ -97.179104103477698, 49.846964805932458 ], [ -97.178215806027339, 49.84695459988292 ], [ -97.177625688803033, 49.846834092421126 ], [ -97.177445897906907, 49.846804204590306 ], [ -97.17402400498294, 49.846804298145713 ], [ -97.173858213024872, 49.846774707078914 ], [ -97.173756478913901, 49.846719386115907 ], [ -97.173722110781796, 49.846700711878448 ], [ -97.17372189560821, 49.846700594214838 ], [ -97.173323880992612, 49.846204090952256 ], [ -97.173309095856666, 49.846185624814261 ], [ -97.172799287020027, 49.845549704437893 ], [ -97.172619189942935, 49.845324996950595 ], [ -97.172481812196679, 49.845277886387947 ], [ -97.172161088824936, 49.845299803855717 ], [ -97.170291903432513, 49.84592059816967 ], [ -97.168075900077781, 49.846656496731896 ], [ -97.165966883114621, 49.847356801298837 ], [ -97.163835492265775, 49.848064601795244 ], [ -97.161665889243025, 49.848785793881731 ], [ -97.159524701919835, 49.849489396175841 ], [ -97.157397309481269, 49.850193188668257 ], [ -97.155584112007546, 49.850807206765573 ], [ -97.15524109816738, 49.850923388811509 ], [ -97.153156005575326, 49.851609807229131 ], [ -97.152761517878901, 49.851738501854861 ], [ -97.152718112210692, 49.851782809971958 ], [ -97.152717820517537, 49.851790480165114 ], [ -97.152616609952787, 49.851832212343353 ], [ -97.152376987182734, 49.851606406331534 ] ] ] } },
{ "type": "Feature", "properties": { "CTUID": "6020102.02", "greenspace_per_capita": 544.41905821203704 }, "geometry": { "type": "Polygon", "coordinates": [ [ [ -97.096153308287327, 49.851221252912481 ], [ -97.095980812101729, 49.850981717469907 ], [ -97.095934586752534, 49.850803822488039 ], [ -97.095932299212919, 49.850684197202817 ], [ -97.095844963835177, 49.850431927996567 ], [ -97.095741019947511, 49.850191791931977 ], [ -97.09569101970196, 49.849991162804123 ], [ -97.095700460978918, 49.849838358247901 ], [ -97.095703694248613, 49.849436617076563 ], [ -97.095714653743627, 49.849043101260754 ], [ -97.095671336832822, 49.848842815091793 ], [ -97.095583351131282, 49.848797235645797 ], [ -97.095468324621763, 49.848761319454518 ], [ -97.095398414368688, 49.848802046074788 ], [ -97.095243472459828, 49.848885028738657 ], [ -97.09501540806049, 49.848900048366112 ], [ -97.094783203489598, 49.848864995108812 ], [ -97.094411143336174, 49.84870019088347 ], [ -97.094109030382825, 49.848543890591451 ], [ -97.093967645589686, 49.848480287027712 ], [ -97.093766444654889, 49.848479522179602 ], [ -97.093558326828571, 49.848505137882718 ], [ -97.093387933711597, 49.84852553780545 ], [ -97.093258282577835, 49.848519513511583 ], [ -97.093099001687037, 49.84847268655173 ], [ -97.092902476153981, 49.848422283288521 ], [ -97.092718700159935, 49.848356436201463 ], [ -97.092673643065694, 49.848255405775937 ], [ -97.092724998780724, 49.848152809937645 ], [ -97.093192805325799, 49.848040268234314 ], [ -97.093729796272001, 49.847903922507165 ], [ -97.093775079204519, 49.847814578209942 ], [ -97.093845816717206, 49.847715991694912 ], [ -97.093877488804154, 49.847580699731672 ], [ -97.093743636742218, 49.847428340449426 ], [ -97.093545857722916, 49.847247193349048 ], [ -97.09334257489742, 49.847104763137018 ], [ -97.092694084658916, 49.84683146579399 ], [ -97.092465863295899, 49.846719244753814 ], [ -97.092301439921371, 49.846707650033281 ], [ -97.092004670090006, 49.846863519907792 ], [ -97.09173593642295, 49.846948469511062 ], [ -97.091596141682999, 49.846988673127782 ], [ -97.091431195146697, 49.847047410594499 ], [ -97.091223277279553, 49.847067322298692 ], [ -97.091210317655836, 49.847043421955341 ], [ -97.09117117489059, 49.846971217835275 ], [ -97.091263915145404, 49.846885864908735 ], [ -97.09138965920323, 49.846831722875343 ], [ -97.09152200405353, 49.846789227017858 ], [ -97.091612045660952, 49.846716920180064 ], [ -97.091795748534381, 49.846548609341362 ], [ -97.091790238244812, 49.846434355278781 ], [ -97.091680213169752, 49.846320494198196 ], [ -97.091604248298495, 49.846205621324088 ], [ -97.091511542692302, 49.846083313699452 ], [ -97.091408168912579, 49.846016029170464 ], [ -97.091227548613404, 49.846051501846986 ], [ -97.091017297458663, 49.846168320829307 ], [ -97.090812950044864, 49.846291004947133 ], [ -97.090706112398408, 49.846318696367724 ], [ -97.090565331149449, 49.846340773422803 ], [ -97.090348765944142, 49.846332933530178 ], [ -97.090241652066325, 49.846300340275839 ], [ -97.0902344358162, 49.846208776388124 ], [ -97.090355055909626, 49.8461147006565 ], [ -97.090479982143677, 49.846066395396576 ], [ -97.090562405569429, 49.8459983220677 ], [ -97.090521470186815, 49.845880291254105 ], [ -97.090355895558062, 49.845755009425723 ], [ -97.08987594080449, 49.845556425517167 ], [ -97.089702079996655, 49.845476601025581 ], [ -97.089641094609078, 49.845369721530069 ], [ -97.089775980386761, 49.845219346612794 ], [ -97.090078919949917, 49.844934801574155 ], [ -97.090448633291828, 49.844790699047373 ], [ -97.090729151634292, 49.84466240990109 ], [ -97.091632288748215, 49.844325403913324 ], [ -97.09532558740689, 49.84308190049591 ], [ -97.095480984272839, 49.843021493010276 ], [ -97.096445900751206, 49.842694801498261 ], [ -97.099357614689467, 49.841708901789374 ], [ -97.099583094027935, 49.841631589240443 ], [ -97.103657299968262, 49.84024121144364 ], [ -97.107829815797572, 49.838816187505266 ], [ -97.112383786138338, 49.837235405161586 ], [ -97.11236180387921, 49.837441911335716 ], [ -97.112311579348201, 49.838016788171629 ], [ -97.112212011746024, 49.838788698192239 ], [ -97.112210716408811, 49.839535291460116 ], [ -97.112205998707424, 49.840371794576598 ], [ -97.112302011982038, 49.841119887336887 ], [ -97.112385907685606, 49.841822888040397 ], [ -97.112467702160131, 49.842579812434764 ], [ -97.112509013508827, 49.842949306560811 ], [ -97.112588001684585, 49.843778087382518 ], [ -97.108597513759904, 49.845161301065048 ], [ -97.105947898882732, 49.846044491010176 ], [ -97.103537413616863, 49.846859588757653 ], [ -97.101055782633779, 49.847709500047053 ], [ -97.098884207621609, 49.848456504196498 ], [ -97.098755217811856, 49.848515897504164 ], [ -97.099189994793761, 49.849172103171021 ], [ -97.099493908014153, 49.849581906161724 ], [ -97.099732192660369, 49.84989159616827 ], [ -97.099868839579585, 49.850075347727923 ], [ -97.100274000321491, 49.850620108349574 ], [ -97.098929105907317, 49.85113923081596 ], [ -97.098838626416779, 49.851103017656868 ], [ -97.09861367981118, 49.851122197218565 ], [ -97.098446662374172, 49.851136840409808 ], [ -97.098268781689697, 49.851170731707981 ], [ -97.098077816338233, 49.851224015304815 ], [ -97.097968409255714, 49.851277735326377 ], [ -97.09789745987726, 49.851331344864271 ], [ -97.097744551034083, 49.851439098864709 ], [ -97.097613663110479, 49.851615133260673 ], [ -97.097491287001844, 49.85180555633584 ], [ -97.097322416237887, 49.851945293258652 ], [ -97.097171138536211, 49.852036694858661 ], [ -97.097052726657154, 49.852025757671719 ], [ -97.096910212004559, 49.851965345691156 ], [ -97.096750526325749, 49.851754838607135 ], [ -97.096687011885976, 49.851649671743857 ], [ -97.096497156409058, 49.851471025848504 ], [ -97.096367057043196, 49.851405711137531 ], [ -97.096153308287327, 49.851221252912481 ] ] ] } },
{ "type": "Feature", "properties": { "CTUID": "6020503.00", "greenspace_per_capita": 687.39271829508573 }, "geometry": { "type": "Polygon", "coordinates": [ [ [ -97.144450739019305, 49.853075658166098 ], [ -97.14492351229265, 49.852604803885875 ], [ -97.145465419465197, 49.851950169464622 ], [ -97.14547789792671, 49.851390597286567 ], [ -97.145442628776252, 49.85131354529986 ], [ -97.145427659475985, 49.851250348278384 ], [ -97.145402450487936, 49.851182478396339 ], [ -97.145336856245649, 49.851077991450907 ], [ -97.145279660009834, 49.851027590359195 ], [ -97.145216252770027, 49.850956887482333 ], [ -97.145196572633111, 49.850927328383733 ], [ -97.145134071349361, 49.850834130812935 ], [ -97.145063910342529, 49.850758800282286 ], [ -97.145003665923383, 49.850697133216592 ], [ -97.144858520478323, 49.85058233981956 ], [ -97.144705325671353, 49.850496683053422 ], [ -97.144586075236134, 49.850431775910131 ], [ -97.14452460269645, 49.850401593823094 ], [ -97.144473585967873, 49.850371547642958 ], [ -97.144394683551354, 49.850343285442115 ], [ -97.144305395627342, 49.850312633691857 ], [ -97.144229981975144, 49.850284442366195 ], [ -97.144120078693106, 49.850248977233356 ], [ -97.143927565620899, 49.850189689739246 ], [ -97.143851719139974, 49.850172744368194 ], [ -97.143723870400876, 49.850150423476755 ], [ -97.143662068787748, 49.850129180083371 ], [ -97.14362757594543, 49.850121880480117 ], [ -97.14350371954643, 49.850086130575953 ], [ -97.143476127061859, 49.850081175144396 ], [ -97.143187879177233, 49.850069830592673 ], [ -97.143101253943385, 49.850061739133842 ], [ -97.142986526024771, 49.850062140418238 ], [ -97.142895752384348, 49.850069683915791 ], [ -97.142673471504111, 49.850061592471462 ], [ -97.142621375405284, 49.850060772709419 ], [ -97.142432793287369, 49.850080245276743 ], [ -97.142366309390567, 49.850090387329722 ], [ -97.142149153891054, 49.850129626031631 ], [ -97.142027091742293, 49.850138928100897 ], [ -97.141963992837887, 49.850151447991756 ], [ -97.141799559436919, 49.850178025565896 ], [ -97.141550460784899, 49.850234779768918 ], [ -97.141449303656401, 49.850242130050553 ], [ -97.141386314386168, 49.850252393913287 ], [ -97.141302229468792, 49.85026904090175 ], [ -97.141150975394282, 49.850313838001952 ], [ -97.141115721399359, 49.85032674862137 ], [ -97.141020806795652, 49.850352174728357 ], [ -97.14080307061559, 49.850407138098483 ], [ -97.140721996495827, 49.850435078407337 ], [ -97.14066586722474, 49.850447688371908 ], [ -97.140570450855819, 49.850486639496133 ], [ -97.140433720940877, 49.850515941091082 ], [ -97.140321348638537, 49.850543390648191 ], [ -97.140247498386273, 49.850564684461254 ], [ -97.14018792325875, 49.850577246560952 ], [ -97.140131750610408, 49.850589832679333 ], [ -97.13978534128988, 49.850734948089553 ], [ -97.139637459053361, 49.85078204408024 ], [ -97.13950297298976, 49.850842823721436 ], [ -97.139457262196686, 49.850855597299777 ], [ -97.139393756689529, 49.850879282634573 ], [ -97.139256222543167, 49.850928795904345 ], [ -97.139167269317539, 49.850981336506052 ], [ -97.139113818652092, 49.851014178704489 ], [ -97.139002670741533, 49.851079186059771 ], [ -97.138971494453074, 49.85109738483753 ], [ -97.13884499704227, 49.851131332145876 ], [ -97.138770823671024, 49.851161641158974 ], [ -97.138688873911761, 49.851212046685205 ], [ -97.138505004324841, 49.851290036271337 ], [ -97.138357372898867, 49.851330393376124 ], [ -97.138258252408392, 49.851376031767849 ], [ -97.138197759434846, 49.851411035979694 ], [ -97.138074424290977, 49.851454044142677 ], [ -97.137964003850399, 49.851521933292787 ], [ -97.137953403678864, 49.851526278046251 ], [ -97.137900174961487, 49.851554633992947 ], [ -97.137857437105893, 49.851578728616573 ], [ -97.137783255601548, 49.851608985568546 ], [ -97.137521216359559, 49.851730735945196 ], [ -97.137372892847779, 49.851789074964067 ], [ -97.137165238879774, 49.8518531856705 ], [ -97.137101439608841, 49.851883634486057 ], [ -97.137090839252963, 49.851887979152067 ], [ -97.136857805118225, 49.851978690641936 ], [ -97.136801598752868, 49.851993526325664 ], [ -97.136538245444029, 49.852058997278306 ], [ -97.136471251021078, 49.852082635231035 ], [ -97.136397540362765, 49.852099444873801 ], [ -97.136362216114946, 49.852114633091247 ], [ -97.136281172034501, 49.852142542092686 ], [ -97.136186618441812, 49.85215899664076 ], [ -97.136102162610896, 49.852184632034458 ], [ -97.135887497462207, 49.852248676725559 ], [ -97.135781649334987, 49.852287433098475 ], [ -97.135700641960057, 49.852313141595566 ], [ -97.135647520959878, 49.852339240729464 ], [ -97.135566368956219, 49.852369430518586 ], [ -97.135467893525657, 49.852397085042455 ], [ -97.135292551761111, 49.852434735650753 ], [ -97.135187620324288, 49.852451048072162 ], [ -97.135071673332106, 49.852480622669439 ], [ -97.13502970287459, 49.852486728521519 ], [ -97.134918122534231, 49.852493933065951 ], [ -97.13485519879714, 49.852501939287066 ], [ -97.134781707400421, 49.852514236398484 ], [ -97.134687769160507, 49.852514934029045 ], [ -97.134575894063062, 49.852528877389567 ], [ -97.134387155544701, 49.85255284178276 ], [ -97.134373219395727, 49.852554882690264 ], [ -97.134320825641808, 49.852560797728444 ], [ -97.134195117905108, 49.852574474519443 ], [ -97.134055978388375, 49.852574494275636 ], [ -97.133975908811678, 49.8525754295867 ], [ -97.133874680500853, 49.85258507704448 ], [ -97.13365587651397, 49.852577036524195 ], [ -97.133318557365328, 49.852576079025312 ], [ -97.133096274713964, 49.852568042915678 ], [ -97.132930519999775, 49.852536130863385 ], [ -97.132916611484646, 49.85253589447391 ], [ -97.132830299098103, 49.852518726247396 ], [ -97.132681729796332, 49.85249388220857 ], [ -97.132581232749914, 49.852485542861253 ], [ -97.132414894220361, 49.852469331934941 ], [ -97.132258769936229, 49.852460097762524 ], [ -97.132134298596299, 49.852440088728002 ], [ -97.131975011883881, 49.852421792071873 ], [ -97.131888306538173, 49.852415892845343 ], [ -97.131784966829372, 49.852389448682096 ], [ -97.131726475423648, 49.852372778274891 ], [ -97.13148822430307, 49.852328487432771 ], [ -97.131298257459349, 49.852293940941451 ], [ -97.131225747437668, 49.852279289288873 ], [ -97.131070675866411, 49.852243025834689 ], [ -97.130956523553508, 49.852227685445307 ], [ -97.130901262595287, 49.852217797404464 ], [ -97.130814595535128, 49.852209697195484 ], [ -97.130645875045417, 49.852166485021456 ], [ -97.130538731570837, 49.852149035719492 ], [ -97.130514729911738, 49.852139643167696 ], [ -97.13038735374495, 49.85210383281801 ], [ -97.130178854003816, 49.852029239965276 ], [ -97.130054496966807, 49.851988276539245 ], [ -97.129965006819845, 49.851964397877317 ], [ -97.129896164697897, 49.851945281894444 ], [ -97.129725051263009, 49.851872794959988 ], [ -97.129632897750867, 49.851826277098446 ], [ -97.129537018511371, 49.851788750991631 ], [ -97.129462379475214, 49.851740337079782 ], [ -97.129294605928877, 49.851670178766646 ], [ -97.129130909294744, 49.85158658771276 ], [ -97.129015137687844, 49.851523984386176 ], [ -97.128892679549125, 49.851452275093195 ], [ -97.128820723259921, 49.851424145520333 ], [ -97.12869122419815, 49.851354597791421 ], [ -97.128585836961989, 49.851292187253165 ], [ -97.128535299523691, 49.851248635110032 ], [ -97.128340782056426, 49.851153274631017 ], [ -97.128262767694821, 49.851102532694888 ], [ -97.128012632843578, 49.851006326140848 ], [ -97.127802334813623, 49.850868031763497 ], [ -97.127723399891067, 49.850839732589371 ], [ -97.127598253334639, 49.850765735468599 ], [ -97.12743856440332, 49.850668739439094 ], [ -97.127434511364257, 49.850666448382611 ], [ -97.127318298672947, 49.850612840175849 ], [ -97.126959035144367, 49.850460833313484 ], [ -97.12686715065837, 49.850407627454707 ], [ -97.126805582197278, 49.850381887841422 ], [ -97.126716859368159, 49.850337743995922 ], [ -97.126573687719571, 49.850263496551726 ], [ -97.126509029493846, 49.85022644110591 ], [ -97.126441324254102, 49.850178093514145 ], [ -97.126380556437752, 49.850129891287011 ], [ -97.126305813332735, 49.850083730905972 ], [ -97.1261659068944, 49.850014040178351 ], [ -97.125332290377756, 49.849425611940937 ], [ -97.125259786390615, 49.849385045786995 ], [ -97.122325570819385, 49.84775594177723 ], [ -97.120661207334436, 49.846579063140133 ], [ -97.119783420189606, 49.845404463701598 ], [ -97.119568553396704, 49.845041333816702 ], [ -97.119378306656429, 49.844596545646979 ], [ -97.119349937643634, 49.844085611476658 ], [ -97.11934960833662, 49.843739702129056 ], [ -97.119991352612033, 49.842783672692846 ], [ -97.121062220750261, 49.841963249784101 ], [ -97.122198006179829, 49.841642297901558 ], [ -97.123260482389071, 49.8415379657038 ], [ -97.12398914892691, 49.841518348925867 ], [ -97.125223648334355, 49.841752437986777 ], [ -97.126257732397875, 49.842020294061633 ], [ -97.127915893119535, 49.84247734604417 ], [ -97.129960930581163, 49.843265656643574 ], [ -97.132338246611781, 49.843613835685254 ], [ -97.133548052062849, 49.843691003185576 ], [ -97.134696299368201, 49.843492293508746 ], [ -97.135895449794447, 49.84311241380955 ], [ -97.136785060988629, 49.842746298745638 ], [ -97.136880965313523, 49.842693827298916 ], [ -97.136927360715632, 49.84266309821475 ], [ -97.136974264939226, 49.842618895425232 ], [ -97.13702094538921, 49.842579178131757 ], [ -97.137092355818538, 49.842530892263696 ], [ -97.137196794535583, 49.842438088525192 ], [ -97.137258837962605, 49.842362637186852 ], [ -97.137292268127709, 49.842306926949085 ], [ -97.13730700683584, 49.84228469874045 ], [ -97.137339971115551, 49.842242485720092 ], [ -97.137366103862064, 49.842195648963518 ], [ -97.137417398932072, 49.842126799861191 ], [ -97.137447959754653, 49.842055289117575 ], [ -97.137481215399959, 49.842004139289742 ], [ -97.137499555175239, 49.841979752406253 ], [ -97.137529610344018, 49.841921741011298 ], [ -97.137541841032274, 49.841874694211512 ], [ -97.137561803742742, 49.841807528055618 ], [ -97.137584458053766, 49.841760697117437 ], [ -97.137601192040606, 49.841596787463111 ], [ -97.137619595408168, 49.841570095773776 ], [ -97.137645262307331, 49.841354636261343 ], [ -97.137638043820445, 49.841271346613588 ], [ -97.137637462443834, 49.841245338560114 ], [ -97.137804436860378, 49.8412356969692 ], [ -97.138164271959283, 49.841250163707947 ], [ -97.138705128654294, 49.841271892562006 ], [ -97.138842521832046, 49.841290317409538 ], [ -97.140577199813592, 49.841523097957513 ], [ -97.142062506527154, 49.841600891304964 ], [ -97.142673409045642, 49.841628710935112 ], [ -97.142939190199442, 49.841587993015153 ], [ -97.143939618175281, 49.841253191031655 ], [ -97.144080312419788, 49.841210508547938 ], [ -97.145077697487991, 49.840875496073458 ], [ -97.146405479113113, 49.840420089664356 ], [ -97.147602516914375, 49.840034511362859 ], [ -97.148758098841938, 49.839639202807525 ], [ -97.150025887434992, 49.839218703063082 ], [ -97.151265918266148, 49.838797690073719 ], [ -97.151424783704627, 49.839007095307998 ], [ -97.15195270319272, 49.839753099331212 ], [ -97.152391811629059, 49.840272891857623 ], [ -97.152551490335682, 49.840464307220465 ], [ -97.153030582119015, 49.84102960287079 ], [ -97.153183008352826, 49.841409893582117 ], [ -97.153233198164926, 49.841554610759445 ], [ -97.153229112613758, 49.84239110661688 ], [ -97.153105589518489, 49.843441505951574 ], [ -97.153014411280395, 49.844375507099294 ], [ -97.152971707494146, 49.844717001228325 ], [ -97.152894303205528, 49.845336101043216 ], [ -97.152821085534143, 49.846162496772607 ], [ -97.152800713275425, 49.846333101453439 ], [ -97.152708398279188, 49.847294091873472 ], [ -97.152716600161568, 49.848190996198156 ], [ -97.152696613577945, 49.84842390245101 ], [ -97.152638708207377, 49.849115607119487 ], [ -97.15256390039599, 49.849990300862601 ], [ -97.152433387339286, 49.850491894697491 ], [ -97.15220019235143, 49.851135894100118 ], [ -97.151950017387833, 49.851860508039124 ], [ -97.151741503265697, 49.852585698110587 ], [ -97.151731901028597, 49.852837494750474 ], [ -97.151801907608629, 49.853189401054145 ], [ -97.151546310729472, 49.852960391933138 ], [ -97.151204513991402, 49.852802095397486 ], [ -97.150969611899157, 49.85276229899079 ], [ -97.150774591352658, 49.852768195506918 ], [ -97.150015917130304, 49.852963006377983 ], [ -97.149269281390886, 49.853202909115112 ], [ -97.148491600815206, 49.853532296257534 ], [ -97.148264685962772, 49.853645592731311 ], [ -97.146573805860641, 49.854203307426879 ], [ -97.145051214112215, 49.854727607866366 ], [ -97.143012413550238, 49.855412087322435 ], [ -97.142528577060659, 49.854839597760446 ], [ -97.14243246818198, 49.854744453970362 ], [ -97.141903188085919, 49.854155606200379 ], [ -97.143803255578874, 49.853484039995685 ], [ -97.144450739019305, 49.853075658166098 ] ] ] } },
{ "type": "Feature", "properties": { "CTUID": "6020110.04", "greenspace_per_capita": 1746.450955896252 }, "geometry": { "type": "Polygon", "coordinates": [ [ [ -97.04948251817261, 49.84025050771568 ], [ -97.049677096977206, 49.840253701555483 ], [ -97.05117718254462, 49.840306012715779 ], [ -97.054709193372375, 49.840671101389908 ], [ -97.057290918682156, 49.840804406435723 ], [ -97.057499414562599, 49.840807908928255 ], [ -97.064048550045143, 49.8408170418776 ], [ -97.065121114194142, 49.840818508958172 ], [ -97.065287904843387, 49.84082130840244 ], [ -97.07121269580783, 49.840830097146167 ], [ -97.072131117492262, 49.840818409150778 ], [ -97.072270515437907, 49.840811686873494 ], [ -97.07403678993613, 49.840814108322881 ], [ -97.076237007045549, 49.840807010712091 ], [ -97.076446898930101, 49.84080633959293 ], [ -97.076451115315734, 49.840814674141761 ], [ -97.076652720513621, 49.841210766433683 ], [ -97.0767275410754, 49.841357665193662 ], [ -97.076757832210745, 49.841417077705501 ], [ -97.076768916003985, 49.841438880751419 ], [ -97.076790948183898, 49.841482364754199 ], [ -97.076799714064805, 49.841499766022615 ], [ -97.076803294275919, 49.841506867403858 ], [ -97.077774840476351, 49.843429957670942 ], [ -97.077784616725822, 49.843449011890343 ], [ -97.077761661414513, 49.843453695591521 ], [ -97.076929714572927, 49.843623608491242 ], [ -97.076382508620043, 49.843740493274268 ], [ -97.075793699704775, 49.843856609684885 ], [ -97.075383288538177, 49.843954411188342 ], [ -97.074948182823775, 49.843923799820296 ], [ -97.074784687512334, 49.843989308917919 ], [ -97.074644511729929, 49.844055209175281 ], [ -97.073619118185476, 49.844324201217887 ], [ -97.0730434907763, 49.844458605628731 ], [ -97.072552714943711, 49.844558408724104 ], [ -97.071896101322281, 49.844628401697072 ], [ -97.071436686486663, 49.844638805031337 ], [ -97.070798279829958, 49.844601089962616 ], [ -97.069691986293478, 49.844438805821504 ], [ -97.068421005793084, 49.84421969342214 ], [ -97.067784790694432, 49.844128191576473 ], [ -97.067105501835314, 49.84407190905678 ], [ -97.066604290260145, 49.844081505570017 ], [ -97.065987003580801, 49.844215101392059 ], [ -97.065760984058016, 49.844301308357863 ], [ -97.065506511458636, 49.844405001145759 ], [ -97.06537810902698, 49.844483786515013 ], [ -97.065080095626683, 49.844631697410442 ], [ -97.064692592799815, 49.844931106752533 ], [ -97.064489017916813, 49.845152590744341 ], [ -97.064278594503079, 49.845544803547206 ], [ -97.064183285994233, 49.845840112894827 ], [ -97.064146515702745, 49.8460643979707 ], [ -97.064214513814022, 49.846452286633536 ], [ -97.064542899759459, 49.847285310093405 ], [ -97.064757705067365, 49.847828605151257 ], [ -97.064830310096426, 49.8480996913393 ], [ -97.064912181794597, 49.848487804722176 ], [ -97.064889313426903, 49.848712286792249 ], [ -97.064868618147443, 49.848882898205233 ], [ -97.064612186358076, 49.849382401060026 ], [ -97.064081505244104, 49.85012911010282 ], [ -97.063662095202417, 49.850877708587127 ], [ -97.064955282305007, 49.851241087653854 ], [ -97.065187314040344, 49.851352911271213 ], [ -97.065721185035386, 49.851919496111925 ], [ -97.065716482746154, 49.85203641122343 ], [ -97.064828399540048, 49.852327405856435 ], [ -97.064630215585126, 49.852413997761893 ], [ -97.064344603925747, 49.852598096618848 ], [ -97.064654313371406, 49.852855210078999 ], [ -97.065132805788807, 49.853762710667169 ], [ -97.065178189543559, 49.854716913565539 ], [ -97.065118398635775, 49.85551650457019 ], [ -97.065089790983563, 49.855884803265056 ], [ -97.065096898524786, 49.856055808242004 ], [ -97.064693282882118, 49.856058098968106 ], [ -97.050348300567705, 49.856069487941888 ], [ -97.049638802771398, 49.856066588672 ], [ -97.04940241500907, 49.856062598615146 ], [ -97.048442693530475, 49.856055396294067 ], [ -97.04546550594327, 49.856050203915231 ], [ -97.044630490695951, 49.85605409710795 ], [ -97.044131802981781, 49.856000788134132 ], [ -97.038400218344123, 49.855984805665919 ], [ -97.035454014284127, 49.855985202496008 ], [ -97.033655712712232, 49.85598539436041 ], [ -97.03239380152894, 49.855882992542021 ], [ -97.029711804044325, 49.855459600553608 ], [ -97.02828860426213, 49.855219596435333 ], [ -97.026769716323585, 49.855132498076465 ], [ -97.027106284782263, 49.854898754279233 ], [ -97.027336028307417, 49.854717760499582 ], [ -97.027336028301534, 49.854717760498595 ], [ -97.027336028306934, 49.854717760494346 ], [ -97.027335088702401, 49.854717603044541 ], [ -97.027075287279828, 49.85460521391083 ], [ -97.026915097272536, 49.854440607972066 ], [ -97.02688098704779, 49.85425109428504 ], [ -97.026924289200181, 49.852506791839289 ], [ -97.026910095417477, 49.847388305213023 ], [ -97.026882805856758, 49.841567896198278 ], [ -97.026866817648951, 49.839763005485459 ], [ -97.026866716840104, 49.839753935878704 ], [ -97.026866716840033, 49.839753935873397 ], [ -97.04948251817261, 49.84025050771568 ] ] ] } },
{ "type": "Feature", "properties": { "CTUID": "6020110.02", "greenspace_per_capita": 871.69953218505259 }, "geometry": { "type": "Polygon", "coordinates": [ [ [ -97.09091569130527, 49.857572513335334 ], [ -97.089940904216974, 49.857241607835064 ], [ -97.088761784745557, 49.856799410749701 ], [ -97.088116385180328, 49.856581807990622 ], [ -97.087937799419223, 49.856524903778876 ], [ -97.087456085128423, 49.85639100712114 ], [ -97.086904210556185, 49.856274001145493 ], [ -97.085520201560357, 49.856089194558642 ], [ -97.085006406406123, 49.856062699270261 ], [ -97.085006005868735, 49.856062694705173 ], [ -97.084280361441515, 49.856062041242581 ], [ -97.084267322214757, 49.85606203615454 ], [ -97.084130961613653, 49.856061914537655 ], [ -97.080401302735623, 49.856058493173009 ], [ -97.079636913570056, 49.856036798280684 ], [ -97.078684473350378, 49.856029943629665 ], [ -97.078607696646017, 49.856028796876394 ], [ -97.078510383773875, 49.856027188955103 ], [ -97.077605911340797, 49.85603018872137 ], [ -97.074530892315323, 49.856033111844319 ], [ -97.065848012467768, 49.856059391352026 ], [ -97.065388799313851, 49.856060699309133 ], [ -97.065096898524786, 49.856055808242004 ], [ -97.065089790983563, 49.855884803265056 ], [ -97.065118398635775, 49.85551650457019 ], [ -97.065178189543559, 49.854716913565539 ], [ -97.065132805788807, 49.853762710667169 ], [ -97.064654313371406, 49.852855210078999 ], [ -97.064344603925747, 49.852598096618848 ], [ -97.064630215585126, 49.852413997761893 ], [ -97.064828399540048, 49.852327405856435 ], [ -97.065716482746154, 49.85203641122343 ], [ -97.065721185035386, 49.851919496111925 ], [ -97.065187314040344, 49.851352911271213 ], [ -97.064955282305007, 49.851241087653854 ], [ -97.063662095202417, 49.850877708587127 ], [ -97.064081505244104, 49.85012911010282 ], [ -97.064612186358076, 49.849382401060026 ], [ -97.064868618147443, 49.848882898205233 ], [ -97.064889313426903, 49.848712286792249 ], [ -97.064912181794597, 49.848487804722176 ], [ -97.064830310096426, 49.8480996913393 ], [ -97.064757705067365, 49.847828605151257 ], [ -97.064542899759459, 49.847285310093405 ], [ -97.064214513814022, 49.846452286633536 ], [ -97.064146515702745, 49.8460643979707 ], [ -97.064183285994233, 49.845840112894827 ], [ -97.064278594503079, 49.845544803547206 ], [ -97.064489017916813, 49.845152590744341 ], [ -97.064692592799815, 49.844931106752533 ], [ -97.065080095626683, 49.844631697410442 ], [ -97.06537810902698, 49.844483786515013 ], [ -97.065506511458636, 49.844405001145759 ], [ -97.065760984058016, 49.844301308357863 ], [ -97.065987003580801, 49.844215101392059 ], [ -97.066604290260145, 49.844081505570017 ], [ -97.067105501835314, 49.84407190905678 ], [ -97.067784790694432, 49.844128191576473 ], [ -97.068421005793084, 49.84421969342214 ], [ -97.069691986293478, 49.844438805821504 ], [ -97.070798279829958, 49.844601089962616 ], [ -97.071436686486663, 49.844638805031337 ], [ -97.071896101322281, 49.844628401697072 ], [ -97.072552714943711, 49.844558408724104 ], [ -97.0730434907763, 49.844458605628731 ], [ -97.073619118185476, 49.844324201217887 ], [ -97.074644511729929, 49.844055209175281 ], [ -97.074784687512334, 49.843989308917919 ], [ -97.074948182823775, 49.843923799820296 ], [ -97.075383288538177, 49.843954411188342 ], [ -97.075793699704775, 49.843856609684885 ], [ -97.076382508620043, 49.843740493274268 ], [ -97.076929714572927, 49.843623608491242 ], [ -97.077761661414513, 49.843453695591521 ], [ -97.077784616725822, 49.843449011890343 ], [ -97.077774840476351, 49.843429957670942 ], [ -97.076803294275919, 49.841506867403858 ], [ -97.076799714064805, 49.841499766022615 ], [ -97.076790948183898, 49.841482364754199 ], [ -97.076768916003985, 49.841438880751419 ], [ -97.076757832210745, 49.841417077705501 ], [ -97.0767275410754, 49.841357665193662 ], [ -97.076652720513621, 49.841210766433683 ], [ -97.076451115315734, 49.840814674141761 ], [ -97.076446898930101, 49.84080633959293 ], [ -97.076485823688913, 49.840806212295107 ], [ -97.081757215282181, 49.840789195458619 ], [ -97.081954899402746, 49.840792496815617 ], [ -97.082333094149647, 49.840787600054796 ], [ -97.083693215106777, 49.840722307235971 ], [ -97.08412621294724, 49.840675498479051 ], [ -97.085008998545092, 49.840510187328945 ], [ -97.088466064449463, 49.839609389660218 ], [ -97.088707531762523, 49.839546455910444 ], [ -97.088553520699961, 49.839922848106852 ], [ -97.088448110492564, 49.840163699951916 ], [ -97.088279152421023, 49.840378017290725 ], [ -97.088130697904575, 49.840513415218958 ], [ -97.087975349827474, 49.840652773787923 ], [ -97.087935024951292, 49.840714182597964 ], [ -97.087923144830967, 49.840809992700564 ], [ -97.088036128694185, 49.841036250714524 ], [ -97.088141260337707, 49.841185692964523 ], [ -97.0882571758398, 49.84127470333911 ], [ -97.088648055191328, 49.84158972991397 ], [ -97.088643759450918, 49.841723456463114 ], [ -97.088603782154053, 49.841823735720588 ], [ -97.088482561255177, 49.841889449677893 ], [ -97.088412033660902, 49.841924023706838 ], [ -97.088227423002778, 49.841950317539954 ], [ -97.088152620262335, 49.841951918877342 ], [ -97.088027153708907, 49.841947812420408 ], [ -97.087896016736892, 49.841942818096584 ], [ -97.087744422662766, 49.841921588041792 ], [ -97.087461767124395, 49.841847549919976 ], [ -97.087255644938168, 49.841816627920856 ], [ -97.087163375550276, 49.841812926278763 ], [ -97.087014566577466, 49.841877080709672 ], [ -97.086908116342585, 49.842008018834207 ], [ -97.086883874983116, 49.842055074612844 ], [ -97.086748347535845, 49.842284961370666 ], [ -97.086694182908886, 49.842368670480823 ], [ -97.086611754503863, 49.84242631977552 ], [ -97.086507417766242, 49.842464810984872 ], [ -97.086404361286085, 49.842469672031157 ], [ -97.086273776959985, 49.842396410349188 ], [ -97.086183527628151, 49.842254551658264 ], [ -97.086151663886881, 49.842171255666727 ], [ -97.086119822249259, 49.842015508283559 ], [ -97.086039794607728, 49.841983255179478 ], [ -97.08591037350709, 49.842020675209703 ], [ -97.085830934134592, 49.842138617542702 ], [ -97.085808342989154, 49.842463078595209 ], [ -97.085884156320262, 49.842739177559416 ], [ -97.085992175977793, 49.843108173576113 ], [ -97.086017564645886, 49.843285803468859 ], [ -97.086097858150154, 49.843407843169096 ], [ -97.086201030891431, 49.843578362699311 ], [ -97.086218900112286, 49.84364624299333 ], [ -97.086252771405952, 49.843701300520209 ], [ -97.086357418414451, 49.843752619523109 ], [ -97.086542902968233, 49.843733755655173 ], [ -97.086840744057241, 49.843659269894573 ], [ -97.08723224237086, 49.843571397496298 ], [ -97.087393116908572, 49.843482605689829 ], [ -97.087611966990281, 49.843286009295966 ], [ -97.087768593577408, 49.843203441629718 ], [ -97.087902746820419, 49.84315919971543 ], [ -97.088069137012027, 49.843164697403537 ], [ -97.088239235967549, 49.843199344933439 ], [ -97.088359094610723, 49.843268391728444 ], [ -97.088462279218135, 49.843388022434986 ], [ -97.088546260405963, 49.843524214896654 ], [ -97.08850753497245, 49.843583755227442 ], [ -97.088477492814462, 49.843682316910993 ], [ -97.088423101123496, 49.843764229575854 ], [ -97.088268399334353, 49.843893988173122 ], [ -97.088048822533665, 49.844118188526615 ], [ -97.087972450673902, 49.844259913830463 ], [ -97.087891651627316, 49.84446175921596 ], [ -97.087854625138689, 49.844628954713116 ], [ -97.087836918856837, 49.844696581696354 ], [ -97.087895557607141, 49.844848862081164 ], [ -97.088027849444671, 49.844943001941736 ], [ -97.088152987631858, 49.844987825234341 ], [ -97.088308018125147, 49.844976577323067 ], [ -97.088586294431806, 49.844850094620291 ], [ -97.088864902494691, 49.844697322781819 ], [ -97.089008353010925, 49.844551406371203 ], [ -97.089117465139552, 49.844448610629037 ], [ -97.089246361768232, 49.844363353040215 ], [ -97.089535090093719, 49.844298316246494 ], [ -97.08982749482476, 49.844291390302992 ], [ -97.090000747130759, 49.844378408751233 ], [ -97.090157366797214, 49.844526688280837 ], [ -97.090244526224154, 49.844696583754668 ], [ -97.090205010675305, 49.844796400617284 ], [ -97.090128573156889, 49.844876617931675 ], [ -97.090078919949917, 49.844934801574155 ], [ -97.089775980386761, 49.845219346612794 ], [ -97.089641094609078, 49.845369721530069 ], [ -97.089702079996655, 49.845476601025581 ], [ -97.08987594080449, 49.845556425517167 ], [ -97.090355895558062, 49.845755009425723 ], [ -97.090521470186815, 49.845880291254105 ], [ -97.090562405569429, 49.8459983220677 ], [ -97.090479982143677, 49.846066395396576 ], [ -97.090355055909626, 49.8461147006565 ], [ -97.0902344358162, 49.846208776388124 ], [ -97.090241652066325, 49.846300340275839 ], [ -97.090348765944142, 49.846332933530178 ], [ -97.090565331149449, 49.846340773422803 ], [ -97.090706112398408, 49.846318696367724 ], [ -97.090812950044864, 49.846291004947133 ], [ -97.091017297458663, 49.846168320829307 ], [ -97.091227548613404, 49.846051501846986 ], [ -97.091408168912579, 49.846016029170464 ], [ -97.091511542692302, 49.846083313699452 ], [ -97.091604248298495, 49.846205621324088 ], [ -97.091680213169752, 49.846320494198196 ], [ -97.091790238244812, 49.846434355278781 ], [ -97.091795748534381, 49.846548609341362 ], [ -97.091612045660952, 49.846716920180064 ], [ -97.09152200405353, 49.846789227017858 ], [ -97.09138965920323, 49.846831722875343 ], [ -97.091263915145404, 49.846885864908735 ], [ -97.09117117489059, 49.846971217835275 ], [ -97.091210317655836, 49.847043421955341 ], [ -97.091223277279553, 49.847067322298692 ], [ -97.091431195146697, 49.847047410594499 ], [ -97.091596141682999, 49.846988673127782 ], [ -97.09173593642295, 49.846948469511062 ], [ -97.092004670090006, 49.846863519907792 ], [ -97.092301439921371, 49.846707650033281 ], [ -97.092465863295899, 49.846719244753814 ], [ -97.092694084658916, 49.84683146579399 ], [ -97.09334257489742, 49.847104763137018 ], [ -97.093545857722916, 49.847247193349048 ], [ -97.093743636742218, 49.847428340449426 ], [ -97.093877488804154, 49.847580699731672 ], [ -97.093845816717206, 49.847715991694912 ], [ -97.093775079204519, 49.847814578209942 ], [ -97.093729796272001, 49.847903922507165 ], [ -97.093192805325799, 49.848040268234314 ], [ -97.092724998780724, 49.848152809937645 ], [ -97.092673643065694, 49.848255405775937 ], [ -97.092718700159935, 49.848356436201463 ], [ -97.092902476153981, 49.848422283288521 ], [ -97.093099001687037, 49.84847268655173 ], [ -97.093258282577835, 49.848519513511583 ], [ -97.093387933711597, 49.84852553780545 ], [ -97.093558326828571, 49.848505137882718 ], [ -97.093766444654889, 49.848479522179602 ], [ -97.093967645589686, 49.848480287027712 ], [ -97.094109030382825, 49.848543890591451 ], [ -97.094411143336174, 49.84870019088347 ], [ -97.094783203489598, 49.848864995108812 ], [ -97.09501540806049, 49.848900048366112 ], [ -97.095243472459828, 49.848885028738657 ], [ -97.095398414368688, 49.848802046074788 ], [ -97.095468324621763, 49.848761319454518 ], [ -97.095583351131282, 49.848797235645797 ], [ -97.095671336832822, 49.848842815091793 ], [ -97.095714653743627, 49.849043101260754 ], [ -97.095703694248613, 49.849436617076563 ], [ -97.095700460978918, 49.849838358247901 ], [ -97.09569101970196, 49.849991162804123 ], [ -97.095741019947511, 49.850191791931977 ], [ -97.095844963835177, 49.850431927996567 ], [ -97.095932299212919, 49.850684197202817 ], [ -97.095934586752534, 49.850803822488039 ], [ -97.095980812101729, 49.850981717469907 ], [ -97.096153308287327, 49.851221252912481 ], [ -97.096367057043196, 49.851405711137531 ], [ -97.096497156409058, 49.851471025848504 ], [ -97.096687011885976, 49.851649671743857 ], [ -97.096750526325749, 49.851754838607135 ], [ -97.096910212004559, 49.851965345691156 ], [ -97.097052726657154, 49.852025757671719 ], [ -97.097171138536211, 49.852036694858661 ], [ -97.097322416237887, 49.851945293258652 ], [ -97.097491287001844, 49.85180555633584 ], [ -97.097613663110479, 49.851615133260673 ], [ -97.097744551034083, 49.851439098864709 ], [ -97.09789745987726, 49.851331344864271 ], [ -97.097968409255714, 49.851277735326377 ], [ -97.098077816338233, 49.851224015304815 ], [ -97.098268781689697, 49.851170731707981 ], [ -97.098446662374172, 49.851136840409808 ], [ -97.09861367981118, 49.851122197218565 ], [ -97.098838626416779, 49.851103017656868 ], [ -97.098929105907317, 49.85113923081596 ], [ -97.098984325650264, 49.851211611113108 ], [ -97.099037073351013, 49.851561294004703 ], [ -97.099059092012297, 49.851850323699821 ], [ -97.099032501400529, 49.85206581915574 ], [ -97.09896756062129, 49.852143027919873 ], [ -97.098796068200471, 49.852227364574411 ], [ -97.098343692611024, 49.852446472636231 ], [ -97.098170382896726, 49.852567390615427 ], [ -97.097959538052748, 49.852675285308663 ], [ -97.097881544809198, 49.852708170273679 ], [ -97.097708935823718, 49.852766215185582 ], [ -97.097440295445082, 49.852855261293662 ], [ -97.097224504484373, 49.85288830050883 ], [ -97.096956660999865, 49.852826421556479 ], [ -97.09667050253158, 49.852690814236759 ], [ -97.096378759722654, 49.852598608930379 ], [ -97.096247461610446, 49.852719094890496 ], [ -97.096123173483747, 49.852929735834259 ], [ -97.096118778809952, 49.853174224153889 ], [ -97.096229053282883, 49.853498788056982 ], [ -97.096182606696772, 49.853570225904221 ], [ -97.09599185364722, 49.853590447334568 ], [ -97.09565347845566, 49.853568264722924 ], [ -97.095489498200308, 49.85362439783831 ], [ -97.095504312780832, 49.85370550089209 ], [ -97.09560209299471, 49.853776702415125 ], [ -97.095941421809457, 49.853857506336944 ], [ -97.096283400128385, 49.854082093877508 ], [ -97.096474206127397, 49.854149502091509 ], [ -97.096615191475877, 49.854070156609758 ], [ -97.096787532941192, 49.85392304698366 ], [ -97.097005499029123, 49.853802234221675 ], [ -97.097108804631659, 49.853688978981261 ], [ -97.097207474075489, 49.853626264576747 ], [ -97.097370906196232, 49.853548592080358 ], [ -97.097442849820681, 49.853537569661412 ], [ -97.097548568829424, 49.853564982361945 ], [ -97.097633613726614, 49.853639472347808 ], [ -97.097740982439902, 49.853801853627793 ], [ -97.097773717420253, 49.853936588004288 ], [ -97.09776041703617, 49.854093893425343 ], [ -97.097715235348886, 49.854359071388807 ], [ -97.097682410474562, 49.854628633369778 ], [ -97.09766997207818, 49.854734668187341 ], [ -97.097550653789952, 49.855018795143941 ], [ -97.09731953049176, 49.855239424900581 ], [ -97.097025362106436, 49.855372444348774 ], [ -97.096564093385112, 49.855461563600876 ], [ -97.096338112628672, 49.855547816424924 ], [ -97.096118683193609, 49.855711837267251 ], [ -97.096023675297104, 49.855804273550213 ], [ -97.095986933981308, 49.855973223145881 ], [ -97.09613410398714, 49.85616891293089 ], [ -97.096219532504179, 49.856247961441767 ], [ -97.096316762205603, 49.856380683534816 ], [ -97.096608636440195, 49.856709358693656 ], [ -97.096791370653563, 49.856922314509916 ], [ -97.096969798697415, 49.857079826670081 ], [ -97.097143927701183, 49.857232783936773 ], [ -97.097228882930466, 49.857368952597071 ], [ -97.097246831041971, 49.857473343297805 ], [ -97.097174861129957, 49.857533471835715 ], [ -97.097036832667328, 49.857562366390184 ], [ -97.096772421676434, 49.857580048660886 ], [ -97.096400910740925, 49.857556735840006 ], [ -97.095922444336622, 49.857507985820888 ], [ -97.095690375562668, 49.85744551394798 ], [ -97.095413475875333, 49.857450876939083 ], [ -97.095211076204393, 49.857513555275794 ], [ -97.095048304143631, 49.857588086053077 ], [ -97.094914255582466, 49.85770597679614 ], [ -97.094857861294656, 49.857815542532251 ], [ -97.094843036944368, 49.857888166537599 ], [ -97.094845734358032, 49.857942920146577 ], [ -97.094889226733414, 49.858024643427072 ], [ -97.094432286737558, 49.858017095362044 ], [ -97.093070287005062, 49.857976695551066 ], [ -97.092543686572412, 49.857923096198299 ], [ -97.091990679784502, 49.857832991533343 ], [ -97.09091569130527, 49.857572513335334 ] ] ] } },
{ "type": "Feature", "properties": { "CTUID": "6020102.03", "greenspace_per_capita": 326.22555290001475 }, "geometry": { "type": "Polygon", "coordinates": [ [ [ -97.097442849820681, 49.853537569661412 ], [ -97.097370906196232, 49.853548592080358 ], [ -97.097207474075489, 49.853626264576747 ], [ -97.097108804631659, 49.853688978981261 ], [ -97.097005499029123, 49.853802234221675 ], [ -97.096787532941192, 49.85392304698366 ], [ -97.096615191475877, 49.854070156609758 ], [ -97.096474206127397, 49.854149502091509 ], [ -97.096283400128385, 49.854082093877508 ], [ -97.095941421809457, 49.853857506336944 ], [ -97.09560209299471, 49.853776702415125 ], [ -97.095504312780832, 49.85370550089209 ], [ -97.095489498200308, 49.85362439783831 ], [ -97.09565347845566, 49.853568264722924 ], [ -97.09599185364722, 49.853590447334568 ], [ -97.096182606696772, 49.853570225904221 ], [ -97.096229053282883, 49.853498788056982 ], [ -97.096118778809952, 49.853174224153889 ], [ -97.096123173483747, 49.852929735834259 ], [ -97.096247461610446, 49.852719094890496 ], [ -97.096378759722654, 49.852598608930379 ], [ -97.09667050253158, 49.852690814236759 ], [ -97.096956660999865, 49.852826421556479 ], [ -97.097224504484373, 49.85288830050883 ], [ -97.097440295445082, 49.852855261293662 ], [ -97.097708935823718, 49.852766215185582 ], [ -97.097881544809198, 49.852708170273679 ], [ -97.097959538052748, 49.852675285308663 ], [ -97.098170382896726, 49.852567390615427 ], [ -97.098343692611024, 49.852446472636231 ], [ -97.098796068200471, 49.852227364574411 ], [ -97.09896756062129, 49.852143027919873 ], [ -97.099032501400529, 49.85206581915574 ], [ -97.099059092012297, 49.851850323699821 ], [ -97.099037073351013, 49.851561294004703 ], [ -97.098984325650264, 49.851211611113108 ], [ -97.098929105907317, 49.85113923081596 ], [ -97.100274000321491, 49.850620108349574 ], [ -97.099868839579585, 49.850075347727923 ], [ -97.099732192660369, 49.84989159616827 ], [ -97.099493908014153, 49.849581906161724 ], [ -97.099189994793761, 49.849172103171021 ], [ -97.098755217811856, 49.848515897504164 ], [ -97.098884207621609, 49.848456504196498 ], [ -97.101055782633779, 49.847709500047053 ], [ -97.103537413616863, 49.846859588757653 ], [ -97.105947898882732, 49.846044491010176 ], [ -97.108597513759904, 49.845161301065048 ], [ -97.112588001684585, 49.843778087382518 ], [ -97.112683015813204, 49.84455329011125 ], [ -97.112754598959199, 49.845570897586597 ], [ -97.112616995272376, 49.846603104075015 ], [ -97.1124835835043, 49.847527391104414 ], [ -97.112366296442744, 49.848397990739805 ], [ -97.112217905154779, 49.849349096542298 ], [ -97.109426304580765, 49.850302004941675 ], [ -97.10825618701702, 49.850696701111765 ], [ -97.107071883752084, 49.851100104417952 ], [ -97.105789179154343, 49.851528888816176 ], [ -97.10456269831738, 49.851940588511283 ], [ -97.103350193762424, 49.852352612575487 ], [ -97.102377806331916, 49.852669506573818 ], [ -97.102122287174168, 49.852800195849184 ], [ -97.101938390725877, 49.852878192441096 ], [ -97.102308986260539, 49.853361004413081 ], [ -97.102905095056727, 49.854126311867873 ], [ -97.100511516724197, 49.854851708497527 ], [ -97.100271595459688, 49.854937705631656 ], [ -97.099757702867876, 49.855271110568715 ], [ -97.099418683407094, 49.855400503713433 ], [ -97.097322912362586, 49.85598659899793 ], [ -97.097322604374426, 49.855986692984324 ], [ -97.096589047750498, 49.856171619397536 ], [ -97.096451402503547, 49.856206310902252 ], [ -97.096451094511735, 49.856206404886009 ], [ -97.096279199513802, 49.856237232057886 ], [ -97.096254918812946, 49.856241602754572 ], [ -97.096219532504179, 49.856247961441767 ], [ -97.09613410398714, 49.85616891293089 ], [ -97.095986933981308, 49.855973223145881 ], [ -97.096023675297104, 49.855804273550213 ], [ -97.096118683193609, 49.855711837267251 ], [ -97.096338112628672, 49.855547816424924 ], [ -97.096564093385112, 49.855461563600876 ], [ -97.097025362106436, 49.855372444348774 ], [ -97.09731953049176, 49.855239424900581 ], [ -97.097550653789952, 49.855018795143941 ], [ -97.09766997207818, 49.854734668187341 ], [ -97.097682410474562, 49.854628633369778 ], [ -97.097715235348886, 49.854359071388807 ], [ -97.09776041703617, 49.854093893425343 ], [ -97.097773717420253, 49.853936588004288 ], [ -97.097740982439902, 49.853801853627793 ], [ -97.097633613726614, 49.853639472347808 ], [ -97.097548568829424, 49.853564982361945 ], [ -97.097442849820681, 49.853537569661412 ] ] ] } },
{ "type": "Feature", "properties": { "CTUID": "6020522.02", "greenspace_per_capita": 957.61768209016975 }, "geometry": { "type": "Polygon", "coordinates": [ [ [ -97.271948584561002, 49.841288090517217 ], [ -97.271978274597558, 49.841657095921164 ], [ -97.272042311729237, 49.841788029336072 ], [ -97.272085888516756, 49.845420504309566 ], [ -97.271967188892319, 49.846408192945255 ], [ -97.271869786040014, 49.847189304230852 ], [ -97.271772685135787, 49.847961503691948 ], [ -97.271725991506557, 49.848491509848863 ], [ -97.271704381968917, 49.848707005285185 ], [ -97.271619907492422, 49.849515290935152 ], [ -97.271382597982779, 49.851877406424045 ], [ -97.271307188323945, 49.852820805245507 ], [ -97.271082190618472, 49.855228098567409 ], [ -97.27072658954873, 49.859342512483082 ], [ -97.270707912842497, 49.859477104913587 ], [ -97.268261492297938, 49.859370400825206 ], [ -97.267665010083533, 49.85934430579681 ], [ -97.267387317144056, 49.859332195462017 ], [ -97.265911492327362, 49.859267799081024 ], [ -97.265692798199353, 49.859258309767405 ], [ -97.26333059031812, 49.859168888632745 ], [ -97.26157999883678, 49.859097705517271 ], [ -97.259968503915687, 49.859028495942368 ], [ -97.258495703850485, 49.858970392887905 ], [ -97.256495209662845, 49.858886389003324 ], [ -97.254063817849342, 49.858809443967736 ], [ -97.253785087760917, 49.858800611453368 ], [ -97.251021759893192, 49.858710126404766 ], [ -97.250727605664594, 49.858700502005306 ], [ -97.25073191866592, 49.85858369766914 ], [ -97.250754879643495, 49.857945389891519 ], [ -97.25097358616722, 49.857669790282586 ], [ -97.251175413748584, 49.857475008985425 ], [ -97.250830706936355, 49.857463296341649 ], [ -97.251108977756743, 49.852132098636744 ], [ -97.251413116095478, 49.846302574120301 ], [ -97.251574993591106, 49.843199995192819 ], [ -97.25547291411435, 49.842841996920264 ], [ -97.258027205768514, 49.842592489246485 ], [ -97.260525012912694, 49.842369191737156 ], [ -97.271948584561002, 49.841288090517217 ] ] ] } },
{ "type": "Feature", "properties": { "CTUID": "6020521.01", "greenspace_per_capita": 1660.4309007219913 }, "geometry": { "type": "Polygon", "coordinates": [ [ [ -97.287633482730143, 49.840011502136143 ], [ -97.298832496940875, 49.839537793223641 ], [ -97.303233996190102, 49.839350399285237 ], [ -97.308847406439838, 49.839108700614652 ], [ -97.308904966560149, 49.839966701151248 ], [ -97.30891971798664, 49.839993195299115 ], [ -97.309087309059635, 49.8402943191318 ], [ -97.309087303023404, 49.840898556547181 ], [ -97.308958090386852, 49.841260140390936 ], [ -97.30918242416891, 49.84126264584355 ], [ -97.309310492846592, 49.841348962892837 ], [ -97.309318805594003, 49.841493651545115 ], [ -97.309148198310012, 49.841568163978266 ], [ -97.309010388587183, 49.841567919815731 ], [ -97.308904888556953, 49.841509137272219 ], [ -97.308694446732261, 49.841548665768727 ], [ -97.308597655215124, 49.84170120160212 ], [ -97.308276457016291, 49.845035159027518 ], [ -97.308132638800174, 49.84652783688351 ], [ -97.308105796857376, 49.846806490635352 ], [ -97.308105702729677, 49.846806987283152 ], [ -97.307723306403275, 49.850192009022059 ], [ -97.307567298391902, 49.851871796314484 ], [ -97.307208712553432, 49.855365608246608 ], [ -97.306576989608885, 49.861895697830519 ], [ -97.306571606904768, 49.86204850179783 ], [ -97.303087409559765, 49.861412901359294 ], [ -97.301207284868411, 49.86106149588386 ], [ -97.300938531898822, 49.861012927256297 ], [ -97.299257807255898, 49.860709110142658 ], [ -97.298410881707696, 49.860557412403018 ], [ -97.296851901459547, 49.860277987221281 ], [ -97.29506861164738, 49.859945996779665 ], [ -97.294667512435993, 49.859877107300939 ], [ -97.293797255817282, 49.859721748026104 ], [ -97.292745596708258, 49.859533991095525 ], [ -97.292141234054071, 49.859424701652166 ], [ -97.290146411091555, 49.859063892653673 ], [ -97.287906519776158, 49.858662110374922 ], [ -97.28591578539465, 49.858299805046485 ], [ -97.285935986541304, 49.858120196032587 ], [ -97.286382407218596, 49.853368490739044 ], [ -97.286600003896581, 49.851150009840318 ], [ -97.287091083477407, 49.846308910499076 ], [ -97.287210600371949, 49.844502706906056 ], [ -97.287298604492776, 49.843190697077496 ], [ -97.287633482730143, 49.840011502136143 ] ] ] } },
{ "type": "Feature", "properties": { "CTUID": "6020520.03", "greenspace_per_capita": 631.24001671784401 }, "geometry": { "type": "Polygon", "coordinates": [ [ [ -97.308694446732261, 49.841548665768727 ], [ -97.308904888556953, 49.841509137272219 ], [ -97.309010388587183, 49.841567919815731 ], [ -97.309148198310012, 49.841568163978266 ], [ -97.309318805594003, 49.841493651545115 ], [ -97.309310492846592, 49.841348962892837 ], [ -97.30918242416891, 49.84126264584355 ], [ -97.308958090386852, 49.841260140390936 ], [ -97.309087303023404, 49.840898556547181 ], [ -97.309087309059635, 49.8402943191318 ], [ -97.30891971798664, 49.839993195299115 ], [ -97.308904966560149, 49.839966701151248 ], [ -97.308847406439838, 49.839108700614652 ], [ -97.309626803708255, 49.839093111934737 ], [ -97.320268997071537, 49.838618108708943 ], [ -97.32074128699513, 49.838634012374712 ], [ -97.321198808312573, 49.838676599250398 ], [ -97.321199089610531, 49.838676609475016 ], [ -97.321823911727861, 49.838787303801851 ], [ -97.322194114544516, 49.838852898299173 ], [ -97.322927414025955, 49.838962493799052 ], [ -97.323510683728585, 49.838988894758472 ], [ -97.324317800270805, 49.83897358726486 ], [ -97.324485009531088, 49.838967001062123 ], [ -97.324424294057167, 49.839514800848804 ], [ -97.323768681724871, 49.846809205109494 ], [ -97.322920793679231, 49.854829504501502 ], [ -97.323074280887852, 49.856423806332721 ], [ -97.324072697286567, 49.860944706502998 ], [ -97.324686489996708, 49.863715009006199 ], [ -97.324716189115236, 49.863856995640887 ], [ -97.324758116928507, 49.864057795945349 ], [ -97.324778085347916, 49.864141994232789 ], [ -97.324794591998071, 49.864211304699758 ], [ -97.324570810190693, 49.864244001645012 ], [ -97.324081482266337, 49.864308896508824 ], [ -97.32353500200729, 49.864355988181082 ], [ -97.3218484193102, 49.864501494146417 ], [ -97.321166297575331, 49.864509602271404 ], [ -97.320721209348292, 49.864503086995299 ], [ -97.320166095852016, 49.864459097230387 ], [ -97.319456083966301, 49.864361551747308 ], [ -97.319141289837319, 49.864318303488318 ], [ -97.318780907145523, 49.864253297719472 ], [ -97.317292992088184, 49.863984999843673 ], [ -97.31709145124259, 49.86394870010492 ], [ -97.317026017048974, 49.863936891149251 ], [ -97.317025483595629, 49.863936791437496 ], [ -97.31652700494368, 49.863866590106376 ], [ -97.313913686635459, 49.863387908273985 ], [ -97.313609621026885, 49.863329510950138 ], [ -97.313443902322248, 49.863291112865546 ], [ -97.31282059119836, 49.86317779523381 ], [ -97.311992089111669, 49.863027099378591 ], [ -97.311010194129267, 49.862850891133327 ], [ -97.30957199109298, 49.86259599589075 ], [ -97.308161198556434, 49.86235060607914 ], [ -97.306571606904768, 49.86204850179783 ], [ -97.306576989608885, 49.861895697830519 ], [ -97.307208712553432, 49.855365608246608 ], [ -97.307567298391902, 49.851871796314484 ], [ -97.307723306403275, 49.850192009022059 ], [ -97.308105702729677, 49.846806987283152 ], [ -97.308105796857376, 49.846806490635352 ], [ -97.308132638800174, 49.84652783688351 ], [ -97.308276457016291, 49.845035159027518 ], [ -97.308597655215124, 49.84170120160212 ], [ -97.308694446732261, 49.841548665768727 ] ] ] } },
{ "type": "Feature", "properties": { "CTUID": "6020521.02", "greenspace_per_capita": 1530.8277564385457 }, "geometry": { "type": "Polygon", "coordinates": [ [ [ -97.297730825692682, 49.863865912838364 ], [ -97.296271404779617, 49.864009995280121 ], [ -97.295105303078103, 49.863990658907362 ], [ -97.292932204522486, 49.86395530661536 ], [ -97.291631584457093, 49.863955341057668 ], [ -97.2904410560607, 49.863737281223045 ], [ -97.289819335960672, 49.863593961727673 ], [ -97.288729573846979, 49.863275932309058 ], [ -97.287997094983879, 49.862921787108441 ], [ -97.287366197023971, 49.862404870172178 ], [ -97.287133826980138, 49.862193398478951 ], [ -97.287074077439172, 49.861869941908544 ], [ -97.287044739865351, 49.861519251461935 ], [ -97.286945598395548, 49.861147482123755 ], [ -97.286740219933236, 49.860770793956789 ], [ -97.286233030237042, 49.860329787466107 ], [ -97.285303356157272, 49.85969682980658 ], [ -97.284552638973878, 49.859427426146745 ], [ -97.283231636951058, 49.859067693145754 ], [ -97.282233048004912, 49.859004024757411 ], [ -97.281232820134534, 49.859110678962359 ], [ -97.280216516140229, 49.859376579553185 ], [ -97.277865086750523, 49.858540301012546 ], [ -97.277613188320416, 49.858581501312244 ], [ -97.2770669943001, 49.858681290204942 ], [ -97.274098096624101, 49.859221798549747 ], [ -97.271889301295587, 49.859512692525868 ], [ -97.270707912842497, 49.859477104913587 ], [ -97.27072658954873, 49.859342512483082 ], [ -97.271082190618472, 49.855228098567409 ], [ -97.271307188323945, 49.852820805245507 ], [ -97.271382597982779, 49.851877406424045 ], [ -97.271619907492422, 49.849515290935152 ], [ -97.271704381968917, 49.848707005285185 ], [ -97.271725991506557, 49.848491509848863 ], [ -97.271772685135787, 49.847961503691948 ], [ -97.271869786040014, 49.847189304230852 ], [ -97.271967188892319, 49.846408192945255 ], [ -97.272085888516756, 49.845420504309566 ], [ -97.272042311729237, 49.841788029336072 ], [ -97.271978274597558, 49.841657095921164 ], [ -97.271948584561002, 49.841288090517217 ], [ -97.275792901931354, 49.840924308604336 ], [ -97.28349689160396, 49.840175107924814 ], [ -97.287633482730143, 49.840011502136143 ], [ -97.287298604492776, 49.843190697077496 ], [ -97.287210600371949, 49.844502706906056 ], [ -97.287091083477407, 49.846308910499076 ], [ -97.286600003896581, 49.851150009840318 ], [ -97.286382407218596, 49.853368490739044 ], [ -97.285935986541304, 49.858120196032587 ], [ -97.28591578539465, 49.858299805046485 ], [ -97.287906519776158, 49.858662110374922 ], [ -97.290146411091555, 49.859063892653673 ], [ -97.292141234054071, 49.859424701652166 ], [ -97.292745596708258, 49.859533991095525 ], [ -97.293797255817282, 49.859721748026104 ], [ -97.294667512435993, 49.859877107300939 ], [ -97.29506861164738, 49.859945996779665 ], [ -97.296851901459547, 49.860277987221281 ], [ -97.298410881707696, 49.860557412403018 ], [ -97.299257807255898, 49.860709110142658 ], [ -97.300938531898822, 49.861012927256297 ], [ -97.301207284868411, 49.86106149588386 ], [ -97.303087409559765, 49.861412901359294 ], [ -97.302966514415871, 49.862481492773483 ], [ -97.302908109616311, 49.863353201228037 ], [ -97.302844590973493, 49.863972898280814 ], [ -97.302871511431164, 49.864000299719706 ], [ -97.302871991514365, 49.864000298998072 ], [ -97.302836197485291, 49.864150493561795 ], [ -97.302828995217268, 49.865492488361944 ], [ -97.302500169795962, 49.865387937265851 ], [ -97.30068042049173, 49.864604977826161 ], [ -97.299470892222089, 49.864106032968017 ], [ -97.297730825692682, 49.863865912838364 ] ] ] } },
{ "type": "Feature", "properties": { "CTUID": "6020103.00", "greenspace_per_capita": 664.37995155869044 }, "geometry": { "type": "Polygon", "coordinates": [ [ [ -97.111523616603506, 49.861094409489681 ], [ -97.111626711077236, 49.860592301887316 ], [ -97.111765314556052, 49.859893009749641 ], [ -97.111907694993874, 49.859094709711542 ], [ -97.111943598368129, 49.858888401623766 ], [ -97.11208251792047, 49.858180096819645 ], [ -97.112106902216752, 49.85791061079361 ], [ -97.112138306056593, 49.857461392611199 ], [ -97.112096408525034, 49.857109907995699 ], [ -97.112005187168975, 49.856235893261299 ], [ -97.111900794237485, 49.855343604895992 ], [ -97.11182290841964, 49.854487811720418 ], [ -97.11181298138213, 49.854383563137517 ], [ -97.111743915092759, 49.853658999133671 ], [ -97.111750010641231, 49.853087200511879 ], [ -97.11175430264187, 49.852678691969153 ], [ -97.111773780625114, 49.85253509356145 ], [ -97.111905816681173, 49.851646706163173 ], [ -97.11206219406732, 49.850488895846929 ], [ -97.112217905154779, 49.849349096542298 ], [ -97.112366296442744, 49.848397990739805 ], [ -97.1124835835043, 49.847527391104414 ], [ -97.112616995272376, 49.846603104075015 ], [ -97.112754598959199, 49.845570897586597 ], [ -97.112965890917536, 49.845502404997625 ], [ -97.116024493324275, 49.844472687829267 ], [ -97.116206608520159, 49.844439699978771 ], [ -97.116511712864252, 49.844462605018592 ], [ -97.116691695824727, 49.844483592233836 ], [ -97.11934960833662, 49.843739702129056 ], [ -97.119349937643634, 49.844085611476658 ], [ -97.119378306656429, 49.844596545646979 ], [ -97.119568553396704, 49.845041333816702 ], [ -97.119783420189606, 49.845404463701598 ], [ -97.120661207334436, 49.846579063140133 ], [ -97.122325570819385, 49.84775594177723 ], [ -97.125259786390615, 49.849385045786995 ], [ -97.125332290377756, 49.849425611940937 ], [ -97.1261659068944, 49.850014040178351 ], [ -97.126305813332735, 49.850083730905972 ], [ -97.126380556437752, 49.850129891287011 ], [ -97.126441324254102, 49.850178093514145 ], [ -97.126509029493846, 49.85022644110591 ], [ -97.126573687719571, 49.850263496551726 ], [ -97.126716859368159, 49.850337743995922 ], [ -97.126805582197278, 49.850381887841422 ], [ -97.12686715065837, 49.850407627454707 ], [ -97.126959035144367, 49.850460833313484 ], [ -97.127318298672947, 49.850612840175849 ], [ -97.127434511364257, 49.850666448382611 ], [ -97.12743856440332, 49.850668739439094 ], [ -97.127598253334639, 49.850765735468599 ], [ -97.127723399891067, 49.850839732589371 ], [ -97.127802334813623, 49.850868031763497 ], [ -97.128012632843578, 49.851006326140848 ], [ -97.128262767694821, 49.851102532694888 ], [ -97.128340782056426, 49.851153274631017 ], [ -97.128535299523691, 49.851248635110032 ], [ -97.128585836961989, 49.851292187253165 ], [ -97.12869122419815, 49.851354597791421 ], [ -97.128820723259921, 49.851424145520333 ], [ -97.128892679549125, 49.851452275093195 ], [ -97.129015137687844, 49.851523984386176 ], [ -97.129130909294744, 49.85158658771276 ], [ -97.129294605928877, 49.851670178766646 ], [ -97.129462379475214, 49.851740337079782 ], [ -97.129537018511371, 49.851788750991631 ], [ -97.129632897750867, 49.851826277098446 ], [ -97.129725051263009, 49.851872794959988 ], [ -97.129896164697897, 49.851945281894444 ], [ -97.129965006819845, 49.851964397877317 ], [ -97.130054496966807, 49.851988276539245 ], [ -97.130178854003816, 49.852029239965276 ], [ -97.13038735374495, 49.85210383281801 ], [ -97.130514729911738, 49.852139643167696 ], [ -97.130538731570837, 49.852149035719492 ], [ -97.130645875045417, 49.852166485021456 ], [ -97.130814595535128, 49.852209697195484 ], [ -97.130901262595287, 49.852217797404464 ], [ -97.130956523553508, 49.852227685445307 ], [ -97.131070675866411, 49.852243025834689 ], [ -97.131225747437668, 49.852279289288873 ], [ -97.131298257459349, 49.852293940941451 ], [ -97.13148822430307, 49.852328487432771 ], [ -97.131726475423648, 49.852372778274891 ], [ -97.131784966829372, 49.852389448682096 ], [ -97.131888306538173, 49.852415892845343 ], [ -97.131975011883881, 49.852421792071873 ], [ -97.132134298596299, 49.852440088728002 ], [ -97.132258769936229, 49.852460097762524 ], [ -97.132414894220361, 49.852469331934941 ], [ -97.132581232749914, 49.852485542861253 ], [ -97.132681729796332, 49.85249388220857 ], [ -97.132830299098103, 49.852518726247396 ], [ -97.132916611484646, 49.85253589447391 ], [ -97.132930519999775, 49.852536130863385 ], [ -97.133096274713964, 49.852568042915678 ], [ -97.133318557365328, 49.852576079025312 ], [ -97.13365587651397, 49.852577036524195 ], [ -97.133874680500853, 49.85258507704448 ], [ -97.133975908811678, 49.8525754295867 ], [ -97.134055978388375, 49.852574494275636 ], [ -97.134195117905108, 49.852574474519443 ], [ -97.134320825641808, 49.852560797728444 ], [ -97.134373219395727, 49.852554882690264 ], [ -97.134387155544701, 49.85255284178276 ], [ -97.134575894063062, 49.852528877389567 ], [ -97.134687769160507, 49.852514934029045 ], [ -97.134781707400421, 49.852514236398484 ], [ -97.13485519879714, 49.852501939287066 ], [ -97.134918122534231, 49.852493933065951 ], [ -97.13502970287459, 49.852486728521519 ], [ -97.135071673332106, 49.852480622669439 ], [ -97.135187620324288, 49.852451048072162 ], [ -97.135292551761111, 49.852434735650753 ], [ -97.135467893525657, 49.852397085042455 ], [ -97.135566368956219, 49.852369430518586 ], [ -97.135647520959878, 49.852339240729464 ], [ -97.135700641960057, 49.852313141595566 ], [ -97.135781649334987, 49.852287433098475 ], [ -97.135887497462207, 49.852248676725559 ], [ -97.136102162610896, 49.852184632034458 ], [ -97.136186618441812, 49.85215899664076 ], [ -97.136281172034501, 49.852142542092686 ], [ -97.136362216114946, 49.852114633091247 ], [ -97.136397540362765, 49.852099444873801 ], [ -97.136471251021078, 49.852082635231035 ], [ -97.136538245444029, 49.852058997278306 ], [ -97.136801598752868, 49.851993526325664 ], [ -97.136857805118225, 49.851978690641936 ], [ -97.137090839252963, 49.851887979152067 ], [ -97.137101439608841, 49.851883634486057 ], [ -97.137165238879774, 49.8518531856705 ], [ -97.137372892847779, 49.851789074964067 ], [ -97.137521216359559, 49.851730735945196 ], [ -97.137783255601548, 49.851608985568546 ], [ -97.137857437105893, 49.851578728616573 ], [ -97.137900174961487, 49.851554633992947 ], [ -97.137953403678864, 49.851526278046251 ], [ -97.137964003850399, 49.851521933292787 ], [ -97.138074424290977, 49.851454044142677 ], [ -97.138197759434846, 49.851411035979694 ], [ -97.138258252408392, 49.851376031767849 ], [ -97.138357372898867, 49.851330393376124 ], [ -97.138505004324841, 49.851290036271337 ], [ -97.138688873911761, 49.851212046685205 ], [ -97.138770823671024, 49.851161641158974 ], [ -97.13884499704227, 49.851131332145876 ], [ -97.138971494453074, 49.85109738483753 ], [ -97.139002670741533, 49.851079186059771 ], [ -97.139113818652092, 49.851014178704489 ], [ -97.139167269317539, 49.850981336506052 ], [ -97.139256222543167, 49.850928795904345 ], [ -97.139393756689529, 49.850879282634573 ], [ -97.139457262196686, 49.850855597299777 ], [ -97.13950297298976, 49.850842823721436 ], [ -97.139637459053361, 49.85078204408024 ], [ -97.13978534128988, 49.850734948089553 ], [ -97.140131750610408, 49.850589832679333 ], [ -97.14018792325875, 49.850577246560952 ], [ -97.140247498386273, 49.850564684461254 ], [ -97.140321348638537, 49.850543390648191 ], [ -97.140433720940877, 49.850515941091082 ], [ -97.140570450855819, 49.850486639496133 ], [ -97.14066586722474, 49.850447688371908 ], [ -97.140721996495827, 49.850435078407337 ], [ -97.14080307061559, 49.850407138098483 ], [ -97.141020806795652, 49.850352174728357 ], [ -97.141115721399359, 49.85032674862137 ], [ -97.141150975394282, 49.850313838001952 ], [ -97.141302229468792, 49.85026904090175 ], [ -97.141386314386168, 49.850252393913287 ], [ -97.141449303656401, 49.850242130050553 ], [ -97.141550460784899, 49.850234779768918 ], [ -97.141799559436919, 49.850178025565896 ], [ -97.141963992837887, 49.850151447991756 ], [ -97.142027091742293, 49.850138928100897 ], [ -97.142149153891054, 49.850129626031631 ], [ -97.142366309390567, 49.850090387329722 ], [ -97.142432793287369, 49.850080245276743 ], [ -97.142621375405284, 49.850060772709419 ], [ -97.142673471504111, 49.850061592471462 ], [ -97.142895752384348, 49.850069683915791 ], [ -97.142986526024771, 49.850062140418238 ], [ -97.143101253943385, 49.850061739133842 ], [ -97.143187879177233, 49.850069830592673 ], [ -97.143476127061859, 49.850081175144396 ], [ -97.14350371954643, 49.850086130575953 ], [ -97.14362757594543, 49.850121880480117 ], [ -97.143662068787748, 49.850129180083371 ], [ -97.143723870400876, 49.850150423476755 ], [ -97.143851719139974, 49.850172744368194 ], [ -97.143927565620899, 49.850189689739246 ], [ -97.144120078693106, 49.850248977233356 ], [ -97.144229981975144, 49.850284442366195 ], [ -97.144305395627342, 49.850312633691857 ], [ -97.144394683551354, 49.850343285442115 ], [ -97.144473585967873, 49.850371547642958 ], [ -97.14452460269645, 49.850401593823094 ], [ -97.144586075236134, 49.850431775910131 ], [ -97.144705325671353, 49.850496683053422 ], [ -97.144858520478323, 49.85058233981956 ], [ -97.145003665923383, 49.850697133216592 ], [ -97.145063910342529, 49.850758800282286 ], [ -97.145134071349361, 49.850834130812935 ], [ -97.145196572633111, 49.850927328383733 ], [ -97.145216252770027, 49.850956887482333 ], [ -97.145279660009834, 49.851027590359195 ], [ -97.145336856245649, 49.851077991450907 ], [ -97.145402450487936, 49.851182478396339 ], [ -97.145427659475985, 49.851250348278384 ], [ -97.145442628776252, 49.85131354529986 ], [ -97.14547789792671, 49.851390597286567 ], [ -97.145465419465197, 49.851950169464622 ], [ -97.14492351229265, 49.852604803885875 ], [ -97.144450739019305, 49.853075658166098 ], [ -97.143803255578874, 49.853484039995685 ], [ -97.141903188085919, 49.854155606200379 ], [ -97.141744489920043, 49.854228784247248 ], [ -97.141277948585568, 49.854388248773851 ], [ -97.140318439426153, 49.854559536106834 ], [ -97.139022481333569, 49.854706968268871 ], [ -97.135304760888289, 49.854861830837983 ], [ -97.132811676148179, 49.854849772209256 ], [ -97.132719656585948, 49.8548489424753 ], [ -97.132497106511764, 49.854847642069018 ], [ -97.132319390990702, 49.854855986423814 ], [ -97.132277528180751, 49.854859835464161 ], [ -97.132260065814506, 49.854861832473063 ], [ -97.132221500765013, 49.854870185117683 ], [ -97.132120404629276, 49.854875298050594 ], [ -97.131925297295979, 49.854883385118001 ], [ -97.13187976093937, 49.854891646110715 ], [ -97.131736909020944, 49.854898326133124 ], [ -97.131367947001834, 49.854905885091064 ], [ -97.131339950341797, 49.854909946791651 ], [ -97.131186166928529, 49.854929935100422 ], [ -97.131071345866744, 49.854930326756076 ], [ -97.13097352256662, 49.854942244972193 ], [ -97.130844241376067, 49.854955876063521 ], [ -97.130792065180017, 49.8549572778971 ], [ -97.130684107992479, 49.854960042069287 ], [ -97.130547793163544, 49.854978084018839 ], [ -97.130519722224875, 49.854984373361511 ], [ -97.130320623808885, 49.85500593704419 ], [ -97.130190787799151, 49.855027716821454 ], [ -97.130023580889059, 49.855041596240746 ], [ -97.129933129004428, 49.855042386529028 ], [ -97.129821174527407, 49.855058578163096 ], [ -97.129747495540812, 49.855075380868485 ], [ -97.129663651771736, 49.855085281070508 ], [ -97.129558813428275, 49.855097082654808 ], [ -97.129411596871591, 49.855126180508108 ], [ -97.129190996241192, 49.855165341188645 ], [ -97.129019559982481, 49.855191780471756 ], [ -97.128981216662083, 49.855193448230807 ], [ -97.128844635955119, 49.855215975657103 ], [ -97.1288025132976, 49.855226534661149 ], [ -97.128732319229641, 49.855243382485909 ], [ -97.128641392919732, 49.855255445765081 ], [ -97.128525960200918, 49.85527383936067 ], [ -97.128371804136805, 49.855302790421675 ], [ -97.128231844500831, 49.855322989750384 ], [ -97.128025253391698, 49.855357879910713 ], [ -97.127885197711535, 49.855382635103147 ], [ -97.127804949242361, 49.855390323946501 ], [ -97.127683972076809, 49.855412271962088 ], [ -97.127531651476644, 49.855442131793744 ], [ -97.127426049930676, 49.8554741938528 ], [ -97.127328110233748, 49.855488338471957 ], [ -97.127208848458082, 49.855513374630455 ], [ -97.12712114732976, 49.855532193882738 ], [ -97.127005524750089, 49.855555043593853 ], [ -97.126882267857283, 49.855593533359318 ], [ -97.126798143418057, 49.855614358671829 ], [ -97.126703166021926, 49.855637885949314 ], [ -97.126640016088217, 49.855652596317135 ], [ -97.126569996410595, 49.855668631557293 ], [ -97.126475112667379, 49.855690395160792 ], [ -97.126278429546204, 49.855738947300907 ], [ -97.126064418513337, 49.855784936485691 ], [ -97.125969821079266, 49.855803632855604 ], [ -97.125874603325968, 49.855838084760961 ], [ -97.125744669245975, 49.855869741935599 ], [ -97.125681667437775, 49.855879995944413 ], [ -97.125460324669618, 49.855937133998978 ], [ -97.125390159430836, 49.855951728048318 ], [ -97.125225510114603, 49.85598278770793 ], [ -97.1252009978096, 49.855986893673482 ], [ -97.125060817532983, 49.856013823540579 ], [ -97.124857527197818, 49.856053288070086 ], [ -97.124801196749573, 49.856070347115818 ], [ -97.124688913028606, 49.856095549342584 ], [ -97.124597139507429, 49.856130048190444 ], [ -97.124523050947033, 49.856158039935515 ], [ -97.124371760229138, 49.856202837842631 ], [ -97.124269454567994, 49.856239426195849 ], [ -97.124209421008558, 49.856263173888166 ], [ -97.124058157755897, 49.856305694211422 ], [ -97.124022971052668, 49.856316396778922 ], [ -97.123998423649965, 49.856322728202002 ], [ -97.123896552903531, 49.856348044111662 ], [ -97.123783751196157, 49.856386693916207 ], [ -97.123642622874385, 49.856438393827204 ], [ -97.123600343652129, 49.856451182784873 ], [ -97.123417528488659, 49.856502192798587 ], [ -97.123174716370656, 49.856574749497703 ], [ -97.123093247030781, 49.856611643027819 ], [ -97.123029915341519, 49.856630886068174 ], [ -97.122973286792202, 49.856654683367928 ], [ -97.122860594377897, 49.856691076463228 ], [ -97.122811314883947, 49.856706050052608 ], [ -97.122588896396906, 49.856790132504244 ], [ -97.122392357471682, 49.856836444925456 ], [ -97.122290010311389, 49.856875231374694 ], [ -97.122237241330922, 49.856890132902237 ], [ -97.122053865552417, 49.856954591191858 ], [ -97.121919736264175, 49.857004129512589 ], [ -97.121880919967666, 49.857019292359958 ], [ -97.121722316686473, 49.85707293344386 ], [ -97.121581622895121, 49.857113384114548 ], [ -97.121489623860242, 49.857154589523809 ], [ -97.121408415524328, 49.857184795952527 ], [ -97.121242653648167, 49.857242827609895 ], [ -97.121167756274573, 49.857291081877079 ], [ -97.121072419952327, 49.857327785009709 ], [ -97.120994361661644, 49.857366976612276 ], [ -97.120898253496719, 49.85742389104027 ], [ -97.120799502201635, 49.857458294205507 ], [ -97.12072896587442, 49.857484075807662 ], [ -97.12067611757162, 49.857501178733308 ], [ -97.120601808193427, 49.8575337304191 ], [ -97.120484891988383, 49.857588086129674 ], [ -97.120360819430516, 49.857649030909862 ], [ -97.120261660450268, 49.857694626494592 ], [ -97.120194357053762, 49.857725044478229 ], [ -97.120141586223454, 49.857739944926173 ], [ -97.119946902416501, 49.857826725996809 ], [ -97.119822320218347, 49.857901195835474 ], [ -97.119623265783375, 49.858010397312086 ], [ -97.119442669291374, 49.858092880784149 ], [ -97.119378114673069, 49.858143528137937 ], [ -97.119317413000772, 49.858183030843193 ], [ -97.119271247659071, 49.858207041809933 ], [ -97.119185559637913, 49.858264146848398 ], [ -97.119075033525263, 49.858301583147494 ], [ -97.116880641179435, 49.859868691164152 ], [ -97.116879501032727, 49.859870096823634 ], [ -97.115275744855992, 49.861867453625209 ], [ -97.115128279071158, 49.861814180142161 ], [ -97.113453544643136, 49.862394873437282 ], [ -97.11318884135089, 49.862536558454231 ], [ -97.113058844325394, 49.862606111181805 ], [ -97.111259397176426, 49.86323090019873 ], [ -97.111107082739522, 49.863210410560733 ], [ -97.111333117808741, 49.862053698335139 ], [ -97.111523616603506, 49.861094409489681 ] ] ] } },
{ "type": "Feature", "properties": { "CTUID": "6020004.02", "greenspace_per_capita": 453.23421708680462 }, "geometry": { "type": "Polygon", "coordinates": [ [ [ -97.152193417728682, 49.856784686008439 ], [ -97.152061895183039, 49.856584705720771 ], [ -97.152373790638705, 49.856067905069629 ], [ -97.152419384834971, 49.855988696997109 ], [ -97.152686692677463, 49.855524206973904 ], [ -97.152686811863802, 49.855523890234323 ], [ -97.152778384608197, 49.85530980240538 ], [ -97.152801618583695, 49.855067302719519 ], [ -97.15276909881662, 49.854823901007698 ], [ -97.152653617232787, 49.854570201352416 ], [ -97.15240444446529, 49.85419432416289 ], [ -97.152396653130651, 49.854182589568552 ], [ -97.152008902570131, 49.85359749479904 ], [ -97.151801907608629, 49.853189401054145 ], [ -97.151731901028597, 49.852837494750474 ], [ -97.151741503265697, 49.852585698110587 ], [ -97.151950017387833, 49.851860508039124 ], [ -97.152376987182734, 49.851606406331534 ], [ -97.152616609952787, 49.851832212343353 ], [ -97.152717820517537, 49.851790480165114 ], [ -97.152718112210692, 49.851782809971958 ], [ -97.152761517878901, 49.851738501854861 ], [ -97.153156005575326, 49.851609807229131 ], [ -97.15524109816738, 49.850923388811509 ], [ -97.155584112007546, 49.850807206765573 ], [ -97.157397309481269, 49.850193188668257 ], [ -97.159524701919835, 49.849489396175841 ], [ -97.161665889243025, 49.848785793881731 ], [ -97.163835492265775, 49.848064601795244 ], [ -97.165966883114621, 49.847356801298837 ], [ -97.168075900077781, 49.846656496731896 ], [ -97.170291903432513, 49.84592059816967 ], [ -97.172161088824936, 49.845299803855717 ], [ -97.172481812196679, 49.845277886387947 ], [ -97.172619189942935, 49.845324996950595 ], [ -97.172799287020027, 49.845549704437893 ], [ -97.173309095856666, 49.846185624814261 ], [ -97.173323880992612, 49.846204090952256 ], [ -97.17372189560821, 49.846700594214838 ], [ -97.173722110781796, 49.846700711878448 ], [ -97.173756478913901, 49.846719386115907 ], [ -97.173858213024872, 49.846774707078914 ], [ -97.17402400498294, 49.846804298145713 ], [ -97.177445897906907, 49.846804204590306 ], [ -97.177625688803033, 49.846834092421126 ], [ -97.178215806027339, 49.84695459988292 ], [ -97.179104103477698, 49.846964805932458 ], [ -97.17904081351945, 49.847674811057267 ], [ -97.178680813564185, 49.851330194789355 ], [ -97.178677715750624, 49.851410995756716 ], [ -97.178675000118432, 49.851483009319558 ], [ -97.178559918206474, 49.852695507764651 ], [ -97.178237092491784, 49.856099611802058 ], [ -97.178233690736207, 49.85618950770138 ], [ -97.176801909984974, 49.856157999038516 ], [ -97.175439505777163, 49.856127501661298 ], [ -97.175020392681887, 49.856174891872833 ], [ -97.174500818858576, 49.856301597387208 ], [ -97.172617989962461, 49.856922008778554 ], [ -97.170358813612935, 49.857666497711044 ], [ -97.16731441283433, 49.858697800291054 ], [ -97.16515829693887, 49.859419297878183 ], [ -97.163044112161359, 49.860132406294774 ], [ -97.160867989162966, 49.860857108875912 ], [ -97.158816282398291, 49.861540503807227 ], [ -97.156688413213971, 49.862244302160427 ], [ -97.156595494589808, 49.862125901422317 ], [ -97.155943815369753, 49.861332902777555 ], [ -97.15539899058578, 49.860658587916241 ], [ -97.154853908867693, 49.85999331177085 ], [ -97.154308801750616, 49.859328010615691 ], [ -97.153763589784745, 49.858662688729851 ], [ -97.153229690974484, 49.858069502131329 ], [ -97.153135817280287, 49.857977995347582 ], [ -97.152643587769234, 49.857385511870497 ], [ -97.152193417728682, 49.856784686008439 ] ] ] } },
{ "type": "Feature", "properties": { "CTUID": "6020005.00", "greenspace_per_capita": 415.17321696484595 }, "geometry": { "type": "Polygon", "coordinates": [ [ [ -97.17904081351945, 49.847674811057267 ], [ -97.179104103477698, 49.846964805932458 ], [ -97.179349484831633, 49.846966288397091 ], [ -97.179993946259131, 49.846984773063291 ], [ -97.181348581128603, 49.846994276210097 ], [ -97.181587909683543, 49.846995951602622 ], [ -97.182513194611687, 49.846998356892357 ], [ -97.18340483600403, 49.846950053856766 ], [ -97.183980990889637, 49.846843506149412 ], [ -97.184471280575252, 49.846742202713116 ], [ -97.184868291150664, 49.846630590808495 ], [ -97.185601302281469, 49.846337199487323 ], [ -97.18579461212741, 49.846281905706078 ], [ -97.186013290166017, 49.846171498604313 ], [ -97.186133656660388, 49.846110667261513 ], [ -97.186162295933457, 49.846096210498665 ], [ -97.186171663038152, 49.846093504605435 ], [ -97.186852461084413, 49.846960161270744 ], [ -97.188083074145368, 49.847318610957863 ], [ -97.189245222014904, 49.847398181482461 ], [ -97.190219281977136, 49.846870106402172 ], [ -97.190591437159583, 49.846869700503504 ], [ -97.190940240176047, 49.846869318862296 ], [ -97.191305756386384, 49.846868908409121 ], [ -97.193439996554787, 49.846866508692415 ], [ -97.195047019297306, 49.846864709102348 ], [ -97.196422006419922, 49.846863201768073 ], [ -97.197013011803676, 49.846862548534865 ], [ -97.197010064974108, 49.846870958193435 ], [ -97.196988147106865, 49.846933749138167 ], [ -97.196850250123902, 49.847462360650631 ], [ -97.196792683009178, 49.847888648732877 ], [ -97.196737981395088, 49.848611949731776 ], [ -97.196735770278138, 49.848670360407731 ], [ -97.196638120362067, 49.849871580296188 ], [ -97.196637450042118, 49.849879659490981 ], [ -97.196633164519227, 49.84993257122246 ], [ -97.196632174204652, 49.849944960734668 ], [ -97.196628394524353, 49.84999406928879 ], [ -97.196627780280721, 49.850001964413792 ], [ -97.196100062264478, 49.856778447374367 ], [ -97.196098736547199, 49.856790105383894 ], [ -97.196097877096022, 49.85679796227339 ], [ -97.196094469854927, 49.856826853729849 ], [ -97.196089767531689, 49.856868254973101 ], [ -97.19608571371046, 49.856919267417048 ], [ -97.196085072881203, 49.856927267609414 ], [ -97.195543362982903, 49.863696748258626 ], [ -97.195536308338603, 49.863831847836458 ], [ -97.195444015709455, 49.863827599004317 ], [ -97.195364927643027, 49.863823978167574 ], [ -97.193896009783273, 49.863756597213495 ], [ -97.192520602386523, 49.863699095704476 ], [ -97.191116885075701, 49.863650300333632 ], [ -97.189782905979214, 49.86360241054556 ], [ -97.188532210018934, 49.863555910383447 ], [ -97.187253493580798, 49.863517895890361 ], [ -97.186003200209015, 49.863462393843811 ], [ -97.184668809313209, 49.863423509381249 ], [ -97.183251582716025, 49.863365300305453 ], [ -97.181945291330351, 49.863317797161123 ], [ -97.18048611884501, 49.863268000757209 ], [ -97.179180587975551, 49.863202497959371 ], [ -97.177833284469585, 49.863136289867533 ], [ -97.17762498832839, 49.863124102499327 ], [ -97.177629416707163, 49.863007201204816 ], [ -97.177922086851524, 49.859665609089298 ], [ -97.178233690736207, 49.85618950770138 ], [ -97.178237092491784, 49.856099611802058 ], [ -97.178559918206474, 49.852695507764651 ], [ -97.178675000118432, 49.851483009319558 ], [ -97.178677715750624, 49.851410995756716 ], [ -97.178680813564185, 49.851330194789355 ], [ -97.17904081351945, 49.847674811057267 ] ] ] } },
{ "type": "Feature", "properties": { "CTUID": "6020006.00", "greenspace_per_capita": 729.70845594725461 }, "geometry": { "type": "Polygon", "coordinates": [ [ [ -97.196850250123902, 49.847462360650631 ], [ -97.196988147106865, 49.846933749138167 ], [ -97.197010064974108, 49.846870958193435 ], [ -97.197013011803676, 49.846862548534865 ], [ -97.197063995352707, 49.846862494623373 ], [ -97.200446002913765, 49.84685869892769 ], [ -97.206265306465951, 49.846933794841632 ], [ -97.207802905240101, 49.846969287404598 ], [ -97.208079375650087, 49.846956360029239 ], [ -97.208732288162537, 49.846925810779418 ], [ -97.211772690011529, 49.846916196209328 ], [ -97.211773011049772, 49.846916204584282 ], [ -97.213010407544246, 49.846801704397322 ], [ -97.213049379642385, 49.84708915074809 ], [ -97.213067840828359, 49.847225313696235 ], [ -97.213074379358758, 49.847273654455755 ], [ -97.212759916216754, 49.850700396479716 ], [ -97.212706891149594, 49.85138318946521 ], [ -97.212506090973932, 49.853431005377118 ], [ -97.212453438567493, 49.854120715060702 ], [ -97.212149310462493, 49.857446209456981 ], [ -97.212144592766094, 49.857572105355416 ], [ -97.212138290143102, 49.858498501074088 ], [ -97.211701298365867, 49.861666997434057 ], [ -97.211668395402128, 49.862556991194204 ], [ -97.211630917664209, 49.863145986946307 ], [ -97.211629773220253, 49.863163610085465 ], [ -97.211602098819711, 49.86359940499986 ], [ -97.211515210021076, 49.864443592312988 ], [ -97.211394295498778, 49.865458105731989 ], [ -97.211305419487786, 49.866356201256316 ], [ -97.21129912085506, 49.866527111072109 ], [ -97.210096817656179, 49.866301599387931 ], [ -97.209356417356247, 49.866002289187811 ], [ -97.209016607443786, 49.865781187433001 ], [ -97.208785496843319, 49.865633698318263 ], [ -97.208421717791666, 49.86531329288848 ], [ -97.207895882226126, 49.864855398176864 ], [ -97.207143588696056, 49.864501893198401 ], [ -97.206701889632598, 49.864405193815529 ], [ -97.206094596844935, 49.864269808641474 ], [ -97.205928098049085, 49.864258303609105 ], [ -97.204482712980862, 49.86420891137044 ], [ -97.203010213149327, 49.864141109577126 ], [ -97.202056999238252, 49.864102789725251 ], [ -97.20119001430902, 49.864067895880424 ], [ -97.199995286781885, 49.864013403606315 ], [ -97.197869200986986, 49.863935307026509 ], [ -97.196521498302332, 49.863878399350483 ], [ -97.19567408511935, 49.863838205144866 ], [ -97.195553254378794, 49.863832634866149 ], [ -97.195536308338603, 49.863831847836458 ], [ -97.195543362982903, 49.863696748258626 ], [ -97.196085072881203, 49.856927267609414 ], [ -97.19608571371046, 49.856919267417048 ], [ -97.196089767531689, 49.856868254973101 ], [ -97.196094469854927, 49.856826853729849 ], [ -97.196097877096022, 49.85679796227339 ], [ -97.196098736547199, 49.856790105383894 ], [ -97.196100062264478, 49.856778447374367 ], [ -97.196627780280721, 49.850001964413792 ], [ -97.196628394524353, 49.84999406928879 ], [ -97.196632174204652, 49.849944960734668 ], [ -97.196633164519227, 49.84993257122246 ], [ -97.196637450042118, 49.849879659490981 ], [ -97.196638120362067, 49.849871580296188 ], [ -97.196735770278138, 49.848670360407731 ], [ -97.196737981395088, 49.848611949731776 ], [ -97.196792683009178, 49.847888648732877 ], [ -97.196850250123902, 49.847462360650631 ] ] ] } },
{ "type": "Feature", "properties": { "CTUID": "6020104.00", "greenspace_per_capita": 528.99252211944054 }, "geometry": { "type": "Polygon", "coordinates": [ [ [ -97.096278579524991, 49.864830528255503 ], [ -97.096507343463159, 49.864823126551656 ], [ -97.096700835117829, 49.864841548754313 ], [ -97.096874274277795, 49.864830395861595 ], [ -97.097170883724544, 49.864808853673757 ], [ -97.09739331273633, 49.864740475573264 ], [ -97.097703422322184, 49.864534302909036 ], [ -97.097763780832466, 49.864496590966688 ], [ -97.097785162294144, 49.86447572127669 ], [ -97.097890275797695, 49.864372994024954 ], [ -97.097898788583464, 49.864327442284115 ], [ -97.097904375934647, 49.864297535983162 ], [ -97.097841475681918, 49.864210846379507 ], [ -97.097703905337738, 49.864177939784049 ], [ -97.097472996640661, 49.864201749899031 ], [ -97.097030635197967, 49.864243522191316 ], [ -97.096561866457279, 49.864239765113204 ], [ -97.096157554329039, 49.864218194931354 ], [ -97.095701200824365, 49.864148633789235 ], [ -97.095313214650773, 49.864073412617373 ], [ -97.095217978691267, 49.86398469427337 ], [ -97.09518553373465, 49.863846577216314 ], [ -97.095318880431023, 49.863773871594873 ], [ -97.095555503877577, 49.863746891804539 ], [ -97.096341049138658, 49.863675597281286 ], [ -97.096661686681045, 49.863610393574319 ], [ -97.09711754065259, 49.863481224723429 ], [ -97.097333175937109, 49.86340291678966 ], [ -97.097598804286235, 49.863324840881269 ], [ -97.097744632602996, 49.863248105089298 ], [ -97.097844657984268, 49.863152243301748 ], [ -97.097839144527867, 49.863021794399565 ], [ -97.097745323232004, 49.862887414053453 ], [ -97.097580867005092, 49.862809264955708 ], [ -97.097379332514791, 49.862762518556117 ], [ -97.097189218889412, 49.862736005541336 ], [ -97.096469328997699, 49.862729103986275 ], [ -97.09600075027015, 49.862741134796011 ], [ -97.095585569550735, 49.862704161356007 ], [ -97.095453263944279, 49.862648164285808 ], [ -97.095381187918932, 49.862544973500789 ], [ -97.095295056241483, 49.862383599168979 ], [ -97.095297386255311, 49.862270058544425 ], [ -97.095338754784464, 49.862142052463625 ], [ -97.095414350791387, 49.862020213797898 ], [ -97.095509816076714, 49.861949758347706 ], [ -97.09566310264303, 49.861914287143044 ], [ -97.095833826014271, 49.861902323433625 ], [ -97.096072870486893, 49.861850802372651 ], [ -97.096289616416442, 49.861755215739095 ], [ -97.096374504806533, 49.861610591080805 ], [ -97.096461543020908, 49.861334412006713 ], [ -97.096542816749022, 49.861239576890775 ], [ -97.096692300795752, 49.861165518495319 ], [ -97.09697638961417, 49.861101510468323 ], [ -97.09720156326307, 49.861028461137558 ], [ -97.097318722282068, 49.860910147232431 ], [ -97.097412105098797, 49.860762224771925 ], [ -97.097389306206964, 49.860496190102488 ], [ -97.097233256442181, 49.860257373533805 ], [ -97.097099559571845, 49.860184774769721 ], [ -97.096861744867809, 49.860158631366815 ], [ -97.096506246773046, 49.860168235706794 ], [ -97.096242074595636, 49.860115748714129 ], [ -97.095884650419308, 49.860016718105229 ], [ -97.095626407729256, 49.859926315390716 ], [ -97.095403699314602, 49.85988811551443 ], [ -97.095284454741787, 49.859867677269001 ], [ -97.09518780770216, 49.859806730366742 ], [ -97.095172992204581, 49.859702404542638 ], [ -97.09523392270485, 49.859568470399168 ], [ -97.095430484009896, 49.859470573479584 ], [ -97.095601533649543, 49.859388438225551 ], [ -97.095775639573475, 49.859286978711147 ], [ -97.09595204891481, 49.859217719304198 ], [ -97.096428557498982, 49.859134851550174 ], [ -97.096761658638158, 49.859030893084089 ], [ -97.096994344701955, 49.858909553967983 ], [ -97.097167119460238, 49.858797379798439 ], [ -97.09720687809488, 49.858731804610379 ], [ -97.09717634488868, 49.858652003083186 ], [ -97.097039404517844, 49.858580275929235 ], [ -97.09687634456796, 49.858565018805955 ], [ -97.096610715662919, 49.858573197613921 ], [ -97.096253960397902, 49.858505991517944 ], [ -97.096000384346198, 49.858420125930387 ], [ -97.095863514669801, 49.858363365608419 ], [ -97.095678374321523, 49.858334905500548 ], [ -97.095398107801302, 49.858352187203089 ], [ -97.09516333327862, 49.858285461883888 ], [ -97.095062391933197, 49.858195808599007 ], [ -97.094889226733414, 49.858024643427072 ], [ -97.094845734358032, 49.857942920146577 ], [ -97.094843036944368, 49.857888166537599 ], [ -97.094857861294656, 49.857815542532251 ], [ -97.094914255582466, 49.85770597679614 ], [ -97.095048304143631, 49.857588086053077 ], [ -97.095211076204393, 49.857513555275794 ], [ -97.095413475875333, 49.857450876939083 ], [ -97.095690375562668, 49.85744551394798 ], [ -97.095922444336622, 49.857507985820888 ], [ -97.096400910740925, 49.857556735840006 ], [ -97.096772421676434, 49.857580048660886 ], [ -97.097036832667328, 49.857562366390184 ], [ -97.097174861129957, 49.857533471835715 ], [ -97.097246831041971, 49.857473343297805 ], [ -97.097228882930466, 49.857368952597071 ], [ -97.097143927701183, 49.857232783936773 ], [ -97.096969798697415, 49.857079826670081 ], [ -97.096791370653563, 49.856922314509916 ], [ -97.096608636440195, 49.856709358693656 ], [ -97.096316762205603, 49.856380683534816 ], [ -97.096219532504179, 49.856247961441767 ], [ -97.096254918812946, 49.856241602754572 ], [ -97.096279199513802, 49.856237232057886 ], [ -97.096451094511735, 49.856206404886009 ], [ -97.096451402503547, 49.856206310902252 ], [ -97.096589047750498, 49.856171619397536 ], [ -97.097322604374426, 49.855986692984324 ], [ -97.097322912362586, 49.85598659899793 ], [ -97.099418683407094, 49.855400503713433 ], [ -97.099757702867876, 49.855271110568715 ], [ -97.100271595459688, 49.854937705631656 ], [ -97.100511516724197, 49.854851708497527 ], [ -97.102905095056727, 49.854126311867873 ], [ -97.102308986260539, 49.853361004413081 ], [ -97.101938390725877, 49.852878192441096 ], [ -97.102122287174168, 49.852800195849184 ], [ -97.102377806331916, 49.852669506573818 ], [ -97.103350193762424, 49.852352612575487 ], [ -97.10456269831738, 49.851940588511283 ], [ -97.105789179154343, 49.851528888816176 ], [ -97.107071883752084, 49.851100104417952 ], [ -97.10825618701702, 49.850696701111765 ], [ -97.109426304580765, 49.850302004941675 ], [ -97.112217905154779, 49.849349096542298 ], [ -97.11206219406732, 49.850488895846929 ], [ -97.111905816681173, 49.851646706163173 ], [ -97.111773780625114, 49.85253509356145 ], [ -97.11175430264187, 49.852678691969153 ], [ -97.111750010641231, 49.853087200511879 ], [ -97.111743915092759, 49.853658999133671 ], [ -97.11181298138213, 49.854383563137517 ], [ -97.11182290841964, 49.854487811720418 ], [ -97.111900794237485, 49.855343604895992 ], [ -97.112005187168975, 49.856235893261299 ], [ -97.112096408525034, 49.857109907995699 ], [ -97.112138306056593, 49.857461392611199 ], [ -97.112106902216752, 49.85791061079361 ], [ -97.11208251792047, 49.858180096819645 ], [ -97.111943598368129, 49.858888401623766 ], [ -97.111907694993874, 49.859094709711542 ], [ -97.111765314556052, 49.859893009749641 ], [ -97.111626711077236, 49.860592301887316 ], [ -97.111523616603506, 49.861094409489681 ], [ -97.111333117808741, 49.862053698335139 ], [ -97.111107082739522, 49.863210410560733 ], [ -97.110901299032619, 49.864205508982444 ], [ -97.110850103843902, 49.864447495403809 ], [ -97.110494997232138, 49.863920001269896 ], [ -97.109951102046921, 49.863236495669739 ], [ -97.109446596244268, 49.862616594530628 ], [ -97.109341311616916, 49.862461993085553 ], [ -97.108931184805584, 49.861915612002626 ], [ -97.108825281181637, 49.861778989899314 ], [ -97.108454904297773, 49.861287195299489 ], [ -97.102843901775188, 49.863147403251858 ], [ -97.098601319574698, 49.864526099877281 ], [ -97.095857069496873, 49.865372047901623 ], [ -97.09570983498908, 49.865417437016767 ], [ -97.095580790627579, 49.865401217648618 ], [ -97.095494244160918, 49.865350255838571 ], [ -97.095468522405994, 49.86525297348178 ], [ -97.095459077568449, 49.865167262485102 ], [ -97.095529227690463, 49.865078295112419 ], [ -97.095631175878026, 49.864994305790709 ], [ -97.095901592005902, 49.864895628708219 ], [ -97.096278579524991, 49.864830528255503 ] ] ] } },
{ "type": "Feature", "properties": { "CTUID": "6020510.02", "greenspace_per_capita": 2229.2792861989083 }, "geometry": { "type": "Polygon", "coordinates": [ [ [ -97.211799514954961, 49.8733259939007 ], [ -97.211564981940697, 49.873268412007548 ], [ -97.211025185182166, 49.873188107179779 ], [ -97.211330899357549, 49.872823988162828 ], [ -97.21145161441018, 49.871818487133844 ], [ -97.21080249007538, 49.871304712917066 ], [ -97.210888432088041, 49.870154517431494 ], [ -97.21091260917234, 49.869831202407433 ], [ -97.210930479988491, 49.86972359502662 ], [ -97.21129912085506, 49.866527111072109 ], [ -97.211305419487786, 49.866356201256316 ], [ -97.211394295498778, 49.865458105731989 ], [ -97.211515210021076, 49.864443592312988 ], [ -97.211602098819711, 49.86359940499986 ], [ -97.211629773220253, 49.863163610085465 ], [ -97.211630917664209, 49.863145986946307 ], [ -97.211668395402128, 49.862556991194204 ], [ -97.211701298365867, 49.861666997434057 ], [ -97.212138290143102, 49.858498501074088 ], [ -97.212144592766094, 49.857572105355416 ], [ -97.212149310462493, 49.857446209456981 ], [ -97.212453438567493, 49.854120715060702 ], [ -97.212506090973932, 49.853431005377118 ], [ -97.212706891149594, 49.85138318946521 ], [ -97.212759916216754, 49.850700396479716 ], [ -97.213074379358758, 49.847273654455755 ], [ -97.213067840828359, 49.847225313696235 ], [ -97.213049379642385, 49.84708915074809 ], [ -97.213010407544246, 49.846801704397322 ], [ -97.228915098347159, 49.845328706162221 ], [ -97.229173704284563, 49.845303401874851 ], [ -97.231634881268434, 49.845062191691348 ], [ -97.238488614711869, 49.844401998670257 ], [ -97.251574993591106, 49.843199995192819 ], [ -97.251413116095478, 49.846302574120301 ], [ -97.251108977756743, 49.852132098636744 ], [ -97.250830706936355, 49.857463296341649 ], [ -97.251175413748584, 49.857475008985425 ], [ -97.25097358616722, 49.857669790282586 ], [ -97.250754879643495, 49.857945389891519 ], [ -97.25073191866592, 49.85858369766914 ], [ -97.250727605664594, 49.858700502005306 ], [ -97.250203098822837, 49.864746189257907 ], [ -97.249891781614195, 49.867970704090446 ], [ -97.249871715220593, 49.868141294727209 ], [ -97.247399192203829, 49.868014007171574 ], [ -97.244801813637878, 49.867875807153844 ], [ -97.242913200308578, 49.867766207685449 ], [ -97.241746812545585, 49.867694599089312 ], [ -97.240927509911842, 49.867646109755469 ], [ -97.240386015135243, 49.867610909876852 ], [ -97.239732994608801, 49.867583000800025 ], [ -97.236689890137043, 49.867455793101989 ], [ -97.229603811668611, 49.867149889826415 ], [ -97.229381595578161, 49.867137509911053 ], [ -97.227601986733319, 49.867092300201769 ], [ -97.22608691641905, 49.867042186764451 ], [ -97.224613005965224, 49.867010598154422 ], [ -97.223153594553082, 49.866961307622574 ], [ -97.221721691045744, 49.866921306094007 ], [ -97.220275883172164, 49.866881111047057 ], [ -97.220000593450465, 49.870205002545362 ], [ -97.219801091315531, 49.872603601117085 ], [ -97.218135198542399, 49.872865890897799 ], [ -97.216593197501098, 49.873165990330115 ], [ -97.216006009814265, 49.873237891027514 ], [ -97.215142196367268, 49.873260611373119 ], [ -97.214738792162009, 49.873254393568345 ], [ -97.214445691693442, 49.873276798019688 ], [ -97.213656817616808, 49.873534508348442 ], [ -97.213250392816548, 49.873609195508749 ], [ -97.212804009566881, 49.873638312093142 ], [ -97.212361485446493, 49.873559493993312 ], [ -97.212073702451264, 49.873438187319252 ], [ -97.211799514954961, 49.8733259939007 ] ] ] } },
{ "type": "Feature", "properties": { "CTUID": "6020111.00", "greenspace_per_capita": 636.69151096806206 }, "geometry": { "type": "Polygon", "coordinates": [ [ [ -97.057919815107866, 49.861206891344551 ], [ -97.057185493573272, 49.86078090562841 ], [ -97.057033980276628, 49.860705991607055 ], [ -97.056624022318744, 49.860361887338847 ], [ -97.056039286134876, 49.859871101878646 ], [ -97.055571207463174, 49.859746311069834 ], [ -97.055561613195366, 49.859638192089434 ], [ -97.055373818145497, 49.859464195739925 ], [ -97.051808710649297, 49.857119507986525 ], [ -97.05155909446556, 49.857097294284998 ], [ -97.050908037803467, 49.856454257214573 ], [ -97.050348300567705, 49.856069487941888 ], [ -97.064693282882118, 49.856058098968106 ], [ -97.065096898524786, 49.856055808242004 ], [ -97.065388799313851, 49.856060699309133 ], [ -97.065848012467768, 49.856059391352026 ], [ -97.074530892315323, 49.856033111844319 ], [ -97.077605911340797, 49.85603018872137 ], [ -97.078510383773875, 49.856027188955103 ], [ -97.078607696646017, 49.856028796876394 ], [ -97.078684473350378, 49.856029943629665 ], [ -97.079636913570056, 49.856036798280684 ], [ -97.080401302735623, 49.856058493173009 ], [ -97.084130961613653, 49.856061914537655 ], [ -97.084267322214757, 49.85606203615454 ], [ -97.084280361441515, 49.856062041242581 ], [ -97.085006005868735, 49.856062694705173 ], [ -97.085006406406123, 49.856062699270261 ], [ -97.085520201560357, 49.856089194558642 ], [ -97.086904210556185, 49.856274001145493 ], [ -97.087456085128423, 49.85639100712114 ], [ -97.087937799419223, 49.856524903778876 ], [ -97.088116385180328, 49.856581807990622 ], [ -97.088761784745557, 49.856799410749701 ], [ -97.089940904216974, 49.857241607835064 ], [ -97.09091569130527, 49.857572513335334 ], [ -97.091990679784502, 49.857832991533343 ], [ -97.092543686572412, 49.857923096198299 ], [ -97.093070287005062, 49.857976695551066 ], [ -97.094432286737558, 49.858017095362044 ], [ -97.094889226733414, 49.858024643427072 ], [ -97.095062391933197, 49.858195808599007 ], [ -97.09516333327862, 49.858285461883888 ], [ -97.095398107801302, 49.858352187203089 ], [ -97.095678374321523, 49.858334905500548 ], [ -97.095863514669801, 49.858363365608419 ], [ -97.096000384346198, 49.858420125930387 ], [ -97.096253960397902, 49.858505991517944 ], [ -97.096610715662919, 49.858573197613921 ], [ -97.09687634456796, 49.858565018805955 ], [ -97.097039404517844, 49.858580275929235 ], [ -97.09717634488868, 49.858652003083186 ], [ -97.09720687809488, 49.858731804610379 ], [ -97.097167119460238, 49.858797379798439 ], [ -97.096994344701955, 49.858909553967983 ], [ -97.096761658638158, 49.859030893084089 ], [ -97.096428557498982, 49.859134851550174 ], [ -97.09595204891481, 49.859217719304198 ], [ -97.095775639573475, 49.859286978711147 ], [ -97.095601533649543, 49.859388438225551 ], [ -97.095430484009896, 49.859470573479584 ], [ -97.09523392270485, 49.859568470399168 ], [ -97.095172992204581, 49.859702404542638 ], [ -97.09518780770216, 49.859806730366742 ], [ -97.095284454741787, 49.859867677269001 ], [ -97.095403699314602, 49.85988811551443 ], [ -97.094911661840698, 49.860076144190266 ], [ -97.093989152684955, 49.860058348365264 ], [ -97.08685474087568, 49.860014032461343 ], [ -97.086554204067014, 49.860007904221902 ], [ -97.08639308745677, 49.859701698605122 ], [ -97.086328610623397, 49.859574698001907 ], [ -97.086075069638724, 49.859630456634214 ], [ -97.086061898873893, 49.859633199687423 ], [ -97.085967746352907, 49.859652737788075 ], [ -97.085177991176636, 49.859816489158703 ], [ -97.084195789567005, 49.860025189780629 ], [ -97.083045191236167, 49.860267005635102 ], [ -97.081936682416597, 49.860500494896449 ], [ -97.080715887151101, 49.860759199250147 ], [ -97.080463497424304, 49.860809011921319 ], [ -97.080154705285338, 49.860875808459831 ], [ -97.07941379821898, 49.860962498042603 ], [ -97.078939983912292, 49.860981604586982 ], [ -97.078271400709198, 49.860997498903714 ], [ -97.077435684971576, 49.861019596390541 ], [ -97.075820495744978, 49.861046796506876 ], [ -97.07473478634671, 49.861055708652913 ], [ -97.073566008388156, 49.861054301449521 ], [ -97.072229981607819, 49.861059111238852 ], [ -97.070921803288755, 49.861064288369491 ], [ -97.069836518101113, 49.861064202958218 ], [ -97.068681991098273, 49.861053992392208 ], [ -97.067582709196984, 49.861053589481337 ], [ -97.066450318819903, 49.861187707122632 ], [ -97.065276098554946, 49.86132100107227 ], [ -97.064147292166595, 49.861365098184883 ], [ -97.06306158811995, 49.861374009960713 ], [ -97.062338080313864, 49.861370904575054 ], [ -97.062043586556626, 49.861428895925158 ], [ -97.061533298633719, 49.86166319889545 ], [ -97.060833887797386, 49.862101307728025 ], [ -97.060220085022053, 49.86248681357926 ], [ -97.0600346851719, 49.862600594435023 ], [ -97.059784097416852, 49.862435458083944 ], [ -97.057919815107866, 49.861206891344551 ] ] ] } },
{ "type": "Feature", "properties": { "CTUID": "6020004.01", "greenspace_per_capita": 409.45165456436808 }, "geometry": { "type": "Polygon", "coordinates": [ [ [ -97.157924605108448, 49.863766109608733 ], [ -97.157365806684211, 49.863091592703569 ], [ -97.157033515236492, 49.862681502550217 ], [ -97.156688413213971, 49.862244302160427 ], [ -97.158816282398291, 49.861540503807227 ], [ -97.160867989162966, 49.860857108875912 ], [ -97.163044112161359, 49.860132406294774 ], [ -97.16515829693887, 49.859419297878183 ], [ -97.16731441283433, 49.858697800291054 ], [ -97.170358813612935, 49.857666497711044 ], [ -97.172617989962461, 49.856922008778554 ], [ -97.174500818858576, 49.856301597387208 ], [ -97.175020392681887, 49.856174891872833 ], [ -97.175439505777163, 49.856127501661298 ], [ -97.176801909984974, 49.856157999038516 ], [ -97.178233690736207, 49.85618950770138 ], [ -97.177922086851524, 49.859665609089298 ], [ -97.177629416707163, 49.863007201204816 ], [ -97.17762498832839, 49.863124102499327 ], [ -97.176193995546868, 49.863065606670943 ], [ -97.174859903894543, 49.863017600313079 ], [ -97.174862287058573, 49.86295470557144 ], [ -97.17449699958641, 49.863047903467049 ], [ -97.174070585587558, 49.86328400509349 ], [ -97.173842019507219, 49.86344229846641 ], [ -97.173192807500371, 49.864052708945827 ], [ -97.172935704427999, 49.86422860277937 ], [ -97.172089396513257, 49.864530087785155 ], [ -97.169861784674865, 49.865295510988808 ], [ -97.167804096734102, 49.865982604136228 ], [ -97.165661909235268, 49.866695290156279 ], [ -97.163589814939229, 49.867391111467903 ], [ -97.161405099601922, 49.8681209945264 ], [ -97.160767192624874, 49.867328292759836 ], [ -97.160129310246589, 49.866535589060902 ], [ -97.159584390918212, 49.865861308617205 ], [ -97.159025896799449, 49.865177802950278 ], [ -97.158441280626036, 49.86444889623705 ], [ -97.157924605108448, 49.863766109608733 ] ] ] } },
{ "type": "Feature", "properties": { "CTUID": "6020002.00", "greenspace_per_capita": 294.48950368670819 }, "geometry": { "type": "Polygon", "coordinates": [ [ [ -97.126569996410595, 49.855668631557293 ], [ -97.126640016088217, 49.855652596317135 ], [ -97.126703166021926, 49.855637885949314 ], [ -97.126798143418057, 49.855614358671829 ], [ -97.126882267857283, 49.855593533359318 ], [ -97.127005524750089, 49.855555043593853 ], [ -97.12712114732976, 49.855532193882738 ], [ -97.127208848458082, 49.855513374630455 ], [ -97.127328110233748, 49.855488338471957 ], [ -97.127426049930676, 49.8554741938528 ], [ -97.127531651476644, 49.855442131793744 ], [ -97.127683972076809, 49.855412271962088 ], [ -97.127804949242361, 49.855390323946501 ], [ -97.127885197711535, 49.855382635103147 ], [ -97.128025253391698, 49.855357879910713 ], [ -97.128231844500831, 49.855322989750384 ], [ -97.128371804136805, 49.855302790421675 ], [ -97.128525960200918, 49.85527383936067 ], [ -97.128641392919732, 49.855255445765081 ], [ -97.128732319229641, 49.855243382485909 ], [ -97.1288025132976, 49.855226534661149 ], [ -97.128844635955119, 49.855215975657103 ], [ -97.128981216662083, 49.855193448230807 ], [ -97.129019559982481, 49.855191780471756 ], [ -97.129190996241192, 49.855165341188645 ], [ -97.129411596871591, 49.855126180508108 ], [ -97.129558813428275, 49.855097082654808 ], [ -97.129663651771736, 49.855085281070508 ], [ -97.129747495540812, 49.855075380868485 ], [ -97.129821174527407, 49.855058578163096 ], [ -97.129933129004428, 49.855042386529028 ], [ -97.130023580889059, 49.855041596240746 ], [ -97.130190787799151, 49.855027716821454 ], [ -97.130320623808885, 49.85500593704419 ], [ -97.130519722224875, 49.854984373361511 ], [ -97.130547793163544, 49.854978084018839 ], [ -97.130684107992479, 49.854960042069287 ], [ -97.130792065180017, 49.8549572778971 ], [ -97.130844241376067, 49.854955876063521 ], [ -97.13097352256662, 49.854942244972193 ], [ -97.131071345866744, 49.854930326756076 ], [ -97.131186166928529, 49.854929935100422 ], [ -97.131339950341797, 49.854909946791651 ], [ -97.131367947001834, 49.854905885091064 ], [ -97.131736909020944, 49.854898326133124 ], [ -97.13187976093937, 49.854891646110715 ], [ -97.131925297295979, 49.854883385118001 ], [ -97.132120404629276, 49.854875298050594 ], [ -97.132221500765013, 49.854870185117683 ], [ -97.132260065814506, 49.854861832473063 ], [ -97.132277528180751, 49.854859835464161 ], [ -97.132319390990702, 49.854855986423814 ], [ -97.132497106511764, 49.854847642069018 ], [ -97.132719656585948, 49.8548489424753 ], [ -97.132811676148179, 49.854849772209256 ], [ -97.135304760888289, 49.854861830837983 ], [ -97.139022481333569, 49.854706968268871 ], [ -97.140318439426153, 49.854559536106834 ], [ -97.141277948585568, 49.854388248773851 ], [ -97.141744489920043, 49.854228784247248 ], [ -97.141903188085919, 49.854155606200379 ], [ -97.14243246818198, 49.854744453970362 ], [ -97.142528577060659, 49.854839597760446 ], [ -97.143012413550238, 49.855412087322435 ], [ -97.145051214112215, 49.854727607866366 ], [ -97.146573805860641, 49.854203307426879 ], [ -97.148264685962772, 49.853645592731311 ], [ -97.148491600815206, 49.853532296257534 ], [ -97.149269281390886, 49.853202909115112 ], [ -97.150015917130304, 49.852963006377983 ], [ -97.150774591352658, 49.852768195506918 ], [ -97.150969611899157, 49.85276229899079 ], [ -97.151204513991402, 49.852802095397486 ], [ -97.151546310729472, 49.852960391933138 ], [ -97.151801907608629, 49.853189401054145 ], [ -97.152008902570131, 49.85359749479904 ], [ -97.152396653130651, 49.854182589568552 ], [ -97.152314163248377, 49.854253569440495 ], [ -97.152163168778841, 49.854384561199304 ], [ -97.151965437822909, 49.854597071581637 ], [ -97.151575336537931, 49.855010967330124 ], [ -97.151180060722695, 49.855526356427312 ], [ -97.150839468529128, 49.856065151906002 ], [ -97.150710748524176, 49.856283771892222 ], [ -97.146876944497706, 49.862795973785495 ], [ -97.146836634841335, 49.862864474167729 ], [ -97.14586413940556, 49.864511417098058 ], [ -97.144158168536478, 49.8674000552206 ], [ -97.144064843543788, 49.867557857707659 ], [ -97.143596852091008, 49.868340063982437 ], [ -97.143096349594217, 49.869176359020166 ], [ -97.141590097926738, 49.871733309172775 ], [ -97.141073252656525, 49.872610562312786 ], [ -97.140808759115131, 49.873055876386971 ], [ -97.140783982003498, 49.873025009951263 ], [ -97.140188607466285, 49.872283788598629 ], [ -97.139408415265237, 49.871312733587281 ], [ -97.139288135123266, 49.871163017690613 ], [ -97.138506797244943, 49.870190497358116 ], [ -97.138011095935482, 49.869573511522894 ], [ -97.137679598441082, 49.869145390097941 ], [ -97.137161716313884, 49.868498509774675 ], [ -97.13660388769631, 49.867805905152053 ], [ -97.136072115989123, 49.867158709199181 ], [ -97.135753595345165, 49.866757794060774 ], [ -97.135541088046367, 49.866493499781399 ], [ -97.135037205942041, 49.865846694087864 ], [ -97.134465789079954, 49.865144912301389 ], [ -97.133813521405258, 49.864378808740454 ], [ -97.133134681062529, 49.863576296301368 ], [ -97.133055087580956, 49.863476091060086 ], [ -97.132523104971497, 49.86283790236881 ], [ -97.13244350122271, 49.862737594159398 ], [ -97.132018181027675, 49.862218096444899 ], [ -97.131725797987258, 49.861862506406915 ], [ -97.131394105105173, 49.861443391951092 ], [ -97.131073893517126, 49.861087509624767 ], [ -97.130708917548944, 49.860647086744201 ], [ -97.130355987997035, 49.860221300793839 ], [ -97.130010704803752, 49.859793009996388 ], [ -97.129957515948647, 49.859729195507398 ], [ -97.129651884382525, 49.859355488832776 ], [ -97.129188920014158, 49.858864099394026 ], [ -97.129023700228132, 49.858688707132409 ], [ -97.128419105598894, 49.858105892491665 ], [ -97.128404181428877, 49.858091512940895 ], [ -97.128159428007834, 49.857855450102406 ], [ -97.12813811229114, 49.85783489653717 ], [ -97.128017718363139, 49.857718905067088 ], [ -97.127421083574689, 49.856953688827886 ], [ -97.127249798851523, 49.856708102229142 ], [ -97.126569996410595, 49.855668631557293 ] ] ] } },
{ "type": "Feature", "properties": { "CTUID": "6020590.04", "greenspace_per_capita": 1.5168266502863767e-08 }, "geometry": { "type": "MultiPolygon", "coordinates": [ [ [ [ -97.026336321090653, 49.79857885689249 ], [ -97.026354524140459, 49.798684041894042 ], [ -97.02635452414053, 49.79868404189677 ], [ -97.026336321091108, 49.798578856897905 ], [ -97.026163178237297, 49.797578656185472 ], [ -97.026163178237709, 49.797578656185479 ], [ -97.026336321090653, 49.79857885689249 ] ] ], [ [ [ -97.026915097272536, 49.854440607972066 ], [ -97.027075287279828, 49.85460521391083 ], [ -97.027335088702401, 49.854717603044541 ], [ -97.027336028306934, 49.854717760494346 ], [ -97.027336028301534, 49.854717760498595 ], [ -97.027335088702856, 49.854717603049799 ], [ -97.027075287280311, 49.854605213916138 ], [ -97.026915097273076, 49.854440607977317 ], [ -97.026880987047718, 49.85425109428715 ], [ -97.02688098704779, 49.85425109428504 ], [ -97.026915097272536, 49.854440607972066 ] ] ], [ [ [ -97.026897596582685, 49.861357410094506 ], [ -97.026897701898747, 49.861357611410291 ], [ -97.026897701898832, 49.861357611414725 ], [ -97.026897596583169, 49.861357410099814 ], [ -97.0267649676818, 49.860442498586295 ], [ -97.026764967681814, 49.860442498584305 ], [ -97.026897596582685, 49.861357410094506 ] ] ] ] } },
{ "type": "Feature", "properties": { "CTUID": "6020003.00", "greenspace_per_capita": 181.16517718031909 }, "geometry": { "type": "Polygon", "coordinates": [ [ [ -97.152396653130651, 49.854182589568552 ], [ -97.15240444446529, 49.85419432416289 ], [ -97.152653617232787, 49.854570201352416 ], [ -97.15276909881662, 49.854823901007698 ], [ -97.152801618583695, 49.855067302719519 ], [ -97.152778384608197, 49.85530980240538 ], [ -97.152686811863802, 49.855523890234323 ], [ -97.152686692677463, 49.855524206973904 ], [ -97.152419384834971, 49.855988696997109 ], [ -97.152373790638705, 49.856067905069629 ], [ -97.152061895183039, 49.856584705720771 ], [ -97.152193417728682, 49.856784686008439 ], [ -97.152643587769234, 49.857385511870497 ], [ -97.153135817280287, 49.857977995347582 ], [ -97.153229690974484, 49.858069502131329 ], [ -97.153763589784745, 49.858662688729851 ], [ -97.154308801750616, 49.859328010615691 ], [ -97.154853908867693, 49.85999331177085 ], [ -97.15539899058578, 49.860658587916241 ], [ -97.155943815369753, 49.861332902777555 ], [ -97.156595494589808, 49.862125901422317 ], [ -97.156688413213971, 49.862244302160427 ], [ -97.157033515236492, 49.862681502550217 ], [ -97.157365806684211, 49.863091592703569 ], [ -97.157924605108448, 49.863766109608733 ], [ -97.158441280626036, 49.86444889623705 ], [ -97.159025896799449, 49.865177802950278 ], [ -97.159584390918212, 49.865861308617205 ], [ -97.160129310246589, 49.866535589060902 ], [ -97.160767192624874, 49.867328292759836 ], [ -97.161405099601922, 49.8681209945264 ], [ -97.159319307212201, 49.868807503658822 ], [ -97.157134080328859, 49.869546288891549 ], [ -97.155033593917409, 49.870250511488848 ], [ -97.152905281987529, 49.870954193872961 ], [ -97.150734119263305, 49.871684211127821 ], [ -97.148633480236271, 49.87238819538409 ], [ -97.145786292662351, 49.873323207567211 ], [ -97.143361092289609, 49.87413889127555 ], [ -97.143037008292296, 49.874241597213015 ], [ -97.142863301327722, 49.874305395228802 ], [ -97.142686088360293, 49.874407889000857 ], [ -97.142198510228383, 49.874600012480052 ], [ -97.14202201631052, 49.87457621077349 ], [ -97.141676888011162, 49.874138892418593 ], [ -97.141371486197457, 49.873756205570864 ], [ -97.140808759115131, 49.873055876386971 ], [ -97.141073252656525, 49.872610562312786 ], [ -97.141590097926738, 49.871733309172775 ], [ -97.143096349594217, 49.869176359020166 ], [ -97.143596852091008, 49.868340063982437 ], [ -97.144064843543788, 49.867557857707659 ], [ -97.144158168536478, 49.8674000552206 ], [ -97.14586413940556, 49.864511417098058 ], [ -97.146836634841335, 49.862864474167729 ], [ -97.146876944497706, 49.862795973785495 ], [ -97.150710748524176, 49.856283771892222 ], [ -97.150839468529128, 49.856065151906002 ], [ -97.151180060722695, 49.855526356427312 ], [ -97.151575336537931, 49.855010967330124 ], [ -97.151965437822909, 49.854597071581637 ], [ -97.152163168778841, 49.854384561199304 ], [ -97.152314163248377, 49.854253569440495 ], [ -97.152396653130651, 49.854182589568552 ] ] ] } },
{ "type": "Feature", "properties": { "CTUID": "6020001.00", "greenspace_per_capita": 634.96017889934774 }, "geometry": { "type": "Polygon", "coordinates": [ [ [ -97.130076259579027, 49.870140829928296 ], [ -97.124550164965541, 49.870980957675513 ], [ -97.123922327444646, 49.871067072235 ], [ -97.123852734738421, 49.871069169127665 ], [ -97.123783138733174, 49.871071240286845 ], [ -97.123713582460496, 49.871073309269235 ], [ -97.123643949993578, 49.871075408141913 ], [ -97.123574393706846, 49.871077477025935 ], [ -97.123504800965364, 49.871079573672645 ], [ -97.12343516518537, 49.871081646713385 ], [ -97.123365612169337, 49.87108374113415 ], [ -97.123296016114878, 49.871085811948994 ], [ -97.123226420053413, 49.871087882714619 ], [ -97.123156827276574, 49.871089979115311 ], [ -97.123087231200941, 49.871092049782568 ], [ -97.123017638409934, 49.871094146084886 ], [ -97.122948042320346, 49.871096216653697 ], [ -97.122878449515198, 49.871098312857605 ], [ -97.122808853411541, 49.871100383328006 ], [ -97.122739300331901, 49.871102477306266 ], [ -97.122669667765834, 49.871104575489859 ], [ -97.122600071641088, 49.871106645812681 ], [ -97.122530518540188, 49.871108739643454 ], [ -97.122460882661571, 49.871110811995024 ], [ -97.122391329546659, 49.871112905727429 ], [ -97.122321733393761, 49.871114975853452 ], [ -97.122252140524836, 49.871117071614641 ], [ -97.122182544357898, 49.871119141642311 ], [ -97.122112951474918, 49.871121237305076 ], [ -97.121973798845559, 49.871125374987415 ], [ -97.121834569999592, 49.87112954241114 ], [ -97.121765016820987, 49.871131635701047 ], [ -97.121695380865106, 49.871133707511177 ], [ -97.121625787932516, 49.871135802829528 ], [ -97.121556231442185, 49.871137870287612 ], [ -97.121486635204846, 49.871139939823266 ], [ -97.121417002511436, 49.871142037120791 ], [ -97.121347445999945, 49.871144104431359 ], [ -97.121277853032126, 49.871146199503755 ], [ -97.12120826005723, 49.871148294526975 ], [ -97.121138667075243, 49.87115038950099 ], [ -97.121069070795812, 49.871152458741442 ], [ -97.120999517539474, 49.87115455149052 ], [ -97.1209298815062, 49.871156622759095 ], [ -97.120860285205623, 49.871158691851988 ], [ -97.12079073192821, 49.871160784453522 ], [ -97.120721095873762, 49.87116285557444 ], [ -97.120581946253523, 49.871167016973772 ], [ -97.120512353207928, 49.871169111505026 ], [ -97.120456560989183, 49.871161183668754 ], [ -97.11966865798702, 49.871114766521266 ], [ -97.119210642974437, 49.871085737559063 ], [ -97.118778177406853, 49.871029686425324 ], [ -97.117201927943384, 49.870811058915045 ], [ -97.116116058884373, 49.870386256152727 ], [ -97.114542307588266, 49.869727419612062 ], [ -97.113232389730229, 49.868975333075127 ], [ -97.112506557433932, 49.867502346729431 ], [ -97.112573195530189, 49.867267909994304 ], [ -97.112926270013674, 49.866025439027162 ], [ -97.114756026984139, 49.862780225094887 ], [ -97.115259244430604, 49.86188762690422 ], [ -97.115275744855992, 49.861867453625209 ], [ -97.116879501032727, 49.859870096823634 ], [ -97.116880641179435, 49.859868691164152 ], [ -97.119075033525263, 49.858301583147494 ], [ -97.119185559637913, 49.858264146848398 ], [ -97.119271247659071, 49.858207041809933 ], [ -97.119317413000772, 49.858183030843193 ], [ -97.119378114673069, 49.858143528137937 ], [ -97.119442669291374, 49.858092880784149 ], [ -97.119623265783375, 49.858010397312086 ], [ -97.119822320218347, 49.857901195835474 ], [ -97.119946902416501, 49.857826725996809 ], [ -97.120141586223454, 49.857739944926173 ], [ -97.120194357053762, 49.857725044478229 ], [ -97.120261660450268, 49.857694626494592 ], [ -97.120360819430516, 49.857649030909862 ], [ -97.120484891988383, 49.857588086129674 ], [ -97.120601808193427, 49.8575337304191 ], [ -97.12067611757162, 49.857501178733308 ], [ -97.12072896587442, 49.857484075807662 ], [ -97.120799502201635, 49.857458294205507 ], [ -97.120898253496719, 49.85742389104027 ], [ -97.120994361661644, 49.857366976612276 ], [ -97.121072419952327, 49.857327785009709 ], [ -97.121167756274573, 49.857291081877079 ], [ -97.121242653648167, 49.857242827609895 ], [ -97.121408415524328, 49.857184795952527 ], [ -97.121489623860242, 49.857154589523809 ], [ -97.121581622895121, 49.857113384114548 ], [ -97.121722316686473, 49.85707293344386 ], [ -97.121880919967666, 49.857019292359958 ], [ -97.121919736264175, 49.857004129512589 ], [ -97.122053865552417, 49.856954591191858 ], [ -97.122237241330922, 49.856890132902237 ], [ -97.122290010311389, 49.856875231374694 ], [ -97.122392357471682, 49.856836444925456 ], [ -97.122588896396906, 49.856790132504244 ], [ -97.122811314883947, 49.856706050052608 ], [ -97.122860594377897, 49.856691076463228 ], [ -97.122973286792202, 49.856654683367928 ], [ -97.123029915341519, 49.856630886068174 ], [ -97.123093247030781, 49.856611643027819 ], [ -97.123174716370656, 49.856574749497703 ], [ -97.123417528488659, 49.856502192798587 ], [ -97.123600343652129, 49.856451182784873 ], [ -97.123642622874385, 49.856438393827204 ], [ -97.123783751196157, 49.856386693916207 ], [ -97.123896552903531, 49.856348044111662 ], [ -97.123998423649965, 49.856322728202002 ], [ -97.124022971052668, 49.856316396778922 ], [ -97.124058157755897, 49.856305694211422 ], [ -97.124209421008558, 49.856263173888166 ], [ -97.124269454567994, 49.856239426195849 ], [ -97.124371760229138, 49.856202837842631 ], [ -97.124523050947033, 49.856158039935515 ], [ -97.124597139507429, 49.856130048190444 ], [ -97.124688913028606, 49.856095549342584 ], [ -97.124801196749573, 49.856070347115818 ], [ -97.124857527197818, 49.856053288070086 ], [ -97.125060817532983, 49.856013823540579 ], [ -97.1252009978096, 49.855986893673482 ], [ -97.125225510114603, 49.85598278770793 ], [ -97.125390159430836, 49.855951728048318 ], [ -97.125460324669618, 49.855937133998978 ], [ -97.125681667437775, 49.855879995944413 ], [ -97.125744669245975, 49.855869741935599 ], [ -97.125874603325968, 49.855838084760961 ], [ -97.125969821079266, 49.855803632855604 ], [ -97.126064418513337, 49.855784936485691 ], [ -97.126278429546204, 49.855738947300907 ], [ -97.126475112667379, 49.855690395160792 ], [ -97.126569996410595, 49.855668631557293 ], [ -97.127249798851523, 49.856708102229142 ], [ -97.127421083574689, 49.856953688827886 ], [ -97.128017718363139, 49.857718905067088 ], [ -97.12813811229114, 49.85783489653717 ], [ -97.128159428007834, 49.857855450102406 ], [ -97.128404181428877, 49.858091512940895 ], [ -97.128419105598894, 49.858105892491665 ], [ -97.129023700228132, 49.858688707132409 ], [ -97.129188920014158, 49.858864099394026 ], [ -97.129651884382525, 49.859355488832776 ], [ -97.129957515948647, 49.859729195507398 ], [ -97.130010704803752, 49.859793009996388 ], [ -97.130355987997035, 49.860221300793839 ], [ -97.130708917548944, 49.860647086744201 ], [ -97.131073893517126, 49.861087509624767 ], [ -97.131394105105173, 49.861443391951092 ], [ -97.131725797987258, 49.861862506406915 ], [ -97.132018181027675, 49.862218096444899 ], [ -97.13244350122271, 49.862737594159398 ], [ -97.132523104971497, 49.86283790236881 ], [ -97.133055087580956, 49.863476091060086 ], [ -97.133134681062529, 49.863576296301368 ], [ -97.133813521405258, 49.864378808740454 ], [ -97.134465789079954, 49.865144912301389 ], [ -97.135037205942041, 49.865846694087864 ], [ -97.135541088046367, 49.866493499781399 ], [ -97.135753595345165, 49.866757794060774 ], [ -97.136072115989123, 49.867158709199181 ], [ -97.13660388769631, 49.867805905152053 ], [ -97.137161716313884, 49.868498509774675 ], [ -97.137679598441082, 49.869145390097941 ], [ -97.138011095935482, 49.869573511522894 ], [ -97.138506797244943, 49.870190497358116 ], [ -97.139288135123266, 49.871163017690613 ], [ -97.139408415265237, 49.871312733587281 ], [ -97.140188607466285, 49.872283788598629 ], [ -97.139110597660618, 49.872625996872465 ], [ -97.138827184118512, 49.872748098722312 ], [ -97.138122151802619, 49.87310944848182 ], [ -97.1373693485031, 49.873511114526728 ], [ -97.137345050494943, 49.873426352735088 ], [ -97.137245436911883, 49.8724995607745 ], [ -97.136771137848484, 49.871646234358288 ], [ -97.136310853321476, 49.871317289216549 ], [ -97.135916215080726, 49.871084410219396 ], [ -97.134887448584195, 49.870500668820597 ], [ -97.133215796822967, 49.870120973666175 ], [ -97.130076259579027, 49.870140829928296 ] ] ] } },
{ "type": "Feature", "properties": { "CTUID": "6020522.01", "greenspace_per_capita": 1035.1096186836373 }, "geometry": { "type": "Polygon", "coordinates": [ [ [ -97.249871715220593, 49.868141294727209 ], [ -97.249891781614195, 49.867970704090446 ], [ -97.250203098822837, 49.864746189257907 ], [ -97.250727605664594, 49.858700502005306 ], [ -97.251021759893192, 49.858710126404766 ], [ -97.253785087760917, 49.858800611453368 ], [ -97.254063817849342, 49.858809443967736 ], [ -97.256495209662845, 49.858886389003324 ], [ -97.258495703850485, 49.858970392887905 ], [ -97.259968503915687, 49.859028495942368 ], [ -97.26157999883678, 49.859097705517271 ], [ -97.26333059031812, 49.859168888632745 ], [ -97.265692798199353, 49.859258309767405 ], [ -97.265911492327362, 49.859267799081024 ], [ -97.267387317144056, 49.859332195462017 ], [ -97.267665010083533, 49.85934430579681 ], [ -97.268261492297938, 49.859370400825206 ], [ -97.270707912842497, 49.859477104913587 ], [ -97.271889301295587, 49.859512692525868 ], [ -97.274098096624101, 49.859221798549747 ], [ -97.2770669943001, 49.858681290204942 ], [ -97.277613188320416, 49.858581501312244 ], [ -97.277865086750523, 49.858540301012546 ], [ -97.280216516140229, 49.859376579553185 ], [ -97.279356536938451, 49.859844569207972 ], [ -97.278245329939097, 49.860706615484915 ], [ -97.277927158974862, 49.861229426832892 ], [ -97.277841863139543, 49.861721734320767 ], [ -97.27796407404432, 49.862027574921775 ], [ -97.278222096044587, 49.862453882672284 ], [ -97.278838731077016, 49.86437257206876 ], [ -97.278930035585105, 49.864783709449114 ], [ -97.279385367430947, 49.865632772974514 ], [ -97.280117461116731, 49.86687832837368 ], [ -97.280302730176231, 49.867404872492472 ], [ -97.280335182097659, 49.867987541023233 ], [ -97.280154428934054, 49.868639415475691 ], [ -97.279930059255378, 49.86907337196201 ], [ -97.279256155007317, 49.869644112126934 ], [ -97.278418116321603, 49.869871578892315 ], [ -97.27709716810557, 49.869946869340978 ], [ -97.276042444303783, 49.869857245787834 ], [ -97.274413946338015, 49.869554659726575 ], [ -97.272775510542417, 49.869576301733474 ], [ -97.271543392413449, 49.869846384676336 ], [ -97.269551466270087, 49.870564899560215 ], [ -97.268973013793783, 49.870764417275907 ], [ -97.267837092162267, 49.871494581101523 ], [ -97.266602031827006, 49.871760570703799 ], [ -97.265971469733287, 49.871942657453097 ], [ -97.265780585489111, 49.871961612852438 ], [ -97.265242495119068, 49.872019887079396 ], [ -97.265044052308269, 49.872023685655812 ], [ -97.264233058173261, 49.872031778660855 ], [ -97.264096529212125, 49.872025860330488 ], [ -97.263763256688392, 49.872011410063465 ], [ -97.263520907483894, 49.872000884275892 ], [ -97.262801716463713, 49.871972130594166 ], [ -97.262607860634262, 49.871944478559605 ], [ -97.262399421124186, 49.871934647031743 ], [ -97.261824261764559, 49.871867527074592 ], [ -97.26125266193435, 49.871798242531412 ], [ -97.26108331605748, 49.871766447427909 ], [ -97.260676973907209, 49.87174684536032 ], [ -97.260402825452175, 49.871726988776715 ], [ -97.260242828133954, 49.871724578898508 ], [ -97.259905306472916, 49.871724031920721 ], [ -97.259790859453616, 49.871733241504849 ], [ -97.25971692427467, 49.871739191007919 ], [ -97.259352174097444, 49.871819181860673 ], [ -97.259296112563405, 49.871829580984524 ], [ -97.2590634633533, 49.87191379895755 ], [ -97.258787059293141, 49.871956836558113 ], [ -97.25845270607924, 49.872061976707521 ], [ -97.258209991087753, 49.872134795629769 ], [ -97.257935056820926, 49.872234084412902 ], [ -97.257722750480582, 49.872332132073225 ], [ -97.257631152834534, 49.872364475269933 ], [ -97.257263012864712, 49.87244218696307 ], [ -97.256818249881505, 49.872520948319277 ], [ -97.256663820827754, 49.872559093739042 ], [ -97.256323463350441, 49.872648157412087 ], [ -97.256273903724022, 49.872661146448188 ], [ -97.256038052106376, 49.872736298843265 ], [ -97.25592264506254, 49.872752540053149 ], [ -97.255671425939511, 49.872773493985804 ], [ -97.255215253523332, 49.872879075469776 ], [ -97.255001576346274, 49.872918633463001 ], [ -97.254830275442671, 49.872940786019349 ], [ -97.254550440230673, 49.872981542364187 ], [ -97.254514967101031, 49.873001232486068 ], [ -97.254416155500323, 49.873040227783932 ], [ -97.25431100450983, 49.87306112899693 ], [ -97.254149764482406, 49.873094677942007 ], [ -97.254061509403854, 49.873129343159924 ], [ -97.253786522104548, 49.873228648559881 ], [ -97.253586172898039, 49.873284077488051 ], [ -97.253544632443692, 49.873298409801798 ], [ -97.253448762335765, 49.873331474766211 ], [ -97.253150005470033, 49.873414675171787 ], [ -97.252517016879011, 49.873600788458141 ], [ -97.252359156656297, 49.873636631990053 ], [ -97.252247300543928, 49.873650682328083 ], [ -97.252052060481034, 49.873661236271396 ], [ -97.251692217045175, 49.87370078572917 ], [ -97.251402012166281, 49.873739127026383 ], [ -97.251344990700929, 49.873751695021262 ], [ -97.251086356086233, 49.87380858219101 ], [ -97.250441798491295, 49.873832598719851 ], [ -97.250301063498341, 49.873875440375109 ], [ -97.250104061758577, 49.87393538580595 ], [ -97.249810602534239, 49.873966943001172 ], [ -97.249652974716426, 49.873996044372348 ], [ -97.249474964293796, 49.874011338784314 ], [ -97.249120575581799, 49.873997038881463 ], [ -97.248710152949428, 49.873993077336785 ], [ -97.248581976743864, 49.873977626587333 ], [ -97.248523696137525, 49.873978777839362 ], [ -97.249871715220593, 49.868141294727209 ] ] ] } },
{ "type": "Feature", "properties": { "CTUID": "6020520.04", "greenspace_per_capita": 23686.054197876791 }, "geometry": { "type": "Polygon", "coordinates": [ [ [ -97.349541418280978, 49.927034710819107 ], [ -97.343960382459414, 49.927079115087494 ], [ -97.33784755549388, 49.927232573069972 ], [ -97.337575067410768, 49.927236512161073 ], [ -97.326733102230861, 49.927392922944627 ], [ -97.320959709019718, 49.92725400854313 ], [ -97.320725297649716, 49.927255529204054 ], [ -97.320399548317795, 49.927257641558228 ], [ -97.320379808944239, 49.92687761161551 ], [ -97.320095592211615, 49.925434291256217 ], [ -97.319426216227654, 49.923049988626431 ], [ -97.31931771590385, 49.922562708846534 ], [ -97.31910350555782, 49.921111387391079 ], [ -97.319099104639207, 49.919636195741582 ], [ -97.3192306092091, 49.918657706519319 ], [ -97.319587097384442, 49.916818903965392 ], [ -97.320420697245254, 49.912873203061757 ], [ -97.320679499439493, 49.911437796419975 ], [ -97.32090631448979, 49.909318310990315 ], [ -97.321912817357841, 49.899177691358815 ], [ -97.321952508072684, 49.898836488674718 ], [ -97.322258716254026, 49.8988409027221 ], [ -97.323567101030349, 49.898859806239479 ], [ -97.324515416175529, 49.89881958927424 ], [ -97.325489616189003, 49.898833596722191 ], [ -97.331703987686424, 49.898725304431885 ], [ -97.335341597629778, 49.898633707359039 ], [ -97.335523837127894, 49.89864368834079 ], [ -97.335563982799016, 49.898645902893463 ], [ -97.337891784506027, 49.898580405257661 ], [ -97.341573987582336, 49.898508393019114 ], [ -97.344886013200451, 49.898443616809963 ], [ -97.344952983585088, 49.897656831554706 ], [ -97.345009159765738, 49.897152457359105 ], [ -97.3451071630965, 49.89626530055353 ], [ -97.346606017767542, 49.878021311880474 ], [ -97.345806897442074, 49.878117595574899 ], [ -97.343810004445658, 49.878358302619205 ], [ -97.342364888609339, 49.878532498872758 ], [ -97.341147007450758, 49.878679310459383 ], [ -97.33982689127869, 49.878838505433023 ], [ -97.337920987237624, 49.879068197318212 ], [ -97.33776781275175, 49.879086691901527 ], [ -97.337756699065537, 49.87860080094908 ], [ -97.338052306138067, 49.875628990695738 ], [ -97.338365705556058, 49.872478011648468 ], [ -97.3386492137613, 49.869627709397108 ], [ -97.338782109230451, 49.868595189502642 ], [ -97.338846898318153, 49.867921502298969 ], [ -97.338897879144724, 49.867388788497891 ], [ -97.339548737799007, 49.865834829904379 ], [ -97.339593185804688, 49.865323125420353 ], [ -97.336582224089497, 49.865939134736067 ], [ -97.331603218796502, 49.867376605031907 ], [ -97.329855136386755, 49.867722828603561 ], [ -97.327511077027125, 49.868324142110382 ], [ -97.325788547731023, 49.868930464375616 ], [ -97.325654904686132, 49.868307408567112 ], [ -97.325245999553005, 49.866448496691163 ], [ -97.324794591998071, 49.864211304699758 ], [ -97.324778085347916, 49.864141994232789 ], [ -97.324758116928507, 49.864057795945349 ], [ -97.324716189115236, 49.863856995640887 ], [ -97.324686489996708, 49.863715009006199 ], [ -97.324072697286567, 49.860944706502998 ], [ -97.323074280887852, 49.856423806332721 ], [ -97.322920793679231, 49.854829504501502 ], [ -97.323768681724871, 49.846809205109494 ], [ -97.324424294057167, 49.839514800848804 ], [ -97.324485009531088, 49.838967001062123 ], [ -97.325445996742616, 49.838926907008371 ], [ -97.326074713098194, 49.838846090303363 ], [ -97.326369083323627, 49.838778393490145 ], [ -97.327281606038753, 49.838530699431047 ], [ -97.328291483900884, 49.838284404905778 ], [ -97.328668985025928, 49.838226893256937 ], [ -97.329950987079911, 49.83814640458538 ], [ -97.329951304655225, 49.838146386900064 ], [ -97.332737312325079, 49.838015588607007 ], [ -97.346805804699144, 49.83738070291124 ], [ -97.349029927943988, 49.81129110999732 ], [ -97.349121254895309, 49.809144491046943 ], [ -97.349121254896005, 49.809144491046943 ], [ -97.349698944002128, 49.809146945169289 ], [ -97.35018010702467, 49.809149001358882 ], [ -97.350418204893472, 49.809149236429512 ], [ -97.354848666519317, 49.809168830337477 ], [ -97.36256051115592, 49.809181292753074 ], [ -97.367634922238324, 49.809189169108805 ], [ -97.367792351190374, 49.809083917532931 ], [ -97.367817835111509, 49.807464381129648 ], [ -97.36804342066624, 49.807382590561318 ], [ -97.368325947263543, 49.80738934067405 ], [ -97.403058102532896, 49.807505791929536 ], [ -97.403213188639953, 49.807435993579183 ], [ -97.413247290464881, 49.807465910211533 ], [ -97.413443203957144, 49.807423606865541 ], [ -97.413585408106698, 49.807326611946038 ], [ -97.413631792383569, 49.807183309068598 ], [ -97.413632596077932, 49.805617493973195 ], [ -97.428531408139861, 49.805714052611762 ], [ -97.429584035210652, 49.805708046258324 ], [ -97.435938041465363, 49.805692127051472 ], [ -97.436312830632048, 49.80569118962913 ], [ -97.437255931299106, 49.805688789052141 ], [ -97.453844547201356, 49.80564504458733 ], [ -97.452192314179555, 49.82166013676607 ], [ -97.452188472200731, 49.821697423644245 ], [ -97.450992260665586, 49.834915705909204 ], [ -97.45097973513947, 49.835053781301731 ], [ -97.450976855519713, 49.835085815373503 ], [ -97.450960513980775, 49.835149709938769 ], [ -97.450909207379908, 49.835358131265927 ], [ -97.450870335353514, 49.835516565005982 ], [ -97.449370205427456, 49.85294753750933 ], [ -97.449152990359181, 49.857779911298898 ], [ -97.447852574101901, 49.871629900920347 ], [ -97.447852574102996, 49.871629900919714 ], [ -97.447852574102441, 49.871629900925569 ], [ -97.449337635681289, 49.870737993965598 ], [ -97.448590083908215, 49.879711709712097 ], [ -97.448546633330267, 49.880086279695263 ], [ -97.448519989900035, 49.880365511185239 ], [ -97.448508734555077, 49.880551916652884 ], [ -97.448506768077891, 49.88058452450278 ], [ -97.448225125157819, 49.882780082037307 ], [ -97.448166227274271, 49.883239465249304 ], [ -97.448124300479151, 49.884514616029847 ], [ -97.4478341531551, 49.887847760305995 ], [ -97.447822447386542, 49.88801678315393 ], [ -97.447256520803521, 49.896195215018984 ], [ -97.447255213940849, 49.896206208114464 ], [ -97.447242860371375, 49.896294623012466 ], [ -97.44723859933967, 49.896325396487221 ], [ -97.444115428077112, 49.923295335661777 ], [ -97.436647274571854, 49.923343614479307 ], [ -97.428196281639501, 49.923226699625801 ], [ -97.427739238616795, 49.923220375291528 ], [ -97.427667642010135, 49.923219381142943 ], [ -97.427216956804244, 49.923187258750112 ], [ -97.425580067186289, 49.923194866213926 ], [ -97.412211242686936, 49.923256012030023 ], [ -97.412272514687658, 49.925518792825244 ], [ -97.412037486569474, 49.925461699712393 ], [ -97.407271688688013, 49.925486213097123 ], [ -97.406979809633796, 49.925464191742002 ], [ -97.406745401733644, 49.925389094082163 ], [ -97.39787459747231, 49.925673248197647 ], [ -97.389502829069585, 49.925899549102049 ], [ -97.389466127712055, 49.927608826137103 ], [ -97.389430667194262, 49.927605048696975 ], [ -97.388391007628783, 49.927592981914593 ], [ -97.388138734983784, 49.927589715293536 ], [ -97.366710140662974, 49.927364642589154 ], [ -97.349541418280978, 49.927034710819107 ] ] ] } },
{ "type": "Feature", "properties": { "CTUID": "6020009.00", "greenspace_per_capita": 673.31659472571027 }, "geometry": { "type": "Polygon", "coordinates": [ [ [ -97.17762498832839, 49.863124102499327 ], [ -97.177833284469585, 49.863136289867533 ], [ -97.179180587975551, 49.863202497959371 ], [ -97.18048611884501, 49.863268000757209 ], [ -97.181945291330351, 49.863317797161123 ], [ -97.183251582716025, 49.863365300305453 ], [ -97.184668809313209, 49.863423509381249 ], [ -97.186003200209015, 49.863462393843811 ], [ -97.187253493580798, 49.863517895890361 ], [ -97.188532210018934, 49.863555910383447 ], [ -97.189782905979214, 49.86360241054556 ], [ -97.191116885075701, 49.863650300333632 ], [ -97.192520602386523, 49.863699095704476 ], [ -97.193896009783273, 49.863756597213495 ], [ -97.195364927643027, 49.863823978167574 ], [ -97.195444015709455, 49.863827599004317 ], [ -97.195536308338603, 49.863831847836458 ], [ -97.195535657285944, 49.863839771175648 ], [ -97.195260155259234, 49.867223669938163 ], [ -97.195257626138783, 49.867254713002055 ], [ -97.195257381082627, 49.867258062576838 ], [ -97.195256978314561, 49.867262662115969 ], [ -97.194984405831605, 49.870695992521689 ], [ -97.193277886897377, 49.870628110533907 ], [ -97.19188831245124, 49.870570501496488 ], [ -97.190497989149989, 49.870530810671617 ], [ -97.18919189463773, 49.870474404718209 ], [ -97.187927187939636, 49.870427609471292 ], [ -97.186648585920722, 49.870380697582661 ], [ -97.185369297985318, 49.870351599827096 ], [ -97.184062911353848, 49.870304194223039 ], [ -97.182644785023072, 49.870264011185 ], [ -97.181254915693259, 49.870215192041222 ], [ -97.179864700822066, 49.870175398107406 ], [ -97.178572194481134, 49.870128100197121 ], [ -97.177321108930826, 49.870090389965647 ], [ -97.177112381872178, 49.870087196818588 ], [ -97.17737130075129, 49.866538208651654 ], [ -97.17762498832839, 49.863124102499327 ] ] ] } },
{ "type": "Feature", "properties": { "CTUID": "6020520.02", "greenspace_per_capita": 1049.3782451065961 }, "geometry": { "type": "Polygon", "coordinates": [ [ [ -97.302828995217268, 49.865492488361944 ], [ -97.302836197485291, 49.864150493561795 ], [ -97.302871991514365, 49.864000298998072 ], [ -97.302871511431164, 49.864000299719706 ], [ -97.302844590973493, 49.863972898280814 ], [ -97.302908109616311, 49.863353201228037 ], [ -97.302966514415871, 49.862481492773483 ], [ -97.303087409559765, 49.861412901359294 ], [ -97.306571606904768, 49.86204850179783 ], [ -97.308161198556434, 49.86235060607914 ], [ -97.30957199109298, 49.86259599589075 ], [ -97.311010194129267, 49.862850891133327 ], [ -97.311992089111669, 49.863027099378591 ], [ -97.31282059119836, 49.86317779523381 ], [ -97.313443902322248, 49.863291112865546 ], [ -97.313609621026885, 49.863329510950138 ], [ -97.313913686635459, 49.863387908273985 ], [ -97.31652700494368, 49.863866590106376 ], [ -97.317025483595629, 49.863936791437496 ], [ -97.317026017048974, 49.863936891149251 ], [ -97.31709145124259, 49.86394870010492 ], [ -97.317292992088184, 49.863984999843673 ], [ -97.318780907145523, 49.864253297719472 ], [ -97.319141289837319, 49.864318303488318 ], [ -97.319456083966301, 49.864361551747308 ], [ -97.320166095852016, 49.864459097230387 ], [ -97.320721209348292, 49.864503086995299 ], [ -97.321166297575331, 49.864509602271404 ], [ -97.3218484193102, 49.864501494146417 ], [ -97.32353500200729, 49.864355988181082 ], [ -97.324081482266337, 49.864308896508824 ], [ -97.324570810190693, 49.864244001645012 ], [ -97.324794591998071, 49.864211304699758 ], [ -97.325245999553005, 49.866448496691163 ], [ -97.325654904686132, 49.868307408567112 ], [ -97.325788547731023, 49.868930464375616 ], [ -97.32565441858722, 49.868970309038033 ], [ -97.324748084045325, 49.869231471252064 ], [ -97.323225660342317, 49.870251904134818 ], [ -97.322226508772232, 49.87150612538683 ], [ -97.321545036422179, 49.872231884025275 ], [ -97.320391982768385, 49.872535502114594 ], [ -97.31964160426611, 49.87261642417976 ], [ -97.317888945808164, 49.872672420425751 ], [ -97.31637287502268, 49.87235530983115 ], [ -97.314392608563097, 49.871301038337684 ], [ -97.312993351782779, 49.870434141254393 ], [ -97.31247976575564, 49.86920459715477 ], [ -97.311972382140937, 49.867289117694916 ], [ -97.311256799603839, 49.866624953744321 ], [ -97.309663716685094, 49.866383941877046 ], [ -97.308353706215669, 49.866372815223919 ], [ -97.306172495176625, 49.866141845881387 ], [ -97.302828995217268, 49.865492488361944 ] ] ] } },
{ "type": "Feature", "properties": { "CTUID": "6020112.02", "greenspace_per_capita": 961.60855268661828 }, "geometry": { "type": "Polygon", "coordinates": [ [ [ -97.093224536710792, 49.873571470424224 ], [ -97.09314058281231, 49.873403428774644 ], [ -97.092993667252031, 49.873402895485093 ], [ -97.088536496747807, 49.873387033101992 ], [ -97.0879686083953, 49.873013408245278 ], [ -97.087147151317723, 49.873415443925758 ], [ -97.083198504131147, 49.873422315970885 ], [ -97.083105619018013, 49.873478503494788 ], [ -97.082478682558943, 49.873484006621041 ], [ -97.080897608840786, 49.873497687405781 ], [ -97.080896416894689, 49.873409311928569 ], [ -97.080875009985959, 49.871843794029751 ], [ -97.080840001337066, 49.870970710298174 ], [ -97.080116816600949, 49.870958710404494 ], [ -97.07798670494941, 49.870977397826486 ], [ -97.078004495602841, 49.870177102338104 ], [ -97.078003811762954, 49.869493404394085 ], [ -97.077983496415257, 49.869304213377774 ], [ -97.07810048084545, 49.868811393640129 ], [ -97.078191792304864, 49.868264211552322 ], [ -97.078102300232857, 49.868064910368567 ], [ -97.077214305636531, 49.867645392585239 ], [ -97.077108784616343, 49.867499693464062 ], [ -97.076957316985684, 49.865356302316286 ], [ -97.078252096252484, 49.865341807796582 ], [ -97.078248215568692, 49.865089893860691 ], [ -97.078248213425979, 49.86438830357303 ], [ -97.07824710496449, 49.863713588811905 ], [ -97.078246804648003, 49.863020990553096 ], [ -97.078265710778695, 49.861492104295401 ], [ -97.078271400709198, 49.860997498903714 ], [ -97.078939983912292, 49.860981604586982 ], [ -97.07941379821898, 49.860962498042603 ], [ -97.080154705285338, 49.860875808459831 ], [ -97.080463497424304, 49.860809011921319 ], [ -97.080715887151101, 49.860759199250147 ], [ -97.081936682416597, 49.860500494896449 ], [ -97.083045191236167, 49.860267005635102 ], [ -97.084195789567005, 49.860025189780629 ], [ -97.085177991176636, 49.859816489158703 ], [ -97.085967746352907, 49.859652737788075 ], [ -97.086061898873893, 49.859633199687423 ], [ -97.086075069638724, 49.859630456634214 ], [ -97.086328610623397, 49.859574698001907 ], [ -97.08639308745677, 49.859701698605122 ], [ -97.086554204067014, 49.860007904221902 ], [ -97.08685474087568, 49.860014032461343 ], [ -97.093989152684955, 49.860058348365264 ], [ -97.094911661840698, 49.860076144190266 ], [ -97.095403699314602, 49.85988811551443 ], [ -97.095626407729256, 49.859926315390716 ], [ -97.095884650419308, 49.860016718105229 ], [ -97.096242074595636, 49.860115748714129 ], [ -97.096506246773046, 49.860168235706794 ], [ -97.096861744867809, 49.860158631366815 ], [ -97.097099559571845, 49.860184774769721 ], [ -97.097233256442181, 49.860257373533805 ], [ -97.097389306206964, 49.860496190102488 ], [ -97.097412105098797, 49.860762224771925 ], [ -97.097318722282068, 49.860910147232431 ], [ -97.09720156326307, 49.861028461137558 ], [ -97.09697638961417, 49.861101510468323 ], [ -97.096692300795752, 49.861165518495319 ], [ -97.096542816749022, 49.861239576890775 ], [ -97.096461543020908, 49.861334412006713 ], [ -97.096374504806533, 49.861610591080805 ], [ -97.096289616416442, 49.861755215739095 ], [ -97.096072870486893, 49.861850802372651 ], [ -97.095833826014271, 49.861902323433625 ], [ -97.09566310264303, 49.861914287143044 ], [ -97.095509816076714, 49.861949758347706 ], [ -97.095414350791387, 49.862020213797898 ], [ -97.095338754784464, 49.862142052463625 ], [ -97.095297386255311, 49.862270058544425 ], [ -97.095295056241483, 49.862383599168979 ], [ -97.095381187918932, 49.862544973500789 ], [ -97.095453263944279, 49.862648164285808 ], [ -97.095585569550735, 49.862704161356007 ], [ -97.09600075027015, 49.862741134796011 ], [ -97.096469328997699, 49.862729103986275 ], [ -97.097189218889412, 49.862736005541336 ], [ -97.097379332514791, 49.862762518556117 ], [ -97.097580867005092, 49.862809264955708 ], [ -97.097745323232004, 49.862887414053453 ], [ -97.097839144527867, 49.863021794399565 ], [ -97.097844657984268, 49.863152243301748 ], [ -97.097744632602996, 49.863248105089298 ], [ -97.097598804286235, 49.863324840881269 ], [ -97.097333175937109, 49.86340291678966 ], [ -97.09711754065259, 49.863481224723429 ], [ -97.096661686681045, 49.863610393574319 ], [ -97.096341049138658, 49.863675597281286 ], [ -97.095555503877577, 49.863746891804539 ], [ -97.095318880431023, 49.863773871594873 ], [ -97.09518553373465, 49.863846577216314 ], [ -97.095217978691267, 49.86398469427337 ], [ -97.095313214650773, 49.864073412617373 ], [ -97.095701200824365, 49.864148633789235 ], [ -97.096157554329039, 49.864218194931354 ], [ -97.096561866457279, 49.864239765113204 ], [ -97.097030635197967, 49.864243522191316 ], [ -97.097472996640661, 49.864201749899031 ], [ -97.097703905337738, 49.864177939784049 ], [ -97.097841475681918, 49.864210846379507 ], [ -97.097904375934647, 49.864297535983162 ], [ -97.097898788583464, 49.864327442284115 ], [ -97.097890275797695, 49.864372994024954 ], [ -97.097785162294144, 49.86447572127669 ], [ -97.097763780832466, 49.864496590966688 ], [ -97.097703422322184, 49.864534302909036 ], [ -97.09739331273633, 49.864740475573264 ], [ -97.097170883724544, 49.864808853673757 ], [ -97.096874274277795, 49.864830395861595 ], [ -97.096700835117829, 49.864841548754313 ], [ -97.096507343463159, 49.864823126551656 ], [ -97.096278579524991, 49.864830528255503 ], [ -97.095901592005902, 49.864895628708219 ], [ -97.095631175878026, 49.864994305790709 ], [ -97.095529227690463, 49.865078295112419 ], [ -97.095459077568449, 49.865167262485102 ], [ -97.095468522405994, 49.86525297348178 ], [ -97.095494244160918, 49.865350255838571 ], [ -97.095580790627579, 49.865401217648618 ], [ -97.09570983498908, 49.865417437016767 ], [ -97.095725364299284, 49.865419376849808 ], [ -97.095886624774792, 49.865417485520069 ], [ -97.096031594992979, 49.865415530666368 ], [ -97.096331953265974, 49.865413004831233 ], [ -97.096603387220568, 49.865437774494275 ], [ -97.096801760049146, 49.865406287220047 ], [ -97.097040357356192, 49.865342634242772 ], [ -97.097323469258441, 49.865308389933439 ], [ -97.097560272258363, 49.865340794383883 ], [ -97.097645521673584, 49.865416700089959 ], [ -97.09775277054753, 49.865537437019789 ], [ -97.097759464838575, 49.86567118585473 ], [ -97.097697753963061, 49.865872735950397 ], [ -97.097713545462838, 49.86628582253423 ], [ -97.097589592961654, 49.866621097139486 ], [ -97.097554516250952, 49.866869016586257 ], [ -97.097577253099359, 49.866938452716212 ], [ -97.097632000945865, 49.86698283248618 ], [ -97.097874561983815, 49.866981881973508 ], [ -97.098464414044884, 49.866856325069662 ], [ -97.098832322976961, 49.866750039585419 ], [ -97.098935415932061, 49.866715816036759 ], [ -97.099060195925077, 49.866721139135862 ], [ -97.099245933250785, 49.866768699917912 ], [ -97.099425627728863, 49.86687049910168 ], [ -97.099443287214882, 49.866965340831385 ], [ -97.099362631809328, 49.867204312834026 ], [ -97.099341887396079, 49.867593360487589 ], [ -97.099221987537391, 49.867713505796651 ], [ -97.099107505630414, 49.867876443986773 ], [ -97.099098275393359, 49.868036178065438 ], [ -97.0991661054573, 49.868190616037651 ], [ -97.099402488013851, 49.868358827672196 ], [ -97.099553257331152, 49.868422630001852 ], [ -97.099665767486826, 49.868447768434507 ], [ -97.09976988595173, 49.868421867807911 ], [ -97.100192178973188, 49.868261657920186 ], [ -97.100456832768458, 49.868129011109417 ], [ -97.100535254349069, 49.868075749546044 ], [ -97.100584881794873, 49.868014428982491 ], [ -97.100548129757627, 49.867857145628392 ], [ -97.100372298623057, 49.867713249565561 ], [ -97.100323879408307, 49.867580534078584 ], [ -97.100463546419888, 49.867455739128758 ], [ -97.100594507413049, 49.867451162962197 ], [ -97.100866402069272, 49.867520478974384 ], [ -97.101127099878212, 49.867589201700845 ], [ -97.101263718481562, 49.867687269482474 ], [ -97.101266870787768, 49.867857127343321 ], [ -97.101235230556483, 49.868131812675813 ], [ -97.10143303757701, 49.86859302188919 ], [ -97.10155756267558, 49.8692784624943 ], [ -97.101531683804154, 49.869750332203225 ], [ -97.101633521079094, 49.869825352134761 ], [ -97.101765589669171, 49.869858548397914 ], [ -97.102673679835647, 49.869849641458075 ], [ -97.102963267193942, 49.869871539921625 ], [ -97.103119782117815, 49.869930738596786 ], [ -97.103141844963147, 49.87006030871963 ], [ -97.102992029804426, 49.870393019031155 ], [ -97.102926018637291, 49.870642232875518 ], [ -97.102899724313133, 49.870784467433168 ], [ -97.102770574241617, 49.870922101636594 ], [ -97.102692275964586, 49.871144662924195 ], [ -97.102795761206551, 49.871441601077493 ], [ -97.102850111109547, 49.871597482301524 ], [ -97.102759320709637, 49.871687092339961 ], [ -97.102617417981662, 49.871769988937999 ], [ -97.101850670122985, 49.871944592648219 ], [ -97.101731829542416, 49.871927939176551 ], [ -97.101552669328044, 49.871882900632585 ], [ -97.101391428031576, 49.871766955696359 ], [ -97.101315430534584, 49.871635475860558 ], [ -97.10111146148661, 49.871300086709738 ], [ -97.10094200381684, 49.871235109428376 ], [ -97.100751838617185, 49.871304154840523 ], [ -97.100651344594695, 49.871396452099688 ], [ -97.100641652583064, 49.871486055616614 ], [ -97.100685247005231, 49.871705712255448 ], [ -97.100722974860872, 49.871896951526502 ], [ -97.100787790307265, 49.872152146572581 ], [ -97.100878563350861, 49.872384365203359 ], [ -97.100901614220575, 49.872634597884407 ], [ -97.100922600820709, 49.872671751829891 ], [ -97.100976949344016, 49.872711032256937 ], [ -97.101096391926887, 49.872749945933606 ], [ -97.10129530330974, 49.872766624649834 ], [ -97.101674892298462, 49.872823270110075 ], [ -97.101993922900718, 49.872866592535736 ], [ -97.102292904802894, 49.87289233791325 ], [ -97.102393921283081, 49.87289127041111 ], [ -97.102474425999404, 49.87286900521994 ], [ -97.102550984475357, 49.872806738145655 ], [ -97.102611767793135, 49.872743139942585 ], [ -97.102724546086918, 49.872677493254528 ], [ -97.102840272945627, 49.872678511313893 ], [ -97.102936017403891, 49.87270573068939 ], [ -97.103026436065264, 49.872804374757806 ], [ -97.103057589515274, 49.873008274446626 ], [ -97.103025198928634, 49.87329081547788 ], [ -97.103076488741806, 49.873370677303768 ], [ -97.103192927714716, 49.873420506678173 ], [ -97.103324371389647, 49.873431469782354 ], [ -97.103568018475698, 49.873267608656221 ], [ -97.103850879129439, 49.873088725482368 ], [ -97.104105345619843, 49.872940060565092 ], [ -97.104295039566523, 49.872876076220564 ], [ -97.104481320535641, 49.872915713646172 ], [ -97.10460677961656, 49.873001703825793 ], [ -97.104589783559788, 49.873121152885851 ], [ -97.104530988442846, 49.873226307028276 ], [ -97.104399897790515, 49.873418638550547 ], [ -97.104277138947978, 49.873658677043679 ], [ -97.104130906798403, 49.873792932527905 ], [ -97.103897906719908, 49.873892275425504 ], [ -97.103471095466702, 49.873971076835872 ], [ -97.103246195081539, 49.874003189549221 ], [ -97.102570716566788, 49.874027002608138 ], [ -97.102448640414863, 49.874072818958894 ], [ -97.102407862623195, 49.874132661130332 ], [ -97.102432230472758, 49.874210390260117 ], [ -97.102550051901304, 49.874270723692071 ], [ -97.102998942094871, 49.874539395131876 ], [ -97.10339248948047, 49.874722445362671 ], [ -97.103686958369565, 49.874851868804313 ], [ -97.103808268431479, 49.87491943688476 ], [ -97.103648036470588, 49.874951308115186 ], [ -97.102571721885624, 49.874667400130221 ], [ -97.100257903064403, 49.874743187685027 ], [ -97.095163703348618, 49.874814191038091 ], [ -97.093949920193921, 49.87468589518101 ], [ -97.093794164735257, 49.874669412405538 ], [ -97.093224536710792, 49.873571470424224 ] ] ] } },
{ "type": "Feature", "properties": { "CTUID": "6020112.01", "greenspace_per_capita": 537.81667214554034 }, "geometry": { "type": "Polygon", "coordinates": [ [ [ -97.074141596391812, 49.873522091526333 ], [ -97.073887987462626, 49.873598894782148 ], [ -97.073965196738357, 49.873729888367976 ], [ -97.071748963152544, 49.873879373027542 ], [ -97.071601379081599, 49.873889316065103 ], [ -97.071400558168548, 49.873902882155626 ], [ -97.07140861455018, 49.873647588835738 ], [ -97.071414314641004, 49.871758707482947 ], [ -97.071028314014129, 49.871000791386813 ], [ -97.070975403254948, 49.870896902566521 ], [ -97.070285913117957, 49.870295096118689 ], [ -97.06996671017049, 49.870016499086695 ], [ -97.066496818705247, 49.867341097390977 ], [ -97.06405288345853, 49.865465302269719 ], [ -97.062108993582072, 49.863966598841557 ], [ -97.0600346851719, 49.862600594435023 ], [ -97.060220085022053, 49.86248681357926 ], [ -97.060833887797386, 49.862101307728025 ], [ -97.061533298633719, 49.86166319889545 ], [ -97.062043586556626, 49.861428895925158 ], [ -97.062338080313864, 49.861370904575054 ], [ -97.06306158811995, 49.861374009960713 ], [ -97.064147292166595, 49.861365098184883 ], [ -97.065276098554946, 49.86132100107227 ], [ -97.066450318819903, 49.861187707122632 ], [ -97.067582709196984, 49.861053589481337 ], [ -97.068681991098273, 49.861053992392208 ], [ -97.069836518101113, 49.861064202958218 ], [ -97.070921803288755, 49.861064288369491 ], [ -97.072229981607819, 49.861059111238852 ], [ -97.073566008388156, 49.861054301449521 ], [ -97.07473478634671, 49.861055708652913 ], [ -97.075820495744978, 49.861046796506876 ], [ -97.077435684971576, 49.861019596390541 ], [ -97.078271400709198, 49.860997498903714 ], [ -97.078265710778695, 49.861492104295401 ], [ -97.078246804648003, 49.863020990553096 ], [ -97.07824710496449, 49.863713588811905 ], [ -97.078248213425979, 49.86438830357303 ], [ -97.078248215568692, 49.865089893860691 ], [ -97.078252096252484, 49.865341807796582 ], [ -97.076957316985684, 49.865356302316286 ], [ -97.077108784616343, 49.867499693464062 ], [ -97.077214305636531, 49.867645392585239 ], [ -97.078102300232857, 49.868064910368567 ], [ -97.078191792304864, 49.868264211552322 ], [ -97.07810048084545, 49.868811393640129 ], [ -97.077983496415257, 49.869304213377774 ], [ -97.078003811762954, 49.869493404394085 ], [ -97.078004495602841, 49.870177102338104 ], [ -97.07798670494941, 49.870977397826486 ], [ -97.080116816600949, 49.870958710404494 ], [ -97.080840001337066, 49.870970710298174 ], [ -97.080875009985959, 49.871843794029751 ], [ -97.080896416894689, 49.873409311928569 ], [ -97.080897608840786, 49.873497687405781 ], [ -97.080823307062602, 49.873498012435334 ], [ -97.079982985462578, 49.873500995081471 ], [ -97.074141596391812, 49.873522091526333 ] ] ] } },
{ "type": "Feature", "properties": { "CTUID": "6020105.00", "greenspace_per_capita": 530.51060574825112 }, "geometry": { "type": "Polygon", "coordinates": [ [ [ -97.102570716566788, 49.874027002608138 ], [ -97.103246195081539, 49.874003189549221 ], [ -97.103471095466702, 49.873971076835872 ], [ -97.103897906719908, 49.873892275425504 ], [ -97.104130906798403, 49.873792932527905 ], [ -97.104277138947978, 49.873658677043679 ], [ -97.104399897790515, 49.873418638550547 ], [ -97.104530988442846, 49.873226307028276 ], [ -97.104589783559788, 49.873121152885851 ], [ -97.10460677961656, 49.873001703825793 ], [ -97.104481320535641, 49.872915713646172 ], [ -97.104295039566523, 49.872876076220564 ], [ -97.104105345619843, 49.872940060565092 ], [ -97.103850879129439, 49.873088725482368 ], [ -97.103568018475698, 49.873267608656221 ], [ -97.103324371389647, 49.873431469782354 ], [ -97.103192927714716, 49.873420506678173 ], [ -97.103076488741806, 49.873370677303768 ], [ -97.103025198928634, 49.87329081547788 ], [ -97.103057589515274, 49.873008274446626 ], [ -97.103026436065264, 49.872804374757806 ], [ -97.102936017403891, 49.87270573068939 ], [ -97.102840272945627, 49.872678511313893 ], [ -97.102724546086918, 49.872677493254528 ], [ -97.102611767793135, 49.872743139942585 ], [ -97.102550984475357, 49.872806738145655 ], [ -97.102474425999404, 49.87286900521994 ], [ -97.102393921283081, 49.87289127041111 ], [ -97.102292904802894, 49.87289233791325 ], [ -97.101993922900718, 49.872866592535736 ], [ -97.101674892298462, 49.872823270110075 ], [ -97.10129530330974, 49.872766624649834 ], [ -97.101096391926887, 49.872749945933606 ], [ -97.100976949344016, 49.872711032256937 ], [ -97.100922600820709, 49.872671751829891 ], [ -97.100901614220575, 49.872634597884407 ], [ -97.100878563350861, 49.872384365203359 ], [ -97.100787790307265, 49.872152146572581 ], [ -97.100722974860872, 49.871896951526502 ], [ -97.100685247005231, 49.871705712255448 ], [ -97.100641652583064, 49.871486055616614 ], [ -97.100651344594695, 49.871396452099688 ], [ -97.100751838617185, 49.871304154840523 ], [ -97.10094200381684, 49.871235109428376 ], [ -97.10111146148661, 49.871300086709738 ], [ -97.101315430534584, 49.871635475860558 ], [ -97.101391428031576, 49.871766955696359 ], [ -97.101552669328044, 49.871882900632585 ], [ -97.101731829542416, 49.871927939176551 ], [ -97.101850670122985, 49.871944592648219 ], [ -97.102617417981662, 49.871769988937999 ], [ -97.102759320709637, 49.871687092339961 ], [ -97.102850111109547, 49.871597482301524 ], [ -97.102795761206551, 49.871441601077493 ], [ -97.102692275964586, 49.871144662924195 ], [ -97.102770574241617, 49.870922101636594 ], [ -97.102899724313133, 49.870784467433168 ], [ -97.102926018637291, 49.870642232875518 ], [ -97.102992029804426, 49.870393019031155 ], [ -97.103141844963147, 49.87006030871963 ], [ -97.103119782117815, 49.869930738596786 ], [ -97.102963267193942, 49.869871539921625 ], [ -97.102673679835647, 49.869849641458075 ], [ -97.101765589669171, 49.869858548397914 ], [ -97.101633521079094, 49.869825352134761 ], [ -97.101531683804154, 49.869750332203225 ], [ -97.10155756267558, 49.8692784624943 ], [ -97.10143303757701, 49.86859302188919 ], [ -97.101235230556483, 49.868131812675813 ], [ -97.101266870787768, 49.867857127343321 ], [ -97.101263718481562, 49.867687269482474 ], [ -97.101127099878212, 49.867589201700845 ], [ -97.100866402069272, 49.867520478974384 ], [ -97.100594507413049, 49.867451162962197 ], [ -97.100463546419888, 49.867455739128758 ], [ -97.100323879408307, 49.867580534078584 ], [ -97.100372298623057, 49.867713249565561 ], [ -97.100548129757627, 49.867857145628392 ], [ -97.100584881794873, 49.868014428982491 ], [ -97.100535254349069, 49.868075749546044 ], [ -97.100456832768458, 49.868129011109417 ], [ -97.100192178973188, 49.868261657920186 ], [ -97.09976988595173, 49.868421867807911 ], [ -97.099665767486826, 49.868447768434507 ], [ -97.099553257331152, 49.868422630001852 ], [ -97.099402488013851, 49.868358827672196 ], [ -97.0991661054573, 49.868190616037651 ], [ -97.099098275393359, 49.868036178065438 ], [ -97.099107505630414, 49.867876443986773 ], [ -97.099221987537391, 49.867713505796651 ], [ -97.099341887396079, 49.867593360487589 ], [ -97.099362631809328, 49.867204312834026 ], [ -97.099443287214882, 49.866965340831385 ], [ -97.099425627728863, 49.86687049910168 ], [ -97.099245933250785, 49.866768699917912 ], [ -97.099060195925077, 49.866721139135862 ], [ -97.098935415932061, 49.866715816036759 ], [ -97.098832322976961, 49.866750039585419 ], [ -97.098464414044884, 49.866856325069662 ], [ -97.097874561983815, 49.866981881973508 ], [ -97.097632000945865, 49.86698283248618 ], [ -97.097577253099359, 49.866938452716212 ], [ -97.097554516250952, 49.866869016586257 ], [ -97.097589592961654, 49.866621097139486 ], [ -97.097713545462838, 49.86628582253423 ], [ -97.097697753963061, 49.865872735950397 ], [ -97.097759464838575, 49.86567118585473 ], [ -97.09775277054753, 49.865537437019789 ], [ -97.097645521673584, 49.865416700089959 ], [ -97.097560272258363, 49.865340794383883 ], [ -97.097323469258441, 49.865308389933439 ], [ -97.097040357356192, 49.865342634242772 ], [ -97.096801760049146, 49.865406287220047 ], [ -97.096603387220568, 49.865437774494275 ], [ -97.096331953265974, 49.865413004831233 ], [ -97.096031594992979, 49.865415530666368 ], [ -97.095886624774792, 49.865417485520069 ], [ -97.095725364299284, 49.865419376849808 ], [ -97.09570983498908, 49.865417437016767 ], [ -97.095857069496873, 49.865372047901623 ], [ -97.098601319574698, 49.864526099877281 ], [ -97.102843901775188, 49.863147403251858 ], [ -97.108454904297773, 49.861287195299489 ], [ -97.108825281181637, 49.861778989899314 ], [ -97.108931184805584, 49.861915612002626 ], [ -97.109341311616916, 49.862461993085553 ], [ -97.109446596244268, 49.862616594530628 ], [ -97.109951102046921, 49.863236495669739 ], [ -97.110494997232138, 49.863920001269896 ], [ -97.110850103843902, 49.864447495403809 ], [ -97.110901299032619, 49.864205508982444 ], [ -97.111107082739522, 49.863210410560733 ], [ -97.111259397176426, 49.86323090019873 ], [ -97.113058844325394, 49.862606111181805 ], [ -97.11318884135089, 49.862536558454231 ], [ -97.113453544643136, 49.862394873437282 ], [ -97.115128279071158, 49.861814180142161 ], [ -97.115275744855992, 49.861867453625209 ], [ -97.115259244430604, 49.86188762690422 ], [ -97.114756026984139, 49.862780225094887 ], [ -97.112926270013674, 49.866025439027162 ], [ -97.112573195530189, 49.867267909994304 ], [ -97.112506557433932, 49.867502346729431 ], [ -97.113232389730229, 49.868975333075127 ], [ -97.114542307588266, 49.869727419612062 ], [ -97.116116058884373, 49.870386256152727 ], [ -97.115022115472783, 49.871018547000453 ], [ -97.114450879351409, 49.871324489655827 ], [ -97.113562417737896, 49.871624804463075 ], [ -97.113435502598279, 49.87166768699651 ], [ -97.112406094392668, 49.872010795445846 ], [ -97.111150696101703, 49.872440104196812 ], [ -97.109726487014186, 49.872911588571874 ], [ -97.108344816647715, 49.87336580760671 ], [ -97.106792990607033, 49.873898107470026 ], [ -97.106514815447326, 49.874019030004533 ], [ -97.104417942469695, 49.874706726034958 ], [ -97.103914279648336, 49.874887250491362 ], [ -97.103844637780924, 49.874912195892456 ], [ -97.103808268431479, 49.87491943688476 ], [ -97.103686958369565, 49.874851868804313 ], [ -97.10339248948047, 49.874722445362671 ], [ -97.102998942094871, 49.874539395131876 ], [ -97.102550051901304, 49.874270723692071 ], [ -97.102432230472758, 49.874210390260117 ], [ -97.102407862623195, 49.874132661130332 ], [ -97.102448640414863, 49.874072818958894 ], [ -97.102570716566788, 49.874027002608138 ] ] ] } },
{ "type": "Feature", "properties": { "CTUID": "6020537.02", "greenspace_per_capita": 715.1143406829658 }, "geometry": { "type": "Polygon", "coordinates": [ [ [ -97.294687090782503, 49.871966597696932 ], [ -97.294308115869654, 49.87206000175987 ], [ -97.293294492977722, 49.87238680371059 ], [ -97.293139603898055, 49.872438510079967 ], [ -97.292634692787232, 49.871756513277965 ], [ -97.292332195813543, 49.871257301465143 ], [ -97.292172898685465, 49.87103910241435 ], [ -97.291561583970449, 49.870220488766726 ], [ -97.291270794930583, 49.869784494214628 ], [ -97.291184313395263, 49.869477405103623 ], [ -97.291269113227628, 49.868651109842745 ], [ -97.291365917151779, 49.867878989202708 ], [ -97.291479485269008, 49.867026095953378 ], [ -97.291562701817227, 49.866244797481066 ], [ -97.291631120804226, 49.865490210300671 ], [ -97.29143098489493, 49.865479491563967 ], [ -97.290700503737014, 49.865440501037419 ], [ -97.290256381489897, 49.865406997416947 ], [ -97.289724859047752, 49.865311095437214 ], [ -97.28972471713621, 49.865308206322396 ], [ -97.289669860788621, 49.864104942357976 ], [ -97.289706781075637, 49.863978644538577 ], [ -97.289819335960672, 49.863593961727673 ], [ -97.2904410560607, 49.863737281223045 ], [ -97.291631584457093, 49.863955341057668 ], [ -97.292932204522486, 49.86395530661536 ], [ -97.295105303078103, 49.863990658907362 ], [ -97.296271404779617, 49.864009995280121 ], [ -97.297730825692682, 49.863865912838364 ], [ -97.299470892222089, 49.864106032968017 ], [ -97.30068042049173, 49.864604977826161 ], [ -97.302500169795962, 49.865387937265851 ], [ -97.302828995217268, 49.865492488361944 ], [ -97.306172495176625, 49.866141845881387 ], [ -97.308353706215669, 49.866372815223919 ], [ -97.308404714687242, 49.866688791300028 ], [ -97.30870077892844, 49.867620489055916 ], [ -97.30846048532986, 49.870117602554629 ], [ -97.308469715069478, 49.87025260690271 ], [ -97.308415797209278, 49.870998412538789 ], [ -97.308231485434447, 49.872686795941021 ], [ -97.308164705347323, 49.873405409735952 ], [ -97.308082616772523, 49.874159794204346 ], [ -97.308016116047654, 49.874869394071943 ], [ -97.307932212213345, 49.875677712297986 ], [ -97.305472280722498, 49.875569797946092 ], [ -97.30308239934871, 49.875453908937253 ], [ -97.303137993389299, 49.87466320583421 ], [ -97.303206791518903, 49.873890604730519 ], [ -97.303274106783718, 49.873162992490322 ], [ -97.303345086965393, 49.872327495561095 ], [ -97.301760904900718, 49.872259310515624 ], [ -97.299981887083575, 49.872188303145393 ], [ -97.298814714704321, 49.872135197113785 ], [ -97.294687090782503, 49.871966597696932 ] ] ] } },
{ "type": "Feature", "properties": { "CTUID": "6020537.01", "greenspace_per_capita": 1161.8982748535425 }, "geometry": { "type": "Polygon", "coordinates": [ [ [ -97.282233048004912, 49.859004024757411 ], [ -97.283231636951058, 49.859067693145754 ], [ -97.284552638973878, 49.859427426146745 ], [ -97.285303356157272, 49.85969682980658 ], [ -97.286233030237042, 49.860329787466107 ], [ -97.286740219933236, 49.860770793956789 ], [ -97.286945598395548, 49.861147482123755 ], [ -97.287044739865351, 49.861519251461935 ], [ -97.287074077439172, 49.861869941908544 ], [ -97.287133826980138, 49.862193398478951 ], [ -97.287366197023971, 49.862404870172178 ], [ -97.287997094983879, 49.862921787108441 ], [ -97.288729573846979, 49.863275932309058 ], [ -97.289819335960672, 49.863593961727673 ], [ -97.289706781075637, 49.863978644538577 ], [ -97.289669860788621, 49.864104942357976 ], [ -97.28972471713621, 49.865308206322396 ], [ -97.289724859047752, 49.865311095437214 ], [ -97.290256381489897, 49.865406997416947 ], [ -97.290700503737014, 49.865440501037419 ], [ -97.29143098489493, 49.865479491563967 ], [ -97.291631120804226, 49.865490210300671 ], [ -97.291562701817227, 49.866244797481066 ], [ -97.291479485269008, 49.867026095953378 ], [ -97.291365917151779, 49.867878989202708 ], [ -97.291269113227628, 49.868651109842745 ], [ -97.291184313395263, 49.869477405103623 ], [ -97.291270794930583, 49.869784494214628 ], [ -97.291561583970449, 49.870220488766726 ], [ -97.292172898685465, 49.87103910241435 ], [ -97.292332195813543, 49.871257301465143 ], [ -97.292634692787232, 49.871756513277965 ], [ -97.293139603898055, 49.872438510079967 ], [ -97.293791101992369, 49.873302600493354 ], [ -97.293820385030813, 49.873653905003337 ], [ -97.293750818919847, 49.874444405462313 ], [ -97.293666384266515, 49.875261699933766 ], [ -97.293642313368125, 49.87554919394131 ], [ -97.29359869889926, 49.875986010864217 ], [ -97.293556214117885, 49.876411410416715 ], [ -97.293532799742081, 49.876680891740918 ], [ -97.293455241115353, 49.877300395773823 ], [ -97.293381187186796, 49.878216789196102 ], [ -97.29333909685883, 49.878621010720373 ], [ -97.293303682485671, 49.878968008061932 ], [ -97.293232798345727, 49.879662808813912 ], [ -97.29321745343033, 49.879871705924543 ], [ -97.293179286173995, 49.880390588747026 ], [ -97.293109405259258, 49.881190099419435 ], [ -97.29306469216445, 49.88166619957687 ], [ -97.293032794695179, 49.881782709456985 ], [ -97.29192509462851, 49.881613411928704 ], [ -97.291246883318308, 49.881504497621727 ], [ -97.289944990334646, 49.881295103235246 ], [ -97.289461291386075, 49.881217287333492 ], [ -97.289371185892932, 49.88120400113182 ], [ -97.288381184178789, 49.881057499208652 ], [ -97.286830904144125, 49.880809709344994 ], [ -97.285806393503293, 49.88065060209059 ], [ -97.285446611290524, 49.880591304176185 ], [ -97.285031201345745, 49.880531194522483 ], [ -97.284117392586268, 49.880391803008628 ], [ -97.282733385214016, 49.880164395921831 ], [ -97.282417588586611, 49.880113758245706 ], [ -97.28100329501558, 49.879886912077509 ], [ -97.280593032874776, 49.879819283946979 ], [ -97.27977120368034, 49.879683810230233 ], [ -97.279743990248434, 49.879679309361165 ], [ -97.279108804604832, 49.879534912196569 ], [ -97.279112999393206, 49.879418100288646 ], [ -97.279544326629889, 49.875588882800372 ], [ -97.279767607949722, 49.871661665155621 ], [ -97.279861350686772, 49.870012387014903 ], [ -97.279669324762864, 49.869895560288398 ], [ -97.279256155007317, 49.869644112126934 ], [ -97.279930059255378, 49.86907337196201 ], [ -97.280154428934054, 49.868639415475691 ], [ -97.280335182097659, 49.867987541023233 ], [ -97.280302730176231, 49.867404872492472 ], [ -97.280117461116731, 49.86687832837368 ], [ -97.279385367430947, 49.865632772974514 ], [ -97.278930035585105, 49.864783709449114 ], [ -97.278838731077016, 49.86437257206876 ], [ -97.278222096044587, 49.862453882672284 ], [ -97.27796407404432, 49.862027574921775 ], [ -97.277841863139543, 49.861721734320767 ], [ -97.277927158974862, 49.861229426832892 ], [ -97.278245329939097, 49.860706615484915 ], [ -97.279356536938451, 49.859844569207972 ], [ -97.280216516140229, 49.859376579553185 ], [ -97.281232820134534, 49.859110678962359 ], [ -97.282233048004912, 49.859004024757411 ] ] ] } },
{ "type": "Feature", "properties": { "CTUID": "6020010.00", "greenspace_per_capita": 548.11527415117314 }, "geometry": { "type": "Polygon", "coordinates": [ [ [ -97.163390399875595, 49.878606980732911 ], [ -97.163157464997511, 49.878601026765281 ], [ -97.1630224038215, 49.878583146954661 ], [ -97.162943144339067, 49.878561636741281 ], [ -97.162901616221234, 49.878556479780727 ], [ -97.162856669584968, 49.878549024369619 ], [ -97.162777094008717, 49.878536531232939 ], [ -97.162601118303613, 49.878497788078398 ], [ -97.162539158745247, 49.87847883602781 ], [ -97.162453073066231, 49.878454978018986 ], [ -97.162301257261063, 49.878421086748666 ], [ -97.162221721845953, 49.878408591025313 ], [ -97.162149550610494, 49.878384939340556 ], [ -97.162129848519172, 49.87837462228422 ], [ -97.16210521098273, 49.878361726494603 ], [ -97.162032930986115, 49.878340330635467 ], [ -97.161864716583153, 49.87827923639508 ], [ -97.161778344685331, 49.878262143388731 ], [ -97.161737245731544, 49.878245738524264 ], [ -97.161679562848974, 49.878206589585588 ], [ -97.161576858274543, 49.878162187028131 ], [ -97.161529276596809, 49.878138347044924 ], [ -97.161447120906374, 49.878097181293334 ], [ -97.161344957603049, 49.878037128457372 ], [ -97.161225102926934, 49.877985736387529 ], [ -97.161174402722565, 49.877946728004815 ], [ -97.161113563397564, 49.877900792024242 ], [ -97.161028664139494, 49.877845497888131 ], [ -97.160861806017451, 49.87774838041021 ], [ -97.160817900080517, 49.877713945326633 ], [ -97.160676105947161, 49.877599234822718 ], [ -97.160618177512148, 49.877566848763998 ], [ -97.160534203614773, 49.877486780059392 ], [ -97.160482558315692, 49.877380295871234 ], [ -97.160399449836987, 49.877277783722128 ], [ -97.160386255749088, 49.877259589641888 ], [ -97.160349824142656, 49.877211742791502 ], [ -97.160313716027815, 49.877154930146453 ], [ -97.160307493473624, 49.877134627475769 ], [ -97.160251216476965, 49.877059531228049 ], [ -97.160191303420376, 49.876986648243651 ], [ -97.16018522307327, 49.876964036173405 ], [ -97.160162428228574, 49.876923238763638 ], [ -97.160156129887369, 49.876905138484091 ], [ -97.160076870566044, 49.876793677392286 ], [ -97.160053346200897, 49.876770790134593 ], [ -97.1600044809487, 49.876684587391281 ], [ -97.159944427006081, 49.876616186166665 ], [ -97.159888501099758, 49.876529846790085 ], [ -97.159862179834747, 49.876491179155948 ], [ -97.159846317451937, 49.876450447744602 ], [ -97.159750794609096, 49.876307225220756 ], [ -97.159570712471492, 49.876101991325179 ], [ -97.159564454259254, 49.876083888917691 ], [ -97.159474593924216, 49.875976775115021 ], [ -97.159451047430338, 49.875956190747061 ], [ -97.159388366719014, 49.875865249941768 ], [ -97.159375269089864, 49.875842524789768 ], [ -97.159369876307778, 49.875801979130252 ], [ -97.159333803667636, 49.875742940490291 ], [ -97.159293464498575, 49.87570634738556 ], [ -97.159162222991185, 49.875589593195322 ], [ -97.159135357921528, 49.875564377309765 ], [ -97.159075059349746, 49.87550273918368 ], [ -97.159000880972101, 49.875440840488309 ], [ -97.158963950290712, 49.875404296374136 ], [ -97.158941078249654, 49.875365675592413 ], [ -97.158864162815902, 49.875283493319799 ], [ -97.158818095177097, 49.875213045062608 ], [ -97.158768368748909, 49.875149285374142 ], [ -97.158744710686022, 49.87513093109164 ], [ -97.158674519691317, 49.875055576027968 ], [ -97.158634502225894, 49.875009991341436 ], [ -97.158577365475679, 49.874957337876999 ], [ -97.158459433257846, 49.874856547032152 ], [ -97.158442849133806, 49.874833777014146 ], [ -97.15837330682244, 49.874740490399489 ], [ -97.158309123469195, 49.874689975227511 ], [ -97.158261914097082, 49.874650984939059 ], [ -97.158136252083892, 49.874570291431162 ], [ -97.158085380530196, 49.874535791528047 ], [ -97.158034823003959, 49.87449224885458 ], [ -97.157960357072668, 49.874437089384749 ], [ -97.157922853102889, 49.874416248351793 ], [ -97.157862019323119, 49.874370285246222 ], [ -97.157749980679853, 49.874296538308386 ], [ -97.157712225702795, 49.874282434850151 ], [ -97.157657751815435, 49.874250094415423 ], [ -97.157541155422862, 49.874205532401547 ], [ -97.157479856116765, 49.874170844156971 ], [ -97.157428658282768, 49.874145283964324 ], [ -97.157318742608837, 49.874107525518021 ], [ -97.157256544100676, 49.874095333756344 ], [ -97.157201574915277, 49.874078692128514 ], [ -97.157105000021588, 49.874054697350914 ], [ -97.157050024215366, 49.874035831879965 ], [ -97.156998830129695, 49.874010297159252 ], [ -97.156905276453514, 49.873999794512798 ], [ -97.1568469227403, 49.873978628187842 ], [ -97.156805581961166, 49.873968984828849 ], [ -97.156736730250941, 49.873949884016127 ], [ -97.156626458434303, 49.87392114400587 ], [ -97.156564250475384, 49.87390887476441 ], [ -97.156492169795527, 49.873883042629728 ], [ -97.156395307967983, 49.873867985020908 ], [ -97.156226653707748, 49.873820329538987 ], [ -97.156005079125734, 49.873792076061036 ], [ -97.155911853852913, 49.873772632493036 ], [ -97.155835667631123, 49.873762434730125 ], [ -97.155784107219674, 49.873745841526258 ], [ -97.155544080870868, 49.873744235888921 ], [ -97.155499210347301, 49.873734523520852 ], [ -97.155192999521944, 49.873734180137667 ], [ -97.1550442671805, 49.873711596066414 ], [ -97.154970700855344, 49.873723885631932 ], [ -97.154782777802012, 49.873725394376621 ], [ -97.154663844200812, 49.873741497613693 ], [ -97.154632346471189, 49.873745495571022 ], [ -97.154597510548825, 49.873747190556799 ], [ -97.154502457429231, 49.873777188432577 ], [ -97.154449996472337, 49.873783091088633 ], [ -97.154336725537348, 49.873804009610573 ], [ -97.154275318923254, 49.873649895671939 ], [ -97.154100890013197, 49.872448391206838 ], [ -97.153556316029906, 49.871765097811469 ], [ -97.152905281987529, 49.870954193872961 ], [ -97.155033593917409, 49.870250511488848 ], [ -97.157134080328859, 49.869546288891549 ], [ -97.159319307212201, 49.868807503658822 ], [ -97.161405099601922, 49.8681209945264 ], [ -97.163589814939229, 49.867391111467903 ], [ -97.165661909235268, 49.866695290156279 ], [ -97.167804096734102, 49.865982604136228 ], [ -97.169861784674865, 49.865295510988808 ], [ -97.172089396513257, 49.864530087785155 ], [ -97.172935704427999, 49.86422860277937 ], [ -97.173192807500371, 49.864052708945827 ], [ -97.173842019507219, 49.86344229846641 ], [ -97.174070585587558, 49.86328400509349 ], [ -97.17449699958641, 49.863047903467049 ], [ -97.174862287058573, 49.86295470557144 ], [ -97.174859903894543, 49.863017600313079 ], [ -97.176193995546868, 49.863065606670943 ], [ -97.17762498832839, 49.863124102499327 ], [ -97.17737130075129, 49.866538208651654 ], [ -97.177112381872178, 49.870087196818588 ], [ -97.176855901605236, 49.873573196455126 ], [ -97.176748107226544, 49.874956700530205 ], [ -97.176723697601389, 49.87523519077164 ], [ -97.175672330163124, 49.876228554391552 ], [ -97.17547883401096, 49.876458874841425 ], [ -97.175391080375789, 49.876430825100002 ], [ -97.175359978881815, 49.876425833932828 ], [ -97.175315349120851, 49.876409392768686 ], [ -97.17527064763425, 49.876395179660079 ], [ -97.175146234154283, 49.87637299100551 ], [ -97.174873410404317, 49.87631697909891 ], [ -97.174786720303061, 49.876308889118221 ], [ -97.174672730015331, 49.876286834751291 ], [ -97.174551764912778, 49.876264691749824 ], [ -97.174471869893893, 49.876261173975301 ], [ -97.174402472682644, 49.876255588667114 ], [ -97.174329948107598, 49.876240991095614 ], [ -97.174188203194447, 49.876216298353164 ], [ -97.174160546406668, 49.876211327540787 ], [ -97.17398004505452, 49.876199488170585 ], [ -97.173833995361719, 49.876197191914287 ], [ -97.173802962750628, 49.876189946503914 ], [ -97.173768013964207, 49.876193878509795 ], [ -97.173618545368868, 49.876189283898569 ], [ -97.173549256667727, 49.876181442087265 ], [ -97.173222594456377, 49.876169534653414 ], [ -97.17300362844918, 49.876163832599957 ], [ -97.172934231601815, 49.876158246258413 ], [ -97.172896220941155, 49.87615088626081 ], [ -97.172673796459023, 49.876142887556341 ], [ -97.172347105952952, 49.876133228824962 ], [ -97.172329705096942, 49.876132979341421 ], [ -97.172263370034813, 49.876138684238754 ], [ -97.172113544563999, 49.876143080969449 ], [ -97.172081909469924, 49.876151592052338 ], [ -97.172067852194786, 49.876155843003488 ], [ -97.171900521630164, 49.876164443871474 ], [ -97.171810129133618, 49.876162991138912 ], [ -97.171775143759902, 49.876166950267027 ], [ -97.17167372232673, 49.87618109356066 ], [ -97.17156592893042, 49.876179391001145 ], [ -97.17149991464683, 49.876176129589645 ], [ -97.171401977232989, 49.876190291280913 ], [ -97.171353009728648, 49.876196298726612 ], [ -97.171272862763303, 49.876199490397624 ], [ -97.171062254135819, 49.876247876735938 ], [ -97.171016705307281, 49.876256182145205 ], [ -97.170883745565121, 49.876274330002246 ], [ -97.170769045710045, 49.876270284050939 ], [ -97.170664204898884, 49.876282128169272 ], [ -97.170545060716506, 49.87630498632042 ], [ -97.170463952419894, 49.876332927994682 ], [ -97.170334129476771, 49.876362336916017 ], [ -97.170218501324001, 49.876382987472056 ], [ -97.170190244669996, 49.876393798260615 ], [ -97.170095580157877, 49.876412540554483 ], [ -97.169920026910418, 49.876454737877992 ], [ -97.169849281826643, 49.876485145259743 ], [ -97.169775574168312, 49.87650192783746 ], [ -97.169626852597361, 49.876569339864979 ], [ -97.169566818887787, 49.876593142606012 ], [ -97.169426102085268, 49.876633638773846 ], [ -97.169243207691821, 49.876684688321625 ], [ -97.169141429531194, 49.876707848348147 ], [ -97.169056622327901, 49.876742480043788 ], [ -97.168985511534387, 49.876781829103898 ], [ -97.168850940751298, 49.876842630867806 ], [ -97.168805322024852, 49.876853189027976 ], [ -97.168702722712297, 49.876898789891847 ], [ -97.168604004412572, 49.876933241235527 ], [ -97.168572476531708, 49.876939495310587 ], [ -97.168494744611635, 49.87696973579191 ], [ -97.16839552363146, 49.877017636724872 ], [ -97.168317505489981, 49.877054642640758 ], [ -97.168236325376398, 49.87708483631117 ], [ -97.168158277879172, 49.877124093722607 ], [ -97.168045342265415, 49.877164975939252 ], [ -97.168006093647378, 49.8771913797735 ], [ -97.167865416322542, 49.877231897332656 ], [ -97.167783877325164, 49.877271084294733 ], [ -97.167748456920464, 49.877286238046104 ], [ -97.167723476668371, 49.87730382825012 ], [ -97.167603256484213, 49.877353689549068 ], [ -97.167310819018013, 49.877450244183585 ], [ -97.167172477152519, 49.877519988647258 ], [ -97.167097915383437, 49.877559289791556 ], [ -97.16707990255091, 49.877574745094137 ], [ -97.166963096155584, 49.877626878254119 ], [ -97.166874869860763, 49.877659235581291 ], [ -97.166797316200942, 49.877684990812071 ], [ -97.166715920362819, 49.8777218932156 ], [ -97.166649045936268, 49.87774109768749 ], [ -97.166464900659832, 49.877825882390944 ], [ -97.166369441872234, 49.877864836593957 ], [ -97.166366017771665, 49.877866831767584 ], [ -97.166312576515907, 49.877897699199345 ], [ -97.166199357280718, 49.877945396356864 ], [ -97.165927728691855, 49.878042297855579 ], [ -97.165843165960254, 49.878070189189117 ], [ -97.16579362324461, 49.878091897499964 ], [ -97.16566670292778, 49.878134850493815 ], [ -97.165489489366053, 49.878219724768464 ], [ -97.165443792631919, 49.878232483820092 ], [ -97.165274448149717, 49.878292777443541 ], [ -97.1649405029127, 49.878381943440665 ], [ -97.164902027876238, 49.87838802799034 ], [ -97.164789204265347, 49.878426727791336 ], [ -97.164725746416522, 49.878448229369063 ], [ -97.16460986275959, 49.878475636931888 ], [ -97.164553699210387, 49.878488236083129 ], [ -97.164462627048394, 49.878504787475713 ], [ -97.164378595332934, 49.878516976132588 ], [ -97.164256341811182, 49.878528536940429 ], [ -97.164168398087156, 49.878554126353819 ], [ -97.164063019784081, 49.87858169068349 ], [ -97.164031628061366, 49.878583435805432 ], [ -97.163968528622519, 49.878595943232582 ], [ -97.16383602609001, 49.878602832131925 ], [ -97.163759074800026, 49.87861282793348 ], [ -97.163650375901781, 49.878633588033189 ], [ -97.163390399875595, 49.878606980732911 ] ] ] } },
{ "type": "Feature", "properties": { "CTUID": "6020007.00", "greenspace_per_capita": 1421.8304849058304 }, "geometry": { "type": "Polygon", "coordinates": [ [ [ -97.229823305078071, 49.876328399098284 ], [ -97.229787296225183, 49.87579080507588 ], [ -97.229802094562231, 49.8754602240151 ], [ -97.229752461231413, 49.875450080329223 ], [ -97.229545223223397, 49.875408739287323 ], [ -97.229418414603046, 49.875355038831401 ], [ -97.22921489430928, 49.875306924524637 ], [ -97.229029130173672, 49.875250132508931 ], [ -97.228953946898926, 49.87521078613662 ], [ -97.228710706584025, 49.875105894981559 ], [ -97.228539333280096, 49.875035797902996 ], [ -97.228512018977383, 49.875021874274331 ], [ -97.228391370202331, 49.874990778076139 ], [ -97.228249528289012, 49.874968391408117 ], [ -97.228011962122892, 49.874899528439585 ], [ -97.227777542458625, 49.874839726744931 ], [ -97.227652931166986, 49.874822088640485 ], [ -97.227276352553417, 49.874746640222966 ], [ -97.227131603044, 49.874708426610376 ], [ -97.226883505777835, 49.874641636230649 ], [ -97.226474848802653, 49.874493731433098 ], [ -97.22629260539442, 49.874434725218208 ], [ -97.226164719362629, 49.874412530943779 ], [ -97.226059128487734, 49.874350245545564 ], [ -97.225976978740746, 49.874312984564149 ], [ -97.225816065000942, 49.874240786470899 ], [ -97.225442808878995, 49.874077677442919 ], [ -97.225092969461187, 49.87393969667977 ], [ -97.225017825376909, 49.873900293950712 ], [ -97.224937550709186, 49.873873999811671 ], [ -97.224866557445154, 49.873850742509298 ], [ -97.224625443657786, 49.873784031576086 ], [ -97.224526897072636, 49.873719575855695 ], [ -97.224310715774521, 49.873637537076171 ], [ -97.223955351012009, 49.873553393162581 ], [ -97.223769562330787, 49.873496593737137 ], [ -97.223635598606279, 49.873449588158778 ], [ -97.223508784408494, 49.873398183419106 ], [ -97.223426230444659, 49.873372193603139 ], [ -97.223315972701897, 49.873341223258535 ], [ -97.223260555662947, 49.873333642315956 ], [ -97.223187946401495, 49.873321283303355 ], [ -97.222891468034462, 49.873247036427905 ], [ -97.222704399819165, 49.873223928299041 ], [ -97.222451044851923, 49.873206530629524 ], [ -97.222343800968417, 49.873189128691529 ], [ -97.222149149095486, 49.873183943165479 ], [ -97.221965476833759, 49.873165381563645 ], [ -97.22157516058914, 49.873181884866966 ], [ -97.221237970658208, 49.87317218588263 ], [ -97.220825865918258, 49.873213074445736 ], [ -97.220459550228426, 49.873238998057658 ], [ -97.220319476030141, 49.873263783648525 ], [ -97.220151579669491, 49.873288197943502 ], [ -97.219877856774545, 49.873351435965617 ], [ -97.219676918245781, 49.873387918916691 ], [ -97.219615153099397, 49.873399148927525 ], [ -97.219292953693213, 49.873454941160503 ], [ -97.219239960324956, 49.873474201979988 ], [ -97.219162477602282, 49.873502375922676 ], [ -97.218807992372433, 49.873584626612015 ], [ -97.218351901632701, 49.873687777248826 ], [ -97.217934926141481, 49.873766835379797 ], [ -97.217553265303437, 49.873830698941553 ], [ -97.217370069489419, 49.873893082721366 ], [ -97.216949467062591, 49.873976575853078 ], [ -97.216517146499342, 49.874093578655497 ], [ -97.216038609423563, 49.874144687313184 ], [ -97.215604330502075, 49.874221238005582 ], [ -97.215351621244537, 49.874280292098881 ], [ -97.215170175755887, 49.874293227902122 ], [ -97.214535564713557, 49.874328440935734 ], [ -97.213989525918876, 49.874322280583577 ], [ -97.213589429759381, 49.874320636280672 ], [ -97.213335969157043, 49.874305496692777 ], [ -97.213280549311165, 49.874297884423626 ], [ -97.213166371519335, 49.874280384495457 ], [ -97.212750464624918, 49.874235732679395 ], [ -97.212350452949224, 49.874137399896021 ], [ -97.212182419657466, 49.874071775819587 ], [ -97.211753821323555, 49.873995429504681 ], [ -97.21166091782959, 49.873967045037425 ], [ -97.211537521498144, 49.873915646361937 ], [ -97.211396482905272, 49.873870742735861 ], [ -97.211130295408537, 49.87382393493408 ], [ -97.210867878078332, 49.873770429456243 ], [ -97.210664307876016, 49.87372228138517 ], [ -97.210435851572853, 49.87368953132119 ], [ -97.210325167314764, 49.873672096796128 ], [ -97.210002214262161, 49.873655842674907 ], [ -97.209810975793644, 49.8736528781304 ], [ -97.20962949493979, 49.873665831534552 ], [ -97.209573454717471, 49.873676174554205 ], [ -97.209356348542528, 49.873713334612162 ], [ -97.20895449723254, 49.87385329319671 ], [ -97.20882390496358, 49.873902995923387 ], [ -97.208642519544398, 49.874010396318226 ], [ -97.208624818076643, 49.874022894565726 ], [ -97.208546071362363, 49.874078595727966 ], [ -97.208452721170445, 49.874155833965951 ], [ -97.208371516897614, 49.874280543644474 ], [ -97.208248053655566, 49.874420328882316 ], [ -97.208221029549662, 49.874491837876874 ], [ -97.20820924294334, 49.874527627829536 ], [ -97.208199143218323, 49.87461293258734 ], [ -97.208196523828846, 49.874779326987024 ], [ -97.208193904568304, 49.875037899819951 ], [ -97.20825563053144, 49.875344648323413 ], [ -97.208289710186548, 49.875457577809478 ], [ -97.208343946962458, 49.875777795415907 ], [ -97.208346313510717, 49.875995983173631 ], [ -97.208343148947208, 49.876081376656174 ], [ -97.208322972346977, 49.87615753112545 ], [ -97.208302755931769, 49.876233687772732 ], [ -97.208287627498933, 49.876267176793554 ], [ -97.208214708149768, 49.876355976967261 ], [ -97.208155462526889, 49.876451740709818 ], [ -97.208069017971226, 49.876531344812349 ], [ -97.207938522509636, 49.87657879088696 ], [ -97.207887858668286, 49.876631981296711 ], [ -97.207820096399516, 49.876675885507339 ], [ -97.207582645021887, 49.876791428998352 ], [ -97.207438544140828, 49.876829682667434 ], [ -97.207157010191281, 49.876915292879076 ], [ -97.206989051360111, 49.87693968719239 ], [ -97.206639575013128, 49.876981478982792 ], [ -97.206510642499055, 49.876986240301868 ], [ -97.206305255289223, 49.876987529113123 ], [ -97.206117802564705, 49.876975634552544 ], [ -97.205818852528097, 49.876966543333275 ], [ -97.205245959235526, 49.876932928730604 ], [ -97.205028305463117, 49.876891327152627 ], [ -97.20489026427262, 49.876859932555931 ], [ -97.204688481789049, 49.876859082273853 ], [ -97.204536250533693, 49.876834277950344 ], [ -97.204285467598623, 49.876841625360456 ], [ -97.203885560528832, 49.87683542971174 ], [ -97.203730119070386, 49.876803789585864 ], [ -97.203671143210698, 49.876798382401248 ], [ -97.203426775104361, 49.876819345387489 ], [ -97.203082930154068, 49.876830299133552 ], [ -97.203047019891571, 49.876831448909385 ], [ -97.202929265643078, 49.876853521612226 ], [ -97.202836752900879, 49.876870886057247 ], [ -97.202529046231064, 49.876915048624205 ], [ -97.202497418861824, 49.876919586383792 ], [ -97.202185427084984, 49.87698218874354 ], [ -97.201881589839275, 49.87701118975221 ], [ -97.201790121594684, 49.877039048818361 ], [ -97.201583166170821, 49.87708303632634 ], [ -97.201431046210601, 49.877126449610323 ], [ -97.201344028632604, 49.877151299030814 ], [ -97.20073820521371, 49.877254326300381 ], [ -97.200570277589748, 49.877278681848189 ], [ -97.200398896182236, 49.877300793515886 ], [ -97.200100254182317, 49.877377147549893 ], [ -97.199725122067036, 49.877452223502488 ], [ -97.199586175803674, 49.877540024578416 ], [ -97.199435089644311, 49.87757817989894 ], [ -97.199226601794223, 49.877664894658594 ], [ -97.199133269027769, 49.877742148550787 ], [ -97.198917895658113, 49.877824244847787 ], [ -97.198719611497637, 49.877915577139284 ], [ -97.198543307776958, 49.877978041397256 ], [ -97.198448521556131, 49.878001344318733 ], [ -97.198363917153074, 49.878031543053361 ], [ -97.197880273120077, 49.878122926371788 ], [ -97.197676759305921, 49.878166977098736 ], [ -97.197451349021122, 49.87823994190942 ], [ -97.196874662915633, 49.878307429530828 ], [ -97.196443752269786, 49.878383942407702 ], [ -97.196243870075151, 49.878425775586329 ], [ -97.196118315801399, 49.878432848427707 ], [ -97.196062299913777, 49.878440983659956 ], [ -97.195480351025068, 49.878463383721943 ], [ -97.194955220530716, 49.878455178473828 ], [ -97.194770634257281, 49.878424381285505 ], [ -97.194637219379644, 49.878410075730478 ], [ -97.194535564964497, 49.878417194703957 ], [ -97.194482464755154, 49.878395712216474 ], [ -97.194369008781692, 49.878388392857602 ], [ -97.194386076974922, 49.878175359782055 ], [ -97.194408482307637, 49.877894973156813 ], [ -97.194520515976194, 49.876529174630392 ], [ -97.194527668407588, 49.876452075703263 ], [ -97.19452847976541, 49.87644168632125 ], [ -97.194705678455904, 49.874205551751501 ], [ -97.194706276747524, 49.874197527557705 ], [ -97.194706574374933, 49.874193657790819 ], [ -97.194742680954462, 49.873784974139959 ], [ -97.194742654261887, 49.873784768683109 ], [ -97.194861251079018, 49.872284558087131 ], [ -97.194982083767911, 49.87072586086628 ], [ -97.194982754450848, 49.870717470753803 ], [ -97.194984405831605, 49.870695992521689 ], [ -97.195256978314561, 49.867262662115969 ], [ -97.195257381082627, 49.867258062576838 ], [ -97.195257626138783, 49.867254713002055 ], [ -97.195260155259234, 49.867223669938163 ], [ -97.195535657285944, 49.863839771175648 ], [ -97.195536308338603, 49.863831847836458 ], [ -97.195553254378794, 49.863832634866149 ], [ -97.19567408511935, 49.863838205144866 ], [ -97.196521498302332, 49.863878399350483 ], [ -97.197869200986986, 49.863935307026509 ], [ -97.199995286781885, 49.864013403606315 ], [ -97.20119001430902, 49.864067895880424 ], [ -97.202056999238252, 49.864102789725251 ], [ -97.203010213149327, 49.864141109577126 ], [ -97.204482712980862, 49.86420891137044 ], [ -97.205928098049085, 49.864258303609105 ], [ -97.206094596844935, 49.864269808641474 ], [ -97.206701889632598, 49.864405193815529 ], [ -97.207143588696056, 49.864501893198401 ], [ -97.207895882226126, 49.864855398176864 ], [ -97.208421717791666, 49.86531329288848 ], [ -97.208785496843319, 49.865633698318263 ], [ -97.209016607443786, 49.865781187433001 ], [ -97.209356417356247, 49.866002289187811 ], [ -97.210096817656179, 49.866301599387931 ], [ -97.21129912085506, 49.866527111072109 ], [ -97.210930479988491, 49.86972359502662 ], [ -97.21091260917234, 49.869831202407433 ], [ -97.210888432088041, 49.870154517431494 ], [ -97.21080249007538, 49.871304712917066 ], [ -97.21145161441018, 49.871818487133844 ], [ -97.211330899357549, 49.872823988162828 ], [ -97.211025185182166, 49.873188107179779 ], [ -97.211564981940697, 49.873268412007548 ], [ -97.211799514954961, 49.8733259939007 ], [ -97.212073702451264, 49.873438187319252 ], [ -97.212361485446493, 49.873559493993312 ], [ -97.212804009566881, 49.873638312093142 ], [ -97.213250392816548, 49.873609195508749 ], [ -97.213656817616808, 49.873534508348442 ], [ -97.214445691693442, 49.873276798019688 ], [ -97.214738792162009, 49.873254393568345 ], [ -97.215142196367268, 49.873260611373119 ], [ -97.216006009814265, 49.873237891027514 ], [ -97.216593197501098, 49.873165990330115 ], [ -97.218135198542399, 49.872865890897799 ], [ -97.219801091315531, 49.872603601117085 ], [ -97.220000593450465, 49.870205002545362 ], [ -97.220275883172164, 49.866881111047057 ], [ -97.221721691045744, 49.866921306094007 ], [ -97.223153594553082, 49.866961307622574 ], [ -97.224613005965224, 49.867010598154422 ], [ -97.22608691641905, 49.867042186764451 ], [ -97.227601986733319, 49.867092300201769 ], [ -97.229381595578161, 49.867137509911053 ], [ -97.229603811668611, 49.867149889826415 ], [ -97.236689890137043, 49.867455793101989 ], [ -97.239732994608801, 49.867583000800025 ], [ -97.240386015135243, 49.867610909876852 ], [ -97.240927509911842, 49.867646109755469 ], [ -97.241746812545585, 49.867694599089312 ], [ -97.242913200308578, 49.867766207685449 ], [ -97.244801813637878, 49.867875807153844 ], [ -97.247399192203829, 49.868014007171574 ], [ -97.249871715220593, 49.868141294727209 ], [ -97.248523696137525, 49.873978777839362 ], [ -97.248386970565591, 49.873981435409256 ], [ -97.248030819556689, 49.873919843521904 ], [ -97.24762767682904, 49.873906994793671 ], [ -97.247360623923356, 49.873882677480111 ], [ -97.247044040274758, 49.87388013617052 ], [ -97.246759221886521, 49.873866826380763 ], [ -97.246515191077933, 49.873878878801811 ], [ -97.246445318121616, 49.87388684573056 ], [ -97.246340096377324, 49.873909992275451 ], [ -97.245914200516367, 49.873948535338471 ], [ -97.245780398741104, 49.873991481850396 ], [ -97.245448072017794, 49.874137124489813 ], [ -97.245356319998763, 49.874171740287849 ], [ -97.245278114850265, 49.874217796282217 ], [ -97.245000240968366, 49.874395682438127 ], [ -97.244859660219731, 49.874530690200558 ], [ -97.244798750099292, 49.874579238498271 ], [ -97.244729378514549, 49.874670384242513 ], [ -97.244602274600737, 49.874720178519723 ], [ -97.244502360643821, 49.874788399411273 ], [ -97.244382061904574, 49.874842786732593 ], [ -97.244283602622573, 49.874870526649445 ], [ -97.244063363244948, 49.874995385830957 ], [ -97.243856571170454, 49.875037231610392 ], [ -97.243661455106192, 49.875043287053167 ], [ -97.243520712269557, 49.875086144874878 ], [ -97.24345821788539, 49.875082945692611 ], [ -97.242936975313071, 49.875063792877029 ], [ -97.242774294982866, 49.875038843150165 ], [ -97.24245500008999, 49.875015975901235 ], [ -97.242274869407851, 49.874995291498642 ], [ -97.241418161262203, 49.874919333083433 ], [ -97.241087998817008, 49.874907583384648 ], [ -97.240955863366594, 49.874905582172758 ], [ -97.24053733236201, 49.874952776704141 ], [ -97.240375866302955, 49.87497097680609 ], [ -97.240116552168729, 49.875020991284252 ], [ -97.23983061081212, 49.875039148295357 ], [ -97.239528499463447, 49.875117781831428 ], [ -97.239339578734175, 49.875146380003116 ], [ -97.239178408436814, 49.875175399255298 ], [ -97.238718820632897, 49.875278579377465 ], [ -97.238637591089869, 49.875311086873374 ], [ -97.238408778394046, 49.875384077072212 ], [ -97.238313804612076, 49.875411878739605 ], [ -97.238074904190015, 49.875475694832907 ], [ -97.237966225933889, 49.875498788378628 ], [ -97.237562695931004, 49.875589378024152 ], [ -97.237067193261623, 49.875626800620289 ], [ -97.236955254730233, 49.875643036108073 ], [ -97.236829752361743, 49.875650132955222 ], [ -97.236439699948491, 49.875659980987045 ], [ -97.235645866293822, 49.875672637789862 ], [ -97.23509056319142, 49.875632673965377 ], [ -97.234472009879141, 49.875511561468528 ], [ -97.233993017225771, 49.875462298675735 ], [ -97.233388381810911, 49.875387544316098 ], [ -97.233057089966124, 49.875362560757452 ], [ -97.232695774998902, 49.875466289712598 ], [ -97.232674417749678, 49.876174467036549 ], [ -97.232650581670015, 49.877164371135819 ], [ -97.232648016278048, 49.877272005327768 ], [ -97.232170512986784, 49.877272492362636 ], [ -97.231335213232356, 49.877277705086151 ], [ -97.230972208002058, 49.877308089636742 ], [ -97.230832099975785, 49.877332995438756 ], [ -97.230481795730356, 49.877399593247176 ], [ -97.229723717672755, 49.877607827708665 ], [ -97.229727943406274, 49.877487429500306 ], [ -97.229823305078071, 49.876328399098284 ] ] ] } },
{ "type": "Feature", "properties": { "CTUID": "6020538.00", "greenspace_per_capita": 1348.2628516231832 }, "geometry": { "type": "Polygon", "coordinates": [ [ [ -97.308231485434447, 49.872686795941021 ], [ -97.308415797209278, 49.870998412538789 ], [ -97.308469715069478, 49.87025260690271 ], [ -97.30846048532986, 49.870117602554629 ], [ -97.30870077892844, 49.867620489055916 ], [ -97.308404714687242, 49.866688791300028 ], [ -97.308353706215669, 49.866372815223919 ], [ -97.309663716685094, 49.866383941877046 ], [ -97.311256799603839, 49.866624953744321 ], [ -97.311972382140937, 49.867289117694916 ], [ -97.31247976575564, 49.86920459715477 ], [ -97.312993351782779, 49.870434141254393 ], [ -97.314392608563097, 49.871301038337684 ], [ -97.31637287502268, 49.87235530983115 ], [ -97.317888945808164, 49.872672420425751 ], [ -97.31964160426611, 49.87261642417976 ], [ -97.320391982768385, 49.872535502114594 ], [ -97.321545036422179, 49.872231884025275 ], [ -97.322226508772232, 49.87150612538683 ], [ -97.323225660342317, 49.870251904134818 ], [ -97.324748084045325, 49.869231471252064 ], [ -97.32565441858722, 49.868970309038033 ], [ -97.325788547731023, 49.868930464375616 ], [ -97.325906496084272, 49.869480388007126 ], [ -97.325930586050717, 49.869588596412044 ], [ -97.326294500557069, 49.871140992563433 ], [ -97.326105815391188, 49.87498809643526 ], [ -97.325747506595661, 49.878104205929333 ], [ -97.325574903097163, 49.879873690792742 ], [ -97.325550111064061, 49.880188100820675 ], [ -97.325525289170116, 49.880502590432492 ], [ -97.325507116288506, 49.880628285934016 ], [ -97.325417002583052, 49.880640305968647 ], [ -97.325325283488894, 49.880652596243152 ], [ -97.324974608201217, 49.880693250593978 ], [ -97.324786990947985, 49.880715010048576 ], [ -97.324221217863126, 49.880780603788814 ], [ -97.322708020318316, 49.880963099030168 ], [ -97.322645137309792, 49.880970680272881 ], [ -97.32169110686992, 49.881085795047767 ], [ -97.321385998708905, 49.881119946980164 ], [ -97.321322017096563, 49.881127096887688 ], [ -97.32115808862325, 49.881145489729548 ], [ -97.320908515286973, 49.881173399318904 ], [ -97.32008388427208, 49.881269411008404 ], [ -97.319301000425824, 49.881365994651752 ], [ -97.318098804113006, 49.881510400633459 ], [ -97.316785105034185, 49.881662299653954 ], [ -97.316659179374255, 49.881678394439412 ], [ -97.315247381719345, 49.881846788559173 ], [ -97.313877617457365, 49.882006802920131 ], [ -97.312535717900658, 49.882167192464344 ], [ -97.311109884103132, 49.882335295242072 ], [ -97.310606803009748, 49.882390891595762 ], [ -97.309754000254657, 49.882495412354906 ], [ -97.307460446367145, 49.882757186103909 ], [ -97.307170676810955, 49.882790313629968 ], [ -97.307186701668371, 49.882664897943485 ], [ -97.307467684930131, 49.880204388194898 ], [ -97.307618483746921, 49.878677399004339 ], [ -97.307699282900245, 49.877959005280395 ], [ -97.30776809391206, 49.8771864903797 ], [ -97.307848913625406, 49.876467995368849 ], [ -97.307932212213345, 49.875677712297986 ], [ -97.308016116047654, 49.874869394071943 ], [ -97.308082616772523, 49.874159794204346 ], [ -97.308164705347323, 49.873405409735952 ], [ -97.308231485434447, 49.872686795941021 ] ] ] } },
{ "type": "Feature", "properties": { "CTUID": "6020008.00", "greenspace_per_capita": 792.16561200454828 }, "geometry": { "type": "Polygon", "coordinates": [ [ [ -97.183436972728799, 49.879471593729249 ], [ -97.183377504910396, 49.879479675682177 ], [ -97.183207055210474, 49.879476980841361 ], [ -97.182925423047919, 49.879470295675873 ], [ -97.182803211657102, 49.879481877406448 ], [ -97.182719510050433, 49.879487339628426 ], [ -97.182496994228757, 49.879481591134265 ], [ -97.182369682019186, 49.879443635802147 ], [ -97.182060357224941, 49.87943203311039 ], [ -97.181932263917858, 49.879414292852218 ], [ -97.181811078122394, 49.879398894205742 ], [ -97.181735115729921, 49.879381927099544 ], [ -97.181620943917977, 49.879364441631324 ], [ -97.181548021075685, 49.879361043249979 ], [ -97.181496159474705, 49.879351228851242 ], [ -97.181424043600487, 49.879325337436917 ], [ -97.181258897113736, 49.879275539851641 ], [ -97.181221197614278, 49.879259191382182 ], [ -97.180849149347139, 49.87915888070642 ], [ -97.180814779826022, 49.87914938668321 ], [ -97.180710917918702, 49.879134238984115 ], [ -97.180583568689883, 49.87909628353875 ], [ -97.180480421208642, 49.879063173784118 ], [ -97.180360223899569, 49.879020796428968 ], [ -97.180260661084162, 49.878983225086422 ], [ -97.18015143250895, 49.878927581064509 ], [ -97.180055048676564, 49.878899096537985 ], [ -97.179902454306585, 49.878793244841631 ], [ -97.17982376369406, 49.87875829397494 ], [ -97.179718113983384, 49.878698136807493 ], [ -97.17955114336975, 49.878603330188206 ], [ -97.179452095646226, 49.878554583324181 ], [ -97.179408662043954, 49.878506629472206 ], [ -97.179331103058743, 49.878440245182823 ], [ -97.179219011480754, 49.878366495954666 ], [ -97.179147257820418, 49.878331634923583 ], [ -97.179079849849373, 49.878274399997096 ], [ -97.179004961254762, 49.878230475381066 ], [ -97.178940354914076, 49.878188994597089 ], [ -97.178916370064968, 49.878179636533773 ], [ -97.178837566824015, 49.878146889511939 ], [ -97.17879980107665, 49.878132793953796 ], [ -97.178582259181425, 49.877996677104193 ], [ -97.178483914577868, 49.877927692484576 ], [ -97.17841910111224, 49.877892947035122 ], [ -97.178375428190719, 49.877851781985825 ], [ -97.178242196191363, 49.877784425674079 ], [ -97.178143932152807, 49.877715436466609 ], [ -97.178082929763306, 49.877671794766144 ], [ -97.178024915898916, 49.877641647031666 ], [ -97.177977573076944, 49.877604896034924 ], [ -97.1779105822296, 49.877536335943994 ], [ -97.177866981818951, 49.877492942635115 ], [ -97.177812778857728, 49.877453898756521 ], [ -97.177792202780594, 49.877444588879229 ], [ -97.177659127502494, 49.877375025173862 ], [ -97.177574315130727, 49.877317489496697 ], [ -97.177516122440139, 49.877291825499277 ], [ -97.177440909794655, 49.87725464190833 ], [ -97.177363073078226, 49.877197194373117 ], [ -97.177257052919003, 49.877148331551659 ], [ -97.177216157222503, 49.87712519760273 ], [ -97.177162624591901, 49.877068142534533 ], [ -97.177077770479968, 49.877010582957588 ], [ -97.176978614789633, 49.876964038423424 ], [ -97.176916860444265, 49.876940532334487 ], [ -97.176869072903571, 49.876917331305556 ], [ -97.176803831166637, 49.876893780979294 ], [ -97.176601752425256, 49.876807438392397 ], [ -97.17650278089684, 49.876756435105577 ], [ -97.17639604694682, 49.876725533069425 ], [ -97.176320203177681, 49.876706331716207 ], [ -97.176251629102765, 49.876680530158893 ], [ -97.176134822490766, 49.876640448099131 ], [ -97.1760455585936, 49.876607540746477 ], [ -97.175993950040322, 49.87659098579762 ], [ -97.175935406278072, 49.876574340267673 ], [ -97.175797748153755, 49.876533936937626 ], [ -97.175749778503985, 49.87651519369944 ], [ -97.175718565423168, 49.876512432868935 ], [ -97.17562574623183, 49.876481734698217 ], [ -97.175487310603756, 49.87646159768591 ], [ -97.17547883401096, 49.876458874841425 ], [ -97.175672330163124, 49.876228554391552 ], [ -97.176723697601389, 49.87523519077164 ], [ -97.176748107226544, 49.874956700530205 ], [ -97.176855901605236, 49.873573196455126 ], [ -97.177112381872178, 49.870087196818588 ], [ -97.177321108930826, 49.870090389965647 ], [ -97.178572194481134, 49.870128100197121 ], [ -97.179864700822066, 49.870175398107406 ], [ -97.181254915693259, 49.870215192041222 ], [ -97.182644785023072, 49.870264011185 ], [ -97.184062911353848, 49.870304194223039 ], [ -97.185369297985318, 49.870351599827096 ], [ -97.186648585920722, 49.870380697582661 ], [ -97.187927187939636, 49.870427609471292 ], [ -97.18919189463773, 49.870474404718209 ], [ -97.190497989149989, 49.870530810671617 ], [ -97.19188831245124, 49.870570501496488 ], [ -97.193277886897377, 49.870628110533907 ], [ -97.194984405831605, 49.870695992521689 ], [ -97.194982754450848, 49.870717470753803 ], [ -97.194982083767911, 49.87072586086628 ], [ -97.194861251079018, 49.872284558087131 ], [ -97.194742654261887, 49.873784768683109 ], [ -97.194742680954462, 49.873784974139959 ], [ -97.194706574374933, 49.874193657790819 ], [ -97.194706276747524, 49.874197527557705 ], [ -97.194705678455904, 49.874205551751501 ], [ -97.19452847976541, 49.87644168632125 ], [ -97.194527668407588, 49.876452075703263 ], [ -97.194520515976194, 49.876529174630392 ], [ -97.194408482307637, 49.877894973156813 ], [ -97.194386076974922, 49.878175359782055 ], [ -97.194369008781692, 49.878388392857602 ], [ -97.194307092088266, 49.878384380980165 ], [ -97.194247805859789, 49.878387985422371 ], [ -97.194001302648871, 49.878372882935473 ], [ -97.193539159859114, 49.87835442509153 ], [ -97.193148249489482, 49.878292142196258 ], [ -97.192964460304438, 49.878275782081005 ], [ -97.192832319742806, 49.878273741919791 ], [ -97.192711022666089, 49.878260587012576 ], [ -97.192341559294178, 49.878182835307022 ], [ -97.191471163434144, 49.878111788747574 ], [ -97.191390657473292, 49.878112248782656 ], [ -97.191094868345431, 49.878113933094696 ], [ -97.19070349676862, 49.878062838869177 ], [ -97.190577554903257, 49.878081098649801 ], [ -97.190455103901598, 49.878099427642091 ], [ -97.190222275363141, 49.878091281798611 ], [ -97.190043521825785, 49.878124482118942 ], [ -97.189899649277365, 49.878155998151811 ], [ -97.189715158506985, 49.878157645166937 ], [ -97.189488601487625, 49.878167598205629 ], [ -97.189333599987876, 49.878219140024669 ], [ -97.189148010369308, 49.878249941819725 ], [ -97.188965554552041, 49.878289780764526 ], [ -97.188895278096851, 49.878308926655549 ], [ -97.18875767543193, 49.878358541723266 ], [ -97.18846664375836, 49.878416937193506 ], [ -97.188389317131325, 49.878438197630146 ], [ -97.188230607281497, 49.878494180190657 ], [ -97.188037169205387, 49.878549639101962 ], [ -97.187868428706963, 49.878596491707043 ], [ -97.187721061822842, 49.878627935144046 ], [ -97.187632671123509, 49.878664795229064 ], [ -97.18747431327408, 49.878711782851219 ], [ -97.187291503170684, 49.878760638204085 ], [ -97.187157775143191, 49.878801273313705 ], [ -97.186730926191942, 49.878862030329309 ], [ -97.186586974037795, 49.878895744021328 ], [ -97.186503163226902, 49.878903439705304 ], [ -97.186429572271052, 49.878918030323504 ], [ -97.186207521363812, 49.87899329502919 ], [ -97.185999627408947, 49.879061998966591 ], [ -97.185880973676987, 49.879071374562393 ], [ -97.18578620254695, 49.879092388062134 ], [ -97.185670148974523, 49.87912427884077 ], [ -97.185554313796601, 49.879151683290104 ], [ -97.185403849530928, 49.879174083532945 ], [ -97.185351601395467, 49.879175490892912 ], [ -97.185267367496905, 49.879194433089076 ], [ -97.185129543792556, 49.879250727551671 ], [ -97.184999263356417, 49.879291431511675 ], [ -97.184985274252526, 49.879293430566925 ], [ -97.184859461908573, 49.879307175534422 ], [ -97.184748206871575, 49.879303243236848 ], [ -97.184632478247465, 49.879328390678538 ], [ -97.184496069916179, 49.879346536754404 ], [ -97.18437694941349, 49.879367134575816 ], [ -97.184212809423528, 49.879382540361924 ], [ -97.184146223827227, 49.87939499116532 ], [ -97.184044619691278, 49.879413631411218 ], [ -97.183911877575852, 49.879427336554251 ], [ -97.183674172508105, 49.879455078517786 ], [ -97.183576059090143, 49.879473787896401 ], [ -97.183436972728799, 49.879471593729249 ] ] ] } },
{ "type": "Feature", "properties": { "CTUID": "6020534.00", "greenspace_per_capita": 399.61912056183257 }, "geometry": { "type": "Polygon", "coordinates": [ [ [ -97.240629116060134, 49.875227740324824 ], [ -97.240641076135802, 49.875229827408198 ], [ -97.240614431029996, 49.875162407597557 ], [ -97.24053733236201, 49.874952776704141 ], [ -97.240955863366594, 49.874905582172758 ], [ -97.241087998817008, 49.874907583384648 ], [ -97.241418161262203, 49.874919333083433 ], [ -97.242274869407851, 49.874995291498642 ], [ -97.24245500008999, 49.875015975901235 ], [ -97.242774294982866, 49.875038843150165 ], [ -97.242936975313071, 49.875063792877029 ], [ -97.24345821788539, 49.875082945692611 ], [ -97.243520712269557, 49.875086144874878 ], [ -97.243661455106192, 49.875043287053167 ], [ -97.243856571170454, 49.875037231610392 ], [ -97.244063363244948, 49.874995385830957 ], [ -97.244283602622573, 49.874870526649445 ], [ -97.244382061904574, 49.874842786732593 ], [ -97.244502360643821, 49.874788399411273 ], [ -97.244602274600737, 49.874720178519723 ], [ -97.244729378514549, 49.874670384242513 ], [ -97.244798750099292, 49.874579238498271 ], [ -97.244859660219731, 49.874530690200558 ], [ -97.245000240968366, 49.874395682438127 ], [ -97.245278114850265, 49.874217796282217 ], [ -97.245356319998763, 49.874171740287849 ], [ -97.245448072017794, 49.874137124489813 ], [ -97.245780398741104, 49.873991481850396 ], [ -97.245914200516367, 49.873948535338471 ], [ -97.246340096377324, 49.873909992275451 ], [ -97.246445318121616, 49.87388684573056 ], [ -97.246515191077933, 49.873878878801811 ], [ -97.246759221886521, 49.873866826380763 ], [ -97.247044040274758, 49.87388013617052 ], [ -97.247360623923356, 49.873882677480111 ], [ -97.24762767682904, 49.873906994793671 ], [ -97.248030819556689, 49.873919843521904 ], [ -97.248386970565591, 49.873981435409256 ], [ -97.248523696137525, 49.873978777839362 ], [ -97.248581976743864, 49.873977626587333 ], [ -97.248710152949428, 49.873993077336785 ], [ -97.249120575581799, 49.873997038881463 ], [ -97.249474964293796, 49.874011338784314 ], [ -97.249652974716426, 49.873996044372348 ], [ -97.249810602534239, 49.873966943001172 ], [ -97.250104061758577, 49.87393538580595 ], [ -97.250301063498341, 49.873875440375109 ], [ -97.250441798491295, 49.873832598719851 ], [ -97.251086356086233, 49.87380858219101 ], [ -97.251344990700929, 49.873751695021262 ], [ -97.251402012166281, 49.873739127026383 ], [ -97.251692217045175, 49.87370078572917 ], [ -97.252052060481034, 49.873661236271396 ], [ -97.252247300543928, 49.873650682328083 ], [ -97.252359156656297, 49.873636631990053 ], [ -97.252517016879011, 49.873600788458141 ], [ -97.253150005470033, 49.873414675171787 ], [ -97.253448762335765, 49.873331474766211 ], [ -97.253544632443692, 49.873298409801798 ], [ -97.253586172898039, 49.873284077488051 ], [ -97.253786522104548, 49.873228648559881 ], [ -97.254061509403854, 49.873129343159924 ], [ -97.254149764482406, 49.873094677942007 ], [ -97.25431100450983, 49.87306112899693 ], [ -97.254416155500323, 49.873040227783932 ], [ -97.254514967101031, 49.873001232486068 ], [ -97.254550440230673, 49.872981542364187 ], [ -97.254830275442671, 49.872940786019349 ], [ -97.255001576346274, 49.872918633463001 ], [ -97.255215253523332, 49.872879075469776 ], [ -97.255671425939511, 49.872773493985804 ], [ -97.25592264506254, 49.872752540053149 ], [ -97.256038052106376, 49.872736298843265 ], [ -97.256273903724022, 49.872661146448188 ], [ -97.256323463350441, 49.872648157412087 ], [ -97.256663820827754, 49.872559093739042 ], [ -97.256818249881505, 49.872520948319277 ], [ -97.257263012864712, 49.87244218696307 ], [ -97.257631152834534, 49.872364475269933 ], [ -97.257722750480582, 49.872332132073225 ], [ -97.257935056820926, 49.872234084412902 ], [ -97.258209991087753, 49.872134795629769 ], [ -97.25845270607924, 49.872061976707521 ], [ -97.258787059293141, 49.871956836558113 ], [ -97.2590634633533, 49.87191379895755 ], [ -97.259296112563405, 49.871829580984524 ], [ -97.259352174097444, 49.871819181860673 ], [ -97.25971692427467, 49.871739191007919 ], [ -97.259790859453616, 49.871733241504849 ], [ -97.259905306472916, 49.871724031920721 ], [ -97.260242828133954, 49.871724578898508 ], [ -97.260402825452175, 49.871726988776715 ], [ -97.260676973907209, 49.87174684536032 ], [ -97.26108331605748, 49.871766447427909 ], [ -97.26125266193435, 49.871798242531412 ], [ -97.261824261764559, 49.871867527074592 ], [ -97.262399421124186, 49.871934647031743 ], [ -97.262607860634262, 49.871944478559605 ], [ -97.262801716463713, 49.871972130594166 ], [ -97.263520907483894, 49.872000884275892 ], [ -97.263763256688392, 49.872011410063465 ], [ -97.263577588355247, 49.87233549284764 ], [ -97.263359694153607, 49.872715793566471 ], [ -97.263174017822308, 49.873094607771826 ], [ -97.263153880784799, 49.873144134723958 ], [ -97.263071349162885, 49.873347550528479 ], [ -97.263046510281256, 49.873408794323083 ], [ -97.262969988056511, 49.873879303332991 ], [ -97.262910606397753, 49.874759900778237 ], [ -97.262876705825533, 49.875317098780521 ], [ -97.262870901000611, 49.875478897066905 ], [ -97.262809386494737, 49.876026698664823 ], [ -97.262760586870655, 49.876610609392571 ], [ -97.262428691740766, 49.88004169911455 ], [ -97.261177585819269, 49.879995903361113 ], [ -97.259884707727693, 49.879949592607176 ], [ -97.258716988928441, 49.879905005824916 ], [ -97.257437985050913, 49.879858806713571 ], [ -97.25613131290801, 49.879812195649556 ], [ -97.254366008992605, 49.879740604312623 ], [ -97.252503382427875, 49.879667594582031 ], [ -97.251002486037819, 49.879600012627229 ], [ -97.249709701250438, 49.879553486891666 ], [ -97.248472390448626, 49.879507809703348 ], [ -97.245303095443475, 49.879387910266061 ], [ -97.242134393712433, 49.879250004457532 ], [ -97.240855511750851, 49.87920361131431 ], [ -97.241033401259273, 49.876606690498996 ], [ -97.241037285671027, 49.876498905345791 ], [ -97.240874142798177, 49.876020305869019 ], [ -97.240629116060134, 49.875227740324824 ] ] ] } },
{ "type": "Feature", "properties": { "CTUID": "6020115.00", "greenspace_per_capita": 730.82926665119726 }, "geometry": { "type": "Polygon", "coordinates": [ [ [ -97.114450879351409, 49.871324489655827 ], [ -97.115022115472783, 49.871018547000453 ], [ -97.116116058884373, 49.870386256152727 ], [ -97.117201927943384, 49.870811058915045 ], [ -97.118778177406853, 49.871029686425324 ], [ -97.119210642974437, 49.871085737559063 ], [ -97.11966865798702, 49.871114766521266 ], [ -97.120456560989183, 49.871161183668754 ], [ -97.120512353207928, 49.871169111505026 ], [ -97.120581946253523, 49.871167016973772 ], [ -97.120721095873762, 49.87116285557444 ], [ -97.12079073192821, 49.871160784453522 ], [ -97.120860285205623, 49.871158691851988 ], [ -97.1209298815062, 49.871156622759095 ], [ -97.120999517539474, 49.87115455149052 ], [ -97.121069070795812, 49.871152458741442 ], [ -97.121138667075243, 49.87115038950099 ], [ -97.12120826005723, 49.871148294526975 ], [ -97.121277853032126, 49.871146199503755 ], [ -97.121347445999945, 49.871144104431359 ], [ -97.121417002511436, 49.871142037120791 ], [ -97.121486635204846, 49.871139939823266 ], [ -97.121556231442185, 49.871137870287612 ], [ -97.121625787932516, 49.871135802829528 ], [ -97.121695380865106, 49.871133707511177 ], [ -97.121765016820987, 49.871131635701047 ], [ -97.121834569999592, 49.87112954241114 ], [ -97.121973798845559, 49.871125374987415 ], [ -97.122112951474918, 49.871121237305076 ], [ -97.122182544357898, 49.871119141642311 ], [ -97.122252140524836, 49.871117071614641 ], [ -97.122321733393761, 49.871114975853452 ], [ -97.122391329546659, 49.871112905727429 ], [ -97.122460882661571, 49.871110811995024 ], [ -97.122530518540188, 49.871108739643454 ], [ -97.122600071641088, 49.871106645812681 ], [ -97.122669667765834, 49.871104575489859 ], [ -97.122739300331901, 49.871102477306266 ], [ -97.122808853411541, 49.871100383328006 ], [ -97.122878449515198, 49.871098312857605 ], [ -97.122948042320346, 49.871096216653697 ], [ -97.123017638409934, 49.871094146084886 ], [ -97.123087231200941, 49.871092049782568 ], [ -97.123156827276574, 49.871089979115311 ], [ -97.123226420053413, 49.871087882714619 ], [ -97.123296016114878, 49.871085811948994 ], [ -97.123365612169337, 49.87108374113415 ], [ -97.12343516518537, 49.871081646713385 ], [ -97.123504800965364, 49.871079573672645 ], [ -97.123574393706846, 49.871077477025935 ], [ -97.123643949993578, 49.871075408141913 ], [ -97.123713582460496, 49.871073309269235 ], [ -97.123783138733174, 49.871071240286845 ], [ -97.123852734738421, 49.871069169127665 ], [ -97.123922327444646, 49.871067072235 ], [ -97.124550164965541, 49.870980957675513 ], [ -97.130076259579027, 49.870140829928296 ], [ -97.133215796822967, 49.870120973666175 ], [ -97.134887448584195, 49.870500668820597 ], [ -97.135916215080726, 49.871084410219396 ], [ -97.136310853321476, 49.871317289216549 ], [ -97.136771137848484, 49.871646234358288 ], [ -97.137245436911883, 49.8724995607745 ], [ -97.137345050494943, 49.873426352735088 ], [ -97.1373693485031, 49.873511114526728 ], [ -97.137460141857673, 49.874234725877798 ], [ -97.13740966594537, 49.874649353672829 ], [ -97.13705929799427, 49.875655286339736 ], [ -97.136875479507594, 49.875956273515847 ], [ -97.136864022936791, 49.875973000027919 ], [ -97.135849325240287, 49.877462063675374 ], [ -97.135202058800701, 49.878157682650127 ], [ -97.134272663350941, 49.879156426063652 ], [ -97.133258221349692, 49.880217213092514 ], [ -97.132108567985142, 49.881235896003858 ], [ -97.131307009231932, 49.881946151863801 ], [ -97.130041219227564, 49.881699389183808 ], [ -97.129427596339994, 49.881453096385137 ], [ -97.128590691306627, 49.881309693098629 ], [ -97.128292108158277, 49.881218493934377 ], [ -97.127888282282655, 49.881220990642397 ], [ -97.1275683836094, 49.88085599731528 ], [ -97.127357608823814, 49.880576009796165 ], [ -97.127184397007355, 49.88034609518823 ], [ -97.126905818032043, 49.879990810328806 ], [ -97.126812607770972, 49.879881288506695 ], [ -97.126396999689675, 49.879469801223159 ], [ -97.125562693570686, 49.878727702973499 ], [ -97.125197904679965, 49.878443005167988 ], [ -97.124287798150306, 49.877861600859084 ], [ -97.122945917062708, 49.877291095984091 ], [ -97.122767813284995, 49.877216295986528 ], [ -97.121891104443421, 49.876851302524805 ], [ -97.119713309666281, 49.875943499329729 ], [ -97.119028617845274, 49.875653501785806 ], [ -97.118124512330766, 49.875279006619714 ], [ -97.117772601064203, 49.875021400670953 ], [ -97.117567103293283, 49.874937196294653 ], [ -97.117052502837367, 49.87456899276647 ], [ -97.11666038733776, 49.874274794674413 ], [ -97.116013998699813, 49.873715593644668 ], [ -97.115948013105864, 49.873624601019436 ], [ -97.115598590933288, 49.873303990482547 ], [ -97.11544731597948, 49.873256606037586 ], [ -97.115040906291796, 49.872971210778417 ], [ -97.11417729396139, 49.872273493714417 ], [ -97.113435502598279, 49.87166768699651 ], [ -97.113562417737896, 49.871624804463075 ], [ -97.114450879351409, 49.871324489655827 ] ] ] } },
{ "type": "Feature", "properties": { "CTUID": "6020011.00", "greenspace_per_capita": 59.160241570071527 }, "geometry": { "type": "Polygon", "coordinates": [ [ [ -97.150967392509983, 49.88169719263076 ], [ -97.150876560176414, 49.881706993835436 ], [ -97.150451866420781, 49.881709179861602 ], [ -97.150385702004471, 49.881710386105766 ], [ -97.150135457920214, 49.881701891964425 ], [ -97.149902550484782, 49.88169593010992 ], [ -97.149850228096369, 49.881699572419208 ], [ -97.149797616674249, 49.881709980323045 ], [ -97.14969987145426, 49.88171738503106 ], [ -97.149647768499904, 49.881714342940199 ], [ -97.149584659878627, 49.88172684128309 ], [ -97.149344190441184, 49.881719655555443 ], [ -97.149306523237883, 49.881713095375538 ], [ -97.148967001369698, 49.88170534007731 ], [ -97.148325540319874, 49.881626123225395 ], [ -97.148057765732332, 49.881593066426952 ], [ -97.148045902690811, 49.881562798958505 ], [ -97.147810610366179, 49.881163207636661 ], [ -97.14712498053332, 49.880162795078739 ], [ -97.146778102533688, 49.87977049711715 ], [ -97.14635290374521, 49.879242004645867 ], [ -97.146235694434409, 49.879033211758085 ], [ -97.145641169065485, 49.878257762740681 ], [ -97.145485864398267, 49.87812014668922 ], [ -97.144795644727381, 49.877725638477614 ], [ -97.144253793102891, 49.877355402683989 ], [ -97.143989406875804, 49.876991409027688 ], [ -97.143298110394198, 49.876143803697133 ], [ -97.142580418322012, 49.875259702750242 ], [ -97.142431087101698, 49.87507689382744 ], [ -97.14202201631052, 49.87457621077349 ], [ -97.142198510228383, 49.874600012480052 ], [ -97.142686088360293, 49.874407889000857 ], [ -97.142863301327722, 49.874305395228802 ], [ -97.143037008292296, 49.874241597213015 ], [ -97.143361092289609, 49.87413889127555 ], [ -97.145786292662351, 49.873323207567211 ], [ -97.148633480236271, 49.87238819538409 ], [ -97.150734119263305, 49.871684211127821 ], [ -97.152905281987529, 49.870954193872961 ], [ -97.153556316029906, 49.871765097811469 ], [ -97.154100890013197, 49.872448391206838 ], [ -97.154275318923254, 49.873649895671939 ], [ -97.154336725537348, 49.873804009610573 ], [ -97.154281807158085, 49.873814130669608 ], [ -97.154197248535283, 49.873842037267735 ], [ -97.154095823483246, 49.873856136649096 ], [ -97.154004101287839, 49.873888385667748 ], [ -97.153983068427578, 49.873892544042043 ], [ -97.153849213981673, 49.873935389063675 ], [ -97.153725492948183, 49.873985136470147 ], [ -97.153641142452173, 49.874006281435392 ], [ -97.153567048079836, 49.874034348172223 ], [ -97.153468502974334, 49.87406427440056 ], [ -97.15333640750265, 49.874152126943386 ], [ -97.153297105951964, 49.874178475405465 ], [ -97.153258205444956, 49.874195828218575 ], [ -97.153208770137553, 49.874215274035166 ], [ -97.153169581141384, 49.874239392270717 ], [ -97.153102527014909, 49.874263096894687 ], [ -97.152988476760029, 49.87433324487543 ], [ -97.152913151123968, 49.874392747739719 ], [ -97.152853104296284, 49.874416488736905 ], [ -97.152796123498945, 49.874451599001958 ], [ -97.152763364771104, 49.874489284554308 ], [ -97.152738190913908, 49.874509130927677 ], [ -97.152705395656056, 49.874546844291366 ], [ -97.152665015365201, 49.874602396821778 ], [ -97.152629425713855, 49.874624329718571 ], [ -97.152593391728828, 49.87465523470712 ], [ -97.152567471228522, 49.874697543421689 ], [ -97.15251292567153, 49.874759625614033 ], [ -97.152480315736682, 49.874792880705151 ], [ -97.152417498272015, 49.874888588846126 ], [ -97.152406425802894, 49.874906382981571 ], [ -97.152394772915287, 49.874937682371907 ], [ -97.152350254368315, 49.875008948801245 ], [ -97.152342629435267, 49.875026790114852 ], [ -97.152333816855375, 49.875076091628124 ], [ -97.152321481180053, 49.875217599240798 ], [ -97.152325211588973, 49.875300880508966 ], [ -97.152316468623013, 49.87534792833447 ], [ -97.152317750882048, 49.875493565086032 ], [ -97.15231775401277, 49.875496383862036 ], [ -97.152315342245842, 49.875559332185773 ], [ -97.152365347719595, 49.875616329740204 ], [ -97.152405580996572, 49.875657431005443 ], [ -97.152425895134243, 49.875671285704541 ], [ -97.152447178852825, 49.875752587770862 ], [ -97.152449478681874, 49.875784093084697 ], [ -97.152471903700331, 49.875833885662161 ], [ -97.152474850455633, 49.87584743385586 ], [ -97.1524875794249, 49.875879127788714 ], [ -97.152516949562042, 49.87592908963066 ], [ -97.152522667189984, 49.875962893733636 ], [ -97.152531079510879, 49.876016983712347 ], [ -97.152557612424687, 49.876051141485362 ], [ -97.152589498386178, 49.876125898833465 ], [ -97.152588599435774, 49.876150593655872 ], [ -97.152589167987614, 49.876227036831949 ], [ -97.152635872926211, 49.876279531097836 ], [ -97.152664672999819, 49.876345247751637 ], [ -97.152670168658361, 49.876383537974156 ], [ -97.152693095116831, 49.876419829557115 ], [ -97.152723192180474, 49.876451829985456 ], [ -97.152755800089821, 49.876600798321853 ], [ -97.152794194104686, 49.876689093350741 ], [ -97.15281285056372, 49.876747830280735 ], [ -97.152855674191954, 49.876811499014138 ], [ -97.152875299254347, 49.876843287324689 ], [ -97.152914044562252, 49.876936787626555 ], [ -97.152939043652879, 49.876997226263185 ], [ -97.152935554917946, 49.877089379474398 ], [ -97.152961657755384, 49.877134784602006 ], [ -97.152990561731187, 49.877198194101581 ], [ -97.153013856981588, 49.877225543490496 ], [ -97.153036462529016, 49.877270826552824 ], [ -97.153045525780811, 49.87730698519524 ], [ -97.153075225815044, 49.877350179452314 ], [ -97.153168954640449, 49.87744612509703 ], [ -97.153205848881669, 49.877482725154167 ], [ -97.153231766606993, 49.877532588547396 ], [ -97.153284901933219, 49.877598624639411 ], [ -97.153322227425889, 49.877623977316055 ], [ -97.153374796049903, 49.877705793929394 ], [ -97.153418410571263, 49.877749195977081 ], [ -97.153450933714879, 49.87777765200363 ], [ -97.153465502905732, 49.877790393537531 ], [ -97.153508394952425, 49.877851782781484 ], [ -97.153558633551924, 49.877904345450446 ], [ -97.153646579545693, 49.877970938405426 ], [ -97.153757072926965, 49.878085145130811 ], [ -97.153780369190045, 49.878112494423256 ], [ -97.153841170762746, 49.878160686587272 ], [ -97.153908728988185, 49.878213480484327 ], [ -97.153952414220825, 49.878254628614954 ], [ -97.154029617009328, 49.878330075710316 ], [ -97.154117604466563, 49.878394493776611 ], [ -97.154144928912643, 49.878408384698908 ], [ -97.154168732625592, 49.878422284147327 ], [ -97.154259121270002, 49.878515874731697 ], [ -97.154386665100361, 49.87863937865621 ], [ -97.154457573302238, 49.878696724754903 ], [ -97.154534628779757, 49.878774429613294 ], [ -97.154612254367038, 49.878836379496903 ], [ -97.154642818478919, 49.878857078690189 ], [ -97.154689704601495, 49.878905037114421 ], [ -97.154736667024366, 49.878950793128546 ], [ -97.154759712674959, 49.878984880020184 ], [ -97.154811924845262, 49.879075689911055 ], [ -97.154852554817339, 49.879105545392783 ], [ -97.154892648258695, 49.879148929873494 ], [ -97.154952157611262, 49.879230838120016 ], [ -97.154967370349738, 49.879289528077031 ], [ -97.15496919203828, 49.879293102426409 ], [ -97.154983553579896, 49.879321294840025 ], [ -97.154974706847497, 49.879462798467635 ], [ -97.154986961918183, 49.879505690688525 ], [ -97.154995017187247, 49.879568774799353 ], [ -97.154982580024694, 49.879712540882679 ], [ -97.154981675857826, 49.879827185661433 ], [ -97.154970778738871, 49.879930446051823 ], [ -97.154960706307179, 49.880011239386548 ], [ -97.154907419196149, 49.880131834403542 ], [ -97.154892709561722, 49.880151842250456 ], [ -97.154874048393864, 49.880185278559523 ], [ -97.154858378109978, 49.880232286743109 ], [ -97.154822271319915, 49.880265446928952 ], [ -97.154803500730694, 49.8803011391526 ], [ -97.154797097867075, 49.880377493521806 ], [ -97.154738444175365, 49.880455239027128 ], [ -97.154601945230652, 49.880567745504521 ], [ -97.154508926213381, 49.880635987688066 ], [ -97.154497412468501, 49.880662780401451 ], [ -97.154471629308503, 49.880700582953232 ], [ -97.154442567033144, 49.880731579205182 ], [ -97.154388526578273, 49.880780239537671 ], [ -97.154367198652366, 49.880791138024335 ], [ -97.154361730025883, 49.880794665272106 ], [ -97.15429585800949, 49.880837238363 ], [ -97.154217074254262, 49.880896696470117 ], [ -97.154160721948585, 49.880913773811187 ], [ -97.154096568679023, 49.88095322832276 ], [ -97.153979414708942, 49.881014338263974 ], [ -97.153901525114577, 49.881049075210285 ], [ -97.153750559369541, 49.881082625479088 ], [ -97.153595826987612, 49.88112514564483 ], [ -97.153440799241721, 49.881174379825609 ], [ -97.153401892173918, 49.881191733120779 ], [ -97.153363422733477, 49.881197890272318 ], [ -97.153183730547781, 49.881255744962509 ], [ -97.153113097518101, 49.88128158189447 ], [ -97.153078006412017, 49.881290039869626 ], [ -97.152957932577976, 49.8813353485886 ], [ -97.152785861834602, 49.881375335136944 ], [ -97.152725993775647, 49.881394643987264 ], [ -97.152659461763434, 49.881404794110935 ], [ -97.152581640002907, 49.881437276278497 ], [ -97.152479877125359, 49.881460391636729 ], [ -97.152292845139456, 49.881527148407187 ], [ -97.152187660384627, 49.881547938962065 ], [ -97.152082764322941, 49.88155979132916 ], [ -97.152008794711151, 49.881583350070315 ], [ -97.151955901778067, 49.88160274856974 ], [ -97.151889302821701, 49.881615177647248 ], [ -97.15184381059224, 49.881621194872274 ], [ -97.151759303986765, 49.881646846356027 ], [ -97.151535662135785, 49.881670234962463 ], [ -97.151463172570857, 49.881655592442002 ], [ -97.151302645168414, 49.881666532343175 ], [ -97.15126082659134, 49.881668136040936 ], [ -97.151187248203257, 49.881680448805106 ], [ -97.151127558236396, 49.881695246999385 ], [ -97.150967392509983, 49.88169719263076 ] ] ] } },
{ "type": "Feature", "properties": { "CTUID": "6020530.00", "greenspace_per_capita": 571.51722624064905 }, "geometry": { "type": "Polygon", "coordinates": [ [ [ -97.201847393531239, 49.878965091227847 ], [ -97.201847396518616, 49.878964806562912 ], [ -97.201886690244933, 49.87828180596199 ], [ -97.201563055347492, 49.87750035370042 ], [ -97.201485802142003, 49.877230783303013 ], [ -97.20145483433221, 49.877168711709295 ], [ -97.201431046210601, 49.877126449610323 ], [ -97.201583166170821, 49.87708303632634 ], [ -97.201790121594684, 49.877039048818361 ], [ -97.201881589839275, 49.87701118975221 ], [ -97.202185427084984, 49.87698218874354 ], [ -97.202497418861824, 49.876919586383792 ], [ -97.202529046231064, 49.876915048624205 ], [ -97.202836752900879, 49.876870886057247 ], [ -97.202929265643078, 49.876853521612226 ], [ -97.203047019891571, 49.876831448909385 ], [ -97.203082930154068, 49.876830299133552 ], [ -97.203426775104361, 49.876819345387489 ], [ -97.203671143210698, 49.876798382401248 ], [ -97.203730119070386, 49.876803789585864 ], [ -97.203885560528832, 49.87683542971174 ], [ -97.204285467598623, 49.876841625360456 ], [ -97.204536250533693, 49.876834277950344 ], [ -97.204688481789049, 49.876859082273853 ], [ -97.20489026427262, 49.876859932555931 ], [ -97.205028305463117, 49.876891327152627 ], [ -97.205245959235526, 49.876932928730604 ], [ -97.205818852528097, 49.876966543333275 ], [ -97.206117802564705, 49.876975634552544 ], [ -97.206305255289223, 49.876987529113123 ], [ -97.206510642499055, 49.876986240301868 ], [ -97.206639575013128, 49.876981478982792 ], [ -97.206989051360111, 49.87693968719239 ], [ -97.207157010191281, 49.876915292879076 ], [ -97.207438544140828, 49.876829682667434 ], [ -97.207582645021887, 49.876791428998352 ], [ -97.207820096399516, 49.876675885507339 ], [ -97.207887858668286, 49.876631981296711 ], [ -97.207938522509636, 49.87657879088696 ], [ -97.208069017971226, 49.876531344812349 ], [ -97.208155462526889, 49.876451740709818 ], [ -97.208214708149768, 49.876355976967261 ], [ -97.208287627498933, 49.876267176793554 ], [ -97.208302755931769, 49.876233687772732 ], [ -97.208322972346977, 49.87615753112545 ], [ -97.208343148947208, 49.876081376656174 ], [ -97.208346313510717, 49.875995983173631 ], [ -97.208343946962458, 49.875777795415907 ], [ -97.208289710186548, 49.875457577809478 ], [ -97.20825563053144, 49.875344648323413 ], [ -97.208193904568304, 49.875037899819951 ], [ -97.208196523828846, 49.874779326987024 ], [ -97.208199143218323, 49.87461293258734 ], [ -97.20820924294334, 49.874527627829536 ], [ -97.208221029549662, 49.874491837876874 ], [ -97.208248053655566, 49.874420328882316 ], [ -97.208371516897614, 49.874280543644474 ], [ -97.208452721170445, 49.874155833965951 ], [ -97.208546071362363, 49.874078595727966 ], [ -97.208624818076643, 49.874022894565726 ], [ -97.208642519544398, 49.874010396318226 ], [ -97.20882390496358, 49.873902995923387 ], [ -97.20895449723254, 49.87385329319671 ], [ -97.209356348542528, 49.873713334612162 ], [ -97.209573454717471, 49.873676174554205 ], [ -97.20962949493979, 49.873665831534552 ], [ -97.209810975793644, 49.8736528781304 ], [ -97.210002214262161, 49.873655842674907 ], [ -97.210325167314764, 49.873672096796128 ], [ -97.210435851572853, 49.87368953132119 ], [ -97.210664307876016, 49.87372228138517 ], [ -97.210867878078332, 49.873770429456243 ], [ -97.211130295408537, 49.87382393493408 ], [ -97.211396482905272, 49.873870742735861 ], [ -97.211537521498144, 49.873915646361937 ], [ -97.21166091782959, 49.873967045037425 ], [ -97.211753821323555, 49.873995429504681 ], [ -97.212182419657466, 49.874071775819587 ], [ -97.212350452949224, 49.874137399896021 ], [ -97.212750464624918, 49.874235732679395 ], [ -97.213166371519335, 49.874280384495457 ], [ -97.213280549311165, 49.874297884423626 ], [ -97.213335969157043, 49.874305496692777 ], [ -97.213589429759381, 49.874320636280672 ], [ -97.213989525918876, 49.874322280583577 ], [ -97.214535564713557, 49.874328440935734 ], [ -97.215170175755887, 49.874293227902122 ], [ -97.215351621244537, 49.874280292098881 ], [ -97.215604330502075, 49.874221238005582 ], [ -97.216038609423563, 49.874144687313184 ], [ -97.216517146499342, 49.874093578655497 ], [ -97.216949467062591, 49.873976575853078 ], [ -97.217370069489419, 49.873893082721366 ], [ -97.217553265303437, 49.873830698941553 ], [ -97.217934926141481, 49.873766835379797 ], [ -97.218351901632701, 49.873687777248826 ], [ -97.218807992372433, 49.873584626612015 ], [ -97.219162477602282, 49.873502375922676 ], [ -97.219239960324956, 49.873474201979988 ], [ -97.219292953693213, 49.873454941160503 ], [ -97.219615153099397, 49.873399148927525 ], [ -97.219676918245781, 49.873387918916691 ], [ -97.219877856774545, 49.873351435965617 ], [ -97.220151579669491, 49.873288197943502 ], [ -97.220319476030141, 49.873263783648525 ], [ -97.220459550228426, 49.873238998057658 ], [ -97.220825865918258, 49.873213074445736 ], [ -97.221237970658208, 49.87317218588263 ], [ -97.22157516058914, 49.873181884866966 ], [ -97.221965476833759, 49.873165381563645 ], [ -97.222149149095486, 49.873183943165479 ], [ -97.222343800968417, 49.873189128691529 ], [ -97.222451044851923, 49.873206530629524 ], [ -97.222704399819165, 49.873223928299041 ], [ -97.222891468034462, 49.873247036427905 ], [ -97.223187946401495, 49.873321283303355 ], [ -97.223260555662947, 49.873333642315956 ], [ -97.223315972701897, 49.873341223258535 ], [ -97.223426230444659, 49.873372193603139 ], [ -97.223508784408494, 49.873398183419106 ], [ -97.223635598606279, 49.873449588158778 ], [ -97.223769562330787, 49.873496593737137 ], [ -97.223955351012009, 49.873553393162581 ], [ -97.224310715774521, 49.873637537076171 ], [ -97.224526897072636, 49.873719575855695 ], [ -97.224625443657786, 49.873784031576086 ], [ -97.224866557445154, 49.873850742509298 ], [ -97.224937550709186, 49.873873999811671 ], [ -97.224916933696775, 49.874307057481495 ], [ -97.224915950273711, 49.878450231044397 ], [ -97.224883923984137, 49.87856412762526 ], [ -97.224565011511359, 49.878569993421976 ], [ -97.223547995272156, 49.878588803814296 ], [ -97.223297317299853, 49.878593995097638 ], [ -97.222447418974454, 49.878616894390284 ], [ -97.221987610457987, 49.878627901649295 ], [ -97.221319199721805, 49.878635590993447 ], [ -97.220149305400824, 49.878653598108485 ], [ -97.218923405074648, 49.878679790931947 ], [ -97.217697493132604, 49.878705891444334 ], [ -97.216472010029889, 49.87872300417574 ], [ -97.215176204605996, 49.878756993342471 ], [ -97.21399239969162, 49.878774805231835 ], [ -97.212849587410062, 49.878811088325065 ], [ -97.212348182905544, 49.878821392249662 ], [ -97.211708990496945, 49.878865290673026 ], [ -97.211385287119299, 49.878887513576593 ], [ -97.210589612469079, 49.878947189340167 ], [ -97.21019839914176, 49.878986091805196 ], [ -97.209137504899488, 49.879068696686915 ], [ -97.208006700309625, 49.879159101531734 ], [ -97.207769186134598, 49.879182391888776 ], [ -97.206872793531019, 49.87933051295051 ], [ -97.206422080236266, 49.879412000851332 ], [ -97.206301014631705, 49.879433895447477 ], [ -97.205681604395451, 49.879545890506392 ], [ -97.205009190224828, 49.879661512994943 ], [ -97.204883002933599, 49.879686503390516 ], [ -97.204777002955666, 49.879702999132007 ], [ -97.204673006419995, 49.879719204803479 ], [ -97.204462619631045, 49.879760901788707 ], [ -97.204182390984698, 49.879810610304176 ], [ -97.203047497937675, 49.880008799060562 ], [ -97.202855996687305, 49.880044008909955 ], [ -97.20275388276238, 49.880062696585732 ], [ -97.202648414243072, 49.880082057847396 ], [ -97.202442285241702, 49.880119898038288 ], [ -97.201645979750083, 49.880265997331655 ], [ -97.201663598015756, 49.880167300194138 ], [ -97.201847393531239, 49.878965091227847 ] ] ] } },
{ "type": "Feature", "properties": { "CTUID": "6020114.00", "greenspace_per_capita": 365.3483159911562 }, "geometry": { "type": "Polygon", "coordinates": [ [ [ -97.113435502598279, 49.87166768699651 ], [ -97.11417729396139, 49.872273493714417 ], [ -97.115040906291796, 49.872971210778417 ], [ -97.11544731597948, 49.873256606037586 ], [ -97.115598590933288, 49.873303990482547 ], [ -97.115948013105864, 49.873624601019436 ], [ -97.116013998699813, 49.873715593644668 ], [ -97.11666038733776, 49.874274794674413 ], [ -97.117052502837367, 49.87456899276647 ], [ -97.117567103293283, 49.874937196294653 ], [ -97.117772601064203, 49.875021400670953 ], [ -97.118124512330766, 49.875279006619714 ], [ -97.119028617845274, 49.875653501785806 ], [ -97.119713309666281, 49.875943499329729 ], [ -97.121891104443421, 49.876851302524805 ], [ -97.122767813284995, 49.877216295986528 ], [ -97.122945917062708, 49.877291095984091 ], [ -97.124287798150306, 49.877861600859084 ], [ -97.125197904679965, 49.878443005167988 ], [ -97.125562693570686, 49.878727702973499 ], [ -97.126396999689675, 49.879469801223159 ], [ -97.126812607770972, 49.879881288506695 ], [ -97.126905818032043, 49.879990810328806 ], [ -97.127184397007355, 49.88034609518823 ], [ -97.127357608823814, 49.880576009796165 ], [ -97.1275683836094, 49.88085599731528 ], [ -97.127888282282655, 49.881220990642397 ], [ -97.127264608270565, 49.881242787775044 ], [ -97.126131986518601, 49.881282502009135 ], [ -97.125365097907604, 49.881315111594702 ], [ -97.125086440453828, 49.881326488966984 ], [ -97.123315490380435, 49.881398897803813 ], [ -97.120346092752939, 49.881512710860378 ], [ -97.117181100740993, 49.881641209248059 ], [ -97.1141413073194, 49.881771708386069 ], [ -97.112022188420625, 49.881854109206422 ], [ -97.110893192902836, 49.881889702973126 ], [ -97.110760691162312, 49.881005995402248 ], [ -97.110649805011747, 49.87992480069861 ], [ -97.110555803178542, 49.879122703415703 ], [ -97.11047328585947, 49.87838379366756 ], [ -97.110381813417703, 49.877518802065381 ], [ -97.110188988376294, 49.876040408317735 ], [ -97.11010499077112, 49.875337402668542 ], [ -97.11003329629321, 49.874679592339909 ], [ -97.109906011207755, 49.873661104406516 ], [ -97.109806121376096, 49.873011811747304 ], [ -97.109726487014186, 49.872911588571874 ], [ -97.111150696101703, 49.872440104196812 ], [ -97.112406094392668, 49.872010795445846 ], [ -97.113435502598279, 49.87166768699651 ] ] ] } },
{ "type": "Feature", "properties": { "CTUID": "6020110.01", "greenspace_per_capita": 2832.984336418318 }, "geometry": { "type": "Polygon", "coordinates": [ [ [ -97.026954712152744, 49.874836512220121 ], [ -97.02692099390589, 49.871217490129069 ], [ -97.026920044884989, 49.871110723542685 ], [ -97.026919611793943, 49.871063711907155 ], [ -97.026919617593478, 49.871061849883567 ], [ -97.026919617593975, 49.871061849883567 ], [ -97.026960204969555, 49.86358038998177 ], [ -97.026897710624894, 49.861357998802902 ], [ -97.026897701899273, 49.861357611415542 ], [ -97.026897701898832, 49.861357611414725 ], [ -97.026897701898747, 49.861357611410291 ], [ -97.026897596582685, 49.861357410094506 ], [ -97.026764967681814, 49.860442498584305 ], [ -97.026769141846771, 49.859621807906713 ], [ -97.026772448809552, 49.858975177188498 ], [ -97.026772484292678, 49.858965918811784 ], [ -97.026773003167236, 49.858863190820657 ], [ -97.026773528154465, 49.858756377272066 ], [ -97.026774440735053, 49.858583636075046 ], [ -97.026775557200011, 49.858363541700697 ], [ -97.026776328698872, 49.85820844202204 ], [ -97.026777084368305, 49.858054170654505 ], [ -97.026777812999669, 49.857918129328937 ], [ -97.026778220843681, 49.857836144121542 ], [ -97.02677970285464, 49.857545495797844 ], [ -97.026780229431751, 49.857440285731926 ], [ -97.026782183813012, 49.857061805974055 ], [ -97.026782824935722, 49.856936836085083 ], [ -97.026783223051012, 49.856851593815911 ], [ -97.026769716316622, 49.855132498081311 ], [ -97.026769716323585, 49.855132498076465 ], [ -97.02828860426213, 49.855219596435333 ], [ -97.029711804044325, 49.855459600553608 ], [ -97.03239380152894, 49.855882992542021 ], [ -97.033655712712232, 49.85598539436041 ], [ -97.035454014284127, 49.855985202496008 ], [ -97.038400218344123, 49.855984805665919 ], [ -97.044131802981781, 49.856000788134132 ], [ -97.044630490695951, 49.85605409710795 ], [ -97.04546550594327, 49.856050203915231 ], [ -97.048442693530475, 49.856055396294067 ], [ -97.04940241500907, 49.856062598615146 ], [ -97.049638802771398, 49.856066588672 ], [ -97.050348300567705, 49.856069487941888 ], [ -97.050908037803467, 49.856454257214573 ], [ -97.05155909446556, 49.857097294284998 ], [ -97.051808710649297, 49.857119507986525 ], [ -97.055373818145497, 49.859464195739925 ], [ -97.055561613195366, 49.859638192089434 ], [ -97.055571207463174, 49.859746311069834 ], [ -97.056039286134876, 49.859871101878646 ], [ -97.056624022318744, 49.860361887338847 ], [ -97.057033980276628, 49.860705991607055 ], [ -97.057185493573272, 49.86078090562841 ], [ -97.057919815107866, 49.861206891344551 ], [ -97.059784097416852, 49.862435458083944 ], [ -97.0600346851719, 49.862600594435023 ], [ -97.062108993582072, 49.863966598841557 ], [ -97.06405288345853, 49.865465302269719 ], [ -97.066496818705247, 49.867341097390977 ], [ -97.06996671017049, 49.870016499086695 ], [ -97.070285913117957, 49.870295096118689 ], [ -97.070975403254948, 49.870896902566521 ], [ -97.071028314014129, 49.871000791386813 ], [ -97.071414314641004, 49.871758707482947 ], [ -97.07140861455018, 49.873647588835738 ], [ -97.071400558168548, 49.873902882155626 ], [ -97.071601379081599, 49.873889316065103 ], [ -97.071748963152544, 49.873879373027542 ], [ -97.073965196738357, 49.873729888367976 ], [ -97.073887987462626, 49.873598894782148 ], [ -97.074141596391812, 49.873522091526333 ], [ -97.079982985462578, 49.873500995081471 ], [ -97.080823307062602, 49.873498012435334 ], [ -97.080897608840786, 49.873497687405781 ], [ -97.082478682558943, 49.873484006621041 ], [ -97.083105619018013, 49.873478503494788 ], [ -97.083198504131147, 49.873422315970885 ], [ -97.087147151317723, 49.873415443925758 ], [ -97.0879686083953, 49.873013408245278 ], [ -97.088536496747807, 49.873387033101992 ], [ -97.092993667252031, 49.873402895485093 ], [ -97.09314058281231, 49.873403428774644 ], [ -97.093224536710792, 49.873571470424224 ], [ -97.093794164735257, 49.874669412405538 ], [ -97.094423552288887, 49.875882459094711 ], [ -97.094781260037081, 49.876571876589836 ], [ -97.095152137874294, 49.877286660896964 ], [ -97.095591144229772, 49.878157479714375 ], [ -97.095739461531878, 49.878456672727509 ], [ -97.095754621177178, 49.878486432348751 ], [ -97.095758937940516, 49.878494865681368 ], [ -97.096766830620723, 49.880470483209614 ], [ -97.097044343427257, 49.881023781594045 ], [ -97.097352135106675, 49.881622068824697 ], [ -97.097497034258893, 49.881903679973 ], [ -97.097509380362908, 49.881926736604285 ], [ -97.097513949462211, 49.881935260003132 ], [ -97.097555348835513, 49.882012576475425 ], [ -97.098919301567591, 49.884679510796396 ], [ -97.099684490507855, 49.886165190882792 ], [ -97.10059446533171, 49.887931772413388 ], [ -97.10154005527248, 49.889732772101134 ], [ -97.10153993690713, 49.889737174856357 ], [ -97.101540412802251, 49.889738080507215 ], [ -97.101545134871913, 49.889747475180215 ], [ -97.102768129210233, 49.892145479639595 ], [ -97.102858656685882, 49.892322384629274 ], [ -97.10314608339614, 49.892888099867662 ], [ -97.103150842675873, 49.892897466760829 ], [ -97.103155962311988, 49.892907460990166 ], [ -97.103369388786376, 49.893324717831106 ], [ -97.104636439408878, 49.895809874930308 ], [ -97.104636545194069, 49.895810076187004 ], [ -97.105460638664638, 49.897343677038513 ], [ -97.105549267399596, 49.897570082233642 ], [ -97.105616867191827, 49.897800479668355 ], [ -97.105663357801731, 49.898035184004684 ], [ -97.105694536798822, 49.898305464059426 ], [ -97.105699339445579, 49.898539469397186 ], [ -97.105694064761579, 49.898674260995136 ], [ -97.105325515370538, 49.898943407725469 ], [ -97.104617490422044, 49.898886811556174 ], [ -97.102033090152105, 49.898385788255602 ], [ -97.099074396440813, 49.897842592994202 ], [ -97.098783909737719, 49.897792890834914 ], [ -97.094715012779091, 49.897024491991353 ], [ -97.093474006184493, 49.896790164094568 ], [ -97.088998319772671, 49.895944909575626 ], [ -97.088199380158741, 49.895812835915407 ], [ -97.088135705313448, 49.89580230663833 ], [ -97.086098284982612, 49.895438599123658 ], [ -97.081598280466523, 49.894634896376793 ], [ -97.078945310232413, 49.894164589127428 ], [ -97.078738692781371, 49.894107200403745 ], [ -97.073691305953801, 49.893231906789651 ], [ -97.071325449112877, 49.893105677621143 ], [ -97.071034694458319, 49.893090151795008 ], [ -97.066176622798764, 49.892313618983302 ], [ -97.065848265080859, 49.892260967459784 ], [ -97.064472957509636, 49.892037410427051 ], [ -97.064071188741735, 49.89197211266368 ], [ -97.063989283122822, 49.89195880918583 ], [ -97.061817100672258, 49.891670517739705 ], [ -97.059582501347393, 49.890355004248441 ], [ -97.057731105968713, 49.89015776709735 ], [ -97.05243661327377, 49.889593494067945 ], [ -97.042975109317396, 49.88803433060054 ], [ -97.039323559769741, 49.88743220894699 ], [ -97.033245127730311, 49.886377672210465 ], [ -97.031375711147092, 49.886062395335017 ], [ -97.027129899868541, 49.886053202366384 ], [ -97.026197013888307, 49.886055299911547 ], [ -97.026015816560871, 49.886061197084643 ], [ -97.026077294449877, 49.885918409120364 ], [ -97.02669680478148, 49.884723602732279 ], [ -97.026905482980169, 49.884385297383503 ], [ -97.026929709360573, 49.878372688150748 ], [ -97.026929900548069, 49.878323005004248 ], [ -97.026970584346174, 49.876983394538087 ], [ -97.026973889893455, 49.876902492758923 ], [ -97.026954712152744, 49.874836512220121 ] ] ] } },
{ "type": "Feature", "properties": { "CTUID": "6020537.03", "greenspace_per_capita": 660.20899161149782 }, "geometry": { "type": "Polygon", "coordinates": [ [ [ -97.294687090782503, 49.871966597696932 ], [ -97.298814714704321, 49.872135197113785 ], [ -97.299981887083575, 49.872188303145393 ], [ -97.301760904900718, 49.872259310515624 ], [ -97.303345086965393, 49.872327495561095 ], [ -97.303274106783718, 49.873162992490322 ], [ -97.303206791518903, 49.873890604730519 ], [ -97.303137993389299, 49.87466320583421 ], [ -97.30308239934871, 49.875453908937253 ], [ -97.305472280722498, 49.875569797946092 ], [ -97.307932212213345, 49.875677712297986 ], [ -97.307848913625406, 49.876467995368849 ], [ -97.30776809391206, 49.8771864903797 ], [ -97.307699282900245, 49.877959005280395 ], [ -97.307618483746921, 49.878677399004339 ], [ -97.307467684930131, 49.880204388194898 ], [ -97.307186701668371, 49.882664897943485 ], [ -97.307170676810955, 49.882790313629968 ], [ -97.305938401625681, 49.882934500467989 ], [ -97.304654209159338, 49.883032604672877 ], [ -97.303455803181095, 49.883069110800328 ], [ -97.302133718122789, 49.883058695057677 ], [ -97.300634209264459, 49.882946797135425 ], [ -97.300509304111415, 49.882935911946582 ], [ -97.29984179685394, 49.882842008007202 ], [ -97.299082495585566, 49.882735096483657 ], [ -97.298833287527032, 49.882695491949256 ], [ -97.297255119717164, 49.882447408856088 ], [ -97.294901485876622, 49.882080009057496 ], [ -97.293614000407345, 49.881881194182654 ], [ -97.293198813399457, 49.881812103210997 ], [ -97.293032794695179, 49.881782709456985 ], [ -97.29306469216445, 49.88166619957687 ], [ -97.293109405259258, 49.881190099419435 ], [ -97.293179286173995, 49.880390588747026 ], [ -97.29321745343033, 49.879871705924543 ], [ -97.293232798345727, 49.879662808813912 ], [ -97.293303682485671, 49.878968008061932 ], [ -97.29333909685883, 49.878621010720373 ], [ -97.293381187186796, 49.878216789196102 ], [ -97.293455241115353, 49.877300395773823 ], [ -97.293532799742081, 49.876680891740918 ], [ -97.293556214117885, 49.876411410416715 ], [ -97.29359869889926, 49.875986010864217 ], [ -97.293642313368125, 49.87554919394131 ], [ -97.293666384266515, 49.875261699933766 ], [ -97.293750818919847, 49.874444405462313 ], [ -97.293820385030813, 49.873653905003337 ], [ -97.293791101992369, 49.873302600493354 ], [ -97.293139603898055, 49.872438510079967 ], [ -97.293294492977722, 49.87238680371059 ], [ -97.294308115869654, 49.87206000175987 ], [ -97.294687090782503, 49.871966597696932 ] ] ] } },
{ "type": "Feature", "properties": { "CTUID": "6020012.00", "greenspace_per_capita": 109.01141452973522 }, "geometry": { "type": "Polygon", "coordinates": [ [ [ -97.130934380512713, 49.885787947791698 ], [ -97.130882455315941, 49.885780385992952 ], [ -97.130468811923606, 49.885766942981846 ], [ -97.12962943606928, 49.885743156465608 ], [ -97.12917182099018, 49.885761340025205 ], [ -97.129016532508388, 49.885766453254121 ], [ -97.12782733873928, 49.885832617106033 ], [ -97.12756029443446, 49.885840533176165 ], [ -97.126910852005338, 49.885859825583132 ], [ -97.129128837097994, 49.883629723815766 ], [ -97.130119330879637, 49.882927515015147 ], [ -97.130237861249284, 49.882843473803867 ], [ -97.130374408431905, 49.882730174040979 ], [ -97.131307009231932, 49.881946151863801 ], [ -97.132108567985142, 49.881235896003858 ], [ -97.133258221349692, 49.880217213092514 ], [ -97.134272663350941, 49.879156426063652 ], [ -97.135202058800701, 49.878157682650127 ], [ -97.135849325240287, 49.877462063675374 ], [ -97.136864022936791, 49.875973000027919 ], [ -97.136875479507594, 49.875956273515847 ], [ -97.13705929799427, 49.875655286339736 ], [ -97.13740966594537, 49.874649353672829 ], [ -97.137460141857673, 49.874234725877798 ], [ -97.1373693485031, 49.873511114526728 ], [ -97.138122151802619, 49.87310944848182 ], [ -97.138827184118512, 49.872748098722312 ], [ -97.139110597660618, 49.872625996872465 ], [ -97.140188607466285, 49.872283788598629 ], [ -97.140783982003498, 49.873025009951263 ], [ -97.140808759115131, 49.873055876386971 ], [ -97.141371486197457, 49.873756205570864 ], [ -97.141676888011162, 49.874138892418593 ], [ -97.14202201631052, 49.87457621077349 ], [ -97.142431087101698, 49.87507689382744 ], [ -97.142580418322012, 49.875259702750242 ], [ -97.143298110394198, 49.876143803697133 ], [ -97.143989406875804, 49.876991409027688 ], [ -97.144253793102891, 49.877355402683989 ], [ -97.144795644727381, 49.877725638477614 ], [ -97.145485864398267, 49.87812014668922 ], [ -97.145641169065485, 49.878257762740681 ], [ -97.146235694434409, 49.879033211758085 ], [ -97.14635290374521, 49.879242004645867 ], [ -97.146778102533688, 49.87977049711715 ], [ -97.14712498053332, 49.880162795078739 ], [ -97.147810610366179, 49.881163207636661 ], [ -97.148045902690811, 49.881562798958505 ], [ -97.148057765732332, 49.881593066426952 ], [ -97.145116290069424, 49.88194090525969 ], [ -97.145114971740355, 49.881940924391017 ], [ -97.145041901061774, 49.881939782671246 ], [ -97.144996517326092, 49.881943540821815 ], [ -97.144912259172386, 49.881962448662712 ], [ -97.144786108367526, 49.881985185477646 ], [ -97.144740801290538, 49.881986741099375 ], [ -97.144555204340122, 49.882017482759494 ], [ -97.144516506426697, 49.882028096935933 ], [ -97.144303222184774, 49.882053938063848 ], [ -97.144134120912497, 49.882107430503218 ], [ -97.144092005029663, 49.882115745403986 ], [ -97.143941250493469, 49.882144794603398 ], [ -97.143853249943632, 49.88217039400881 ], [ -97.143772912409148, 49.882178098735821 ], [ -97.143611730045464, 49.882206983584709 ], [ -97.143446879381131, 49.882240332516226 ], [ -97.14341519391138, 49.882248836701578 ], [ -97.143328170348823, 49.88224968473822 ], [ -97.143261747888616, 49.882257598307554 ], [ -97.143171162849555, 49.882260628940486 ], [ -97.143129163183346, 49.882266738885811 ], [ -97.142890625883567, 49.882316873349481 ], [ -97.142771155281039, 49.882346438292615 ], [ -97.142722209402024, 49.882352378117993 ], [ -97.142680319558821, 49.88235623195628 ], [ -97.142606667131034, 49.882370792118287 ], [ -97.142603317882632, 49.88237213583912 ], [ -97.142504162167455, 49.882411833300075 ], [ -97.142454965683342, 49.882424536476378 ], [ -97.142367104111287, 49.882445627013155 ], [ -97.142208726342176, 49.882492591653268 ], [ -97.142068399844021, 49.882521827724382 ], [ -97.141924147693402, 49.882562240005171 ], [ -97.141864156166235, 49.882583746878204 ], [ -97.141424712060726, 49.882698125756853 ], [ -97.141339946065187, 49.882730531878899 ], [ -97.141195368147763, 49.882779934708758 ], [ -97.141103294881248, 49.882821189984526 ], [ -97.141032624296884, 49.882849295723844 ], [ -97.140958242160494, 49.88288184212611 ], [ -97.140855269212977, 49.882936380825917 ], [ -97.140681404686049, 49.883023536773258 ], [ -97.140625227590448, 49.883036122470457 ], [ -97.140440573627828, 49.883132133252253 ], [ -97.140362965773207, 49.883160145482734 ], [ -97.140338254990382, 49.883168739634229 ], [ -97.140298756002551, 49.883199593445575 ], [ -97.140245674975162, 49.883223495470745 ], [ -97.140139172449267, 49.883277990152173 ], [ -97.140110602605617, 49.883295481141857 ], [ -97.139970455695746, 49.883320230279324 ], [ -97.139913910320544, 49.88334178363381 ], [ -97.139875430241645, 49.883347884190634 ], [ -97.139836917006804, 49.883354038236469 ], [ -97.139734193135467, 49.883399639889547 ], [ -97.139702110954985, 49.883419388304716 ], [ -97.139641581143522, 49.883456646856551 ], [ -97.139623524750206, 49.883474349106585 ], [ -97.139548374234408, 49.883527082278533 ], [ -97.139470173642181, 49.883568548061419 ], [ -97.139452368115712, 49.883579486784832 ], [ -97.139366902941532, 49.883629825287969 ], [ -97.139284928920006, 49.883680234913726 ], [ -97.139093908384581, 49.883760395127538 ], [ -97.139009178111365, 49.88379279722907 ], [ -97.138942568389595, 49.883805191957244 ], [ -97.138801756982687, 49.883845647492947 ], [ -97.13870625800169, 49.883884575684156 ], [ -97.138657172091513, 49.883895046787707 ], [ -97.138615276992525, 49.88389887323202 ], [ -97.138519894531825, 49.883935596694236 ], [ -97.138487914962809, 49.883953037455562 ], [ -97.13841626010732, 49.884005892437628 ], [ -97.138338425468362, 49.884038389324509 ], [ -97.138306375265714, 49.884058083825437 ], [ -97.138206694210382, 49.884114925710563 ], [ -97.138114544465694, 49.884158432176633 ], [ -97.137981500216853, 49.884203900655244 ], [ -97.137969957648153, 49.884207830516139 ], [ -97.13792014156931, 49.884236288775192 ], [ -97.1378189279406, 49.884272186551243 ], [ -97.137768473462842, 49.884290075498271 ], [ -97.137722721625636, 49.884302824083221 ], [ -97.137669558171638, 49.88432672907836 ], [ -97.137574060302185, 49.884365681921771 ], [ -97.137499748884366, 49.884398195931787 ], [ -97.137446768353882, 49.884419789250096 ], [ -97.137336660609819, 49.884476491487604 ], [ -97.137243849772801, 49.884535730923773 ], [ -97.137173244140598, 49.884561580265519 ], [ -97.137119978699062, 49.884589990443679 ], [ -97.137048977109515, 49.884627085128777 ], [ -97.137013256841811, 49.884651243392092 ], [ -97.136812228377593, 49.88471993594667 ], [ -97.136631653706544, 49.884797978915131 ], [ -97.136497862587959, 49.884838597412212 ], [ -97.136187093494243, 49.88495504760558 ], [ -97.136085312688394, 49.884978146298728 ], [ -97.136000853349984, 49.885001479386098 ], [ -97.135804513537963, 49.885038780169459 ], [ -97.135751572058865, 49.885058198013439 ], [ -97.135692123247622, 49.885066223494412 ], [ -97.135660658047215, 49.885070239090822 ], [ -97.135611416513242, 49.885082941097636 ], [ -97.135431860081596, 49.885136228750703 ], [ -97.135357874490126, 49.885159775273507 ], [ -97.13529820796316, 49.885172338067413 ], [ -97.135266155419373, 49.885192031656679 ], [ -97.135188429745781, 49.885222295941198 ], [ -97.135079266160716, 49.885254298228581 ], [ -97.135068579726365, 49.885260845614042 ], [ -97.134924314379518, 49.885301273709509 ], [ -97.13483691539713, 49.885311082341488 ], [ -97.134741817811403, 49.885341036660087 ], [ -97.134703295340145, 49.885347137370012 ], [ -97.13458722755486, 49.885378992159502 ], [ -97.134443216445035, 49.885412681718698 ], [ -97.13432772595921, 49.885428781027727 ], [ -97.134036616633651, 49.885487091904743 ], [ -97.133966957448465, 49.885488241439319 ], [ -97.133872547155875, 49.885500183821236 ], [ -97.133805862391739, 49.885514828948288 ], [ -97.133679328802614, 49.885546545593165 ], [ -97.133566966690665, 49.885571734871441 ], [ -97.133503548924779, 49.885590937368626 ], [ -97.13340213083444, 49.885605039556481 ], [ -97.133367204479086, 49.88560673136103 ], [ -97.133155905380235, 49.885601457989246 ], [ -97.133116872731193, 49.885600473324757 ], [ -97.133018103712317, 49.885634890020171 ], [ -97.132783497097236, 49.885671598423961 ], [ -97.132633284361617, 49.885670729724602 ], [ -97.132348560934716, 49.885669080861106 ], [ -97.132253716193077, 49.885692294964898 ], [ -97.132183542316795, 49.885706893250308 ], [ -97.132082154554922, 49.885718742414184 ], [ -97.13201216197551, 49.885728830845579 ], [ -97.131970079682844, 49.885737138534132 ], [ -97.131903172688169, 49.885756294248843 ], [ -97.131707706172662, 49.885771143163723 ], [ -97.131519911943613, 49.885768123503809 ], [ -97.131330908366891, 49.885794340756895 ], [ -97.13131680382746, 49.885798588161215 ], [ -97.130934380512713, 49.885787947791698 ] ] ] } },
{ "type": "Feature", "properties": { "CTUID": "6020113.00", "greenspace_per_capita": 644.08454645529378 }, "geometry": { "type": "Polygon", "coordinates": [ [ [ -97.098919301567591, 49.884679510796396 ], [ -97.097555348835513, 49.882012576475425 ], [ -97.097513949462211, 49.881935260003132 ], [ -97.097509380362908, 49.881926736604285 ], [ -97.097497034258893, 49.881903679973 ], [ -97.097352135106675, 49.881622068824697 ], [ -97.097044343427257, 49.881023781594045 ], [ -97.096766830620723, 49.880470483209614 ], [ -97.095758937940516, 49.878494865681368 ], [ -97.095754621177178, 49.878486432348751 ], [ -97.095739461531878, 49.878456672727509 ], [ -97.095591144229772, 49.878157479714375 ], [ -97.095152137874294, 49.877286660896964 ], [ -97.094781260037081, 49.876571876589836 ], [ -97.094423552288887, 49.875882459094711 ], [ -97.093794164735257, 49.874669412405538 ], [ -97.093949920193921, 49.87468589518101 ], [ -97.095163703348618, 49.874814191038091 ], [ -97.100257903064403, 49.874743187685027 ], [ -97.102571721885624, 49.874667400130221 ], [ -97.103648036470588, 49.874951308115186 ], [ -97.103808268431479, 49.87491943688476 ], [ -97.103844637780924, 49.874912195892456 ], [ -97.103914279648336, 49.874887250491362 ], [ -97.104417942469695, 49.874706726034958 ], [ -97.106514815447326, 49.874019030004533 ], [ -97.106792990607033, 49.873898107470026 ], [ -97.108344816647715, 49.87336580760671 ], [ -97.109726487014186, 49.872911588571874 ], [ -97.109806121376096, 49.873011811747304 ], [ -97.109906011207755, 49.873661104406516 ], [ -97.11003329629321, 49.874679592339909 ], [ -97.11010499077112, 49.875337402668542 ], [ -97.110188988376294, 49.876040408317735 ], [ -97.110381813417703, 49.877518802065381 ], [ -97.11047328585947, 49.87838379366756 ], [ -97.110555803178542, 49.879122703415703 ], [ -97.110649805011747, 49.87992480069861 ], [ -97.110760691162312, 49.881005995402248 ], [ -97.110893192902836, 49.881889702973126 ], [ -97.111023297836525, 49.882836306386892 ], [ -97.111180892593708, 49.883923009661444 ], [ -97.111254483466354, 49.884431107506984 ], [ -97.111275602270524, 49.884576509982615 ], [ -97.108165681619468, 49.884714592258888 ], [ -97.10732891248314, 49.88475489865435 ], [ -97.106232443496836, 49.88491252261943 ], [ -97.106143843650386, 49.884954928722038 ], [ -97.105884610914117, 49.885019212199055 ], [ -97.105736889680003, 49.885111709578993 ], [ -97.105701229413754, 49.885180643877383 ], [ -97.105637011327318, 49.885409190900454 ], [ -97.105590240583624, 49.885518983726534 ], [ -97.105489599076066, 49.885647916594998 ], [ -97.105259687962572, 49.885761606819315 ], [ -97.10514879192209, 49.8857567113754 ], [ -97.102669697148443, 49.885647071298365 ], [ -97.100970817286196, 49.886072211690532 ], [ -97.099872439032666, 49.886151608494565 ], [ -97.099684490507855, 49.886165190882792 ], [ -97.098919301567591, 49.884679510796396 ] ] ] } },
{ "type": "Feature", "properties": { "CTUID": "6020018.00", "greenspace_per_capita": 456.53111141056399 }, "geometry": { "type": "Polygon", "coordinates": [ [ [ -97.175279981615517, 49.879566007348352 ], [ -97.175396886748359, 49.877571008768328 ], [ -97.175345984373578, 49.87744429122548 ], [ -97.175242073980868, 49.876995887018545 ], [ -97.17529555013293, 49.876676590843743 ], [ -97.17547883401096, 49.876458874841425 ], [ -97.175487310603756, 49.87646159768591 ], [ -97.17562574623183, 49.876481734698217 ], [ -97.175718565423168, 49.876512432868935 ], [ -97.175749778503985, 49.87651519369944 ], [ -97.175797748153755, 49.876533936937626 ], [ -97.175935406278072, 49.876574340267673 ], [ -97.175993950040322, 49.87659098579762 ], [ -97.1760455585936, 49.876607540746477 ], [ -97.176134822490766, 49.876640448099131 ], [ -97.176251629102765, 49.876680530158893 ], [ -97.176320203177681, 49.876706331716207 ], [ -97.17639604694682, 49.876725533069425 ], [ -97.17650278089684, 49.876756435105577 ], [ -97.176601752425256, 49.876807438392397 ], [ -97.176803831166637, 49.876893780979294 ], [ -97.176869072903571, 49.876917331305556 ], [ -97.176916860444265, 49.876940532334487 ], [ -97.176978614789633, 49.876964038423424 ], [ -97.177077770479968, 49.877010582957588 ], [ -97.177162624591901, 49.877068142534533 ], [ -97.177216157222503, 49.87712519760273 ], [ -97.177257052919003, 49.877148331551659 ], [ -97.177363073078226, 49.877197194373117 ], [ -97.177440909794655, 49.87725464190833 ], [ -97.177516122440139, 49.877291825499277 ], [ -97.177574315130727, 49.877317489496697 ], [ -97.177659127502494, 49.877375025173862 ], [ -97.177792202780594, 49.877444588879229 ], [ -97.177812778857728, 49.877453898756521 ], [ -97.177866981818951, 49.877492942635115 ], [ -97.1779105822296, 49.877536335943994 ], [ -97.177977573076944, 49.877604896034924 ], [ -97.178024915898916, 49.877641647031666 ], [ -97.178082929763306, 49.877671794766144 ], [ -97.178143932152807, 49.877715436466609 ], [ -97.178242196191363, 49.877784425674079 ], [ -97.178375428190719, 49.877851781985825 ], [ -97.17841910111224, 49.877892947035122 ], [ -97.178483914577868, 49.877927692484576 ], [ -97.178582259181425, 49.877996677104193 ], [ -97.17879980107665, 49.878132793953796 ], [ -97.178837566824015, 49.878146889511939 ], [ -97.178916370064968, 49.878179636533773 ], [ -97.178940354914076, 49.878188994597089 ], [ -97.179004961254762, 49.878230475381066 ], [ -97.179079849849373, 49.878274399997096 ], [ -97.179147257820418, 49.878331634923583 ], [ -97.179219011480754, 49.878366495954666 ], [ -97.179331103058743, 49.878440245182823 ], [ -97.179408662043954, 49.878506629472206 ], [ -97.179452095646226, 49.878554583324181 ], [ -97.17955114336975, 49.878603330188206 ], [ -97.179718113983384, 49.878698136807493 ], [ -97.17982376369406, 49.87875829397494 ], [ -97.179902454306585, 49.878793244841631 ], [ -97.180055048676564, 49.878899096537985 ], [ -97.18015143250895, 49.878927581064509 ], [ -97.180260661084162, 49.878983225086422 ], [ -97.180360223899569, 49.879020796428968 ], [ -97.180480421208642, 49.879063173784118 ], [ -97.180583568689883, 49.87909628353875 ], [ -97.180710917918702, 49.879134238984115 ], [ -97.180814779826022, 49.87914938668321 ], [ -97.180849149347139, 49.87915888070642 ], [ -97.181221197614278, 49.879259191382182 ], [ -97.181258897113736, 49.879275539851641 ], [ -97.181424043600487, 49.879325337436917 ], [ -97.181496159474705, 49.879351228851242 ], [ -97.181548021075685, 49.879361043249979 ], [ -97.181620943917977, 49.879364441631324 ], [ -97.181735115729921, 49.879381927099544 ], [ -97.181811078122394, 49.879398894205742 ], [ -97.181932263917858, 49.879414292852218 ], [ -97.182060357224941, 49.87943203311039 ], [ -97.182369682019186, 49.879443635802147 ], [ -97.182496994228757, 49.879481591134265 ], [ -97.182719510050433, 49.879487339628426 ], [ -97.182803211657102, 49.879481877406448 ], [ -97.182925423047919, 49.879470295675873 ], [ -97.183207055210474, 49.879476980841361 ], [ -97.183377504910396, 49.879479675682177 ], [ -97.183436972728799, 49.879471593729249 ], [ -97.183576059090143, 49.879473787896401 ], [ -97.183674172508105, 49.879455078517786 ], [ -97.183911877575852, 49.879427336554251 ], [ -97.184044619691278, 49.879413631411218 ], [ -97.184146223827227, 49.87939499116532 ], [ -97.184212809423528, 49.879382540361924 ], [ -97.18437694941349, 49.879367134575816 ], [ -97.184496069916179, 49.879346536754404 ], [ -97.184632478247465, 49.879328390678538 ], [ -97.184748206871575, 49.879303243236848 ], [ -97.184859461908573, 49.879307175534422 ], [ -97.184985274252526, 49.879293430566925 ], [ -97.184999263356417, 49.879291431511675 ], [ -97.185129543792556, 49.879250727551671 ], [ -97.185267367496905, 49.879194433089076 ], [ -97.185351601395467, 49.879175490892912 ], [ -97.185403849530928, 49.879174083532945 ], [ -97.185554313796601, 49.879151683290104 ], [ -97.185670148974523, 49.87912427884077 ], [ -97.18578620254695, 49.879092388062134 ], [ -97.185880973676987, 49.879071374562393 ], [ -97.185999627408947, 49.879061998966591 ], [ -97.186207521363812, 49.87899329502919 ], [ -97.186429572271052, 49.878918030323504 ], [ -97.186503163226902, 49.878903439705304 ], [ -97.186586974037795, 49.878895744021328 ], [ -97.186730926191942, 49.878862030329309 ], [ -97.187157775143191, 49.878801273313705 ], [ -97.187291503170684, 49.878760638204085 ], [ -97.18747431327408, 49.878711782851219 ], [ -97.187632671123509, 49.878664795229064 ], [ -97.187721061822842, 49.878627935144046 ], [ -97.187868428706963, 49.878596491707043 ], [ -97.188037169205387, 49.878549639101962 ], [ -97.188230607281497, 49.878494180190657 ], [ -97.188389317131325, 49.878438197630146 ], [ -97.18846664375836, 49.878416937193506 ], [ -97.18875767543193, 49.878358541723266 ], [ -97.188895278096851, 49.878308926655549 ], [ -97.188965554552041, 49.878289780764526 ], [ -97.189148010369308, 49.878249941819725 ], [ -97.189333599987876, 49.878219140024669 ], [ -97.189488601487625, 49.878167598205629 ], [ -97.189715158506985, 49.878157645166937 ], [ -97.189899649277365, 49.878155998151811 ], [ -97.190043521825785, 49.878124482118942 ], [ -97.190222275363141, 49.878091281798611 ], [ -97.190455103901598, 49.878099427642091 ], [ -97.190577554903257, 49.878081098649801 ], [ -97.19070349676862, 49.878062838869177 ], [ -97.191094868345431, 49.878113933094696 ], [ -97.191390657473292, 49.878112248782656 ], [ -97.191471163434144, 49.878111788747574 ], [ -97.192341559294178, 49.878182835307022 ], [ -97.192711022666089, 49.878260587012576 ], [ -97.192832319742806, 49.878273741919791 ], [ -97.192964460304438, 49.878275782081005 ], [ -97.193148249489482, 49.878292142196258 ], [ -97.193539159859114, 49.87835442509153 ], [ -97.194001302648871, 49.878372882935473 ], [ -97.194247805859789, 49.878387985422371 ], [ -97.194307092088266, 49.878384380980165 ], [ -97.194369008781692, 49.878388392857602 ], [ -97.194482464755154, 49.878395712216474 ], [ -97.194535564964497, 49.878417194703957 ], [ -97.194637219379644, 49.878410075730478 ], [ -97.194770634257281, 49.878424381285505 ], [ -97.194955220530716, 49.878455178473828 ], [ -97.195480351025068, 49.878463383721943 ], [ -97.196062299913777, 49.878440983659956 ], [ -97.196118315801399, 49.878432848427707 ], [ -97.196243870075151, 49.878425775586329 ], [ -97.196443752269786, 49.878383942407702 ], [ -97.196874662915633, 49.878307429530828 ], [ -97.197451349021122, 49.87823994190942 ], [ -97.197676759305921, 49.878166977098736 ], [ -97.197880273120077, 49.878122926371788 ], [ -97.198363917153074, 49.878031543053361 ], [ -97.198448521556131, 49.878001344318733 ], [ -97.198543307776958, 49.877978041397256 ], [ -97.198719611497637, 49.877915577139284 ], [ -97.198917895658113, 49.877824244847787 ], [ -97.199133269027769, 49.877742148550787 ], [ -97.199226601794223, 49.877664894658594 ], [ -97.199435089644311, 49.87757817989894 ], [ -97.199586175803674, 49.877540024578416 ], [ -97.199725122067036, 49.877452223502488 ], [ -97.200100254182317, 49.877377147549893 ], [ -97.200398896182236, 49.877300793515886 ], [ -97.200570277589748, 49.877278681848189 ], [ -97.20073820521371, 49.877254326300381 ], [ -97.201344028632604, 49.877151299030814 ], [ -97.201431046210601, 49.877126449610323 ], [ -97.20145483433221, 49.877168711709295 ], [ -97.201485802142003, 49.877230783303013 ], [ -97.201563055347492, 49.87750035370042 ], [ -97.201886690244933, 49.87828180596199 ], [ -97.201847396518616, 49.878964806562912 ], [ -97.201847393531239, 49.878965091227847 ], [ -97.201663598015756, 49.880167300194138 ], [ -97.201645979750083, 49.880265997331655 ], [ -97.200819189214144, 49.880415013182201 ], [ -97.200581004690477, 49.880456297549969 ], [ -97.199487801944542, 49.880655205447987 ], [ -97.197497617704599, 49.881020089168281 ], [ -97.197105001395869, 49.881094887526189 ], [ -97.195885886090096, 49.881309795915008 ], [ -97.194582713578114, 49.881541405092101 ], [ -97.194489996248294, 49.881556987706084 ], [ -97.194386614746691, 49.881574286782872 ], [ -97.193218044390832, 49.881800100804419 ], [ -97.191414003685281, 49.882148605084765 ], [ -97.190825006891814, 49.882265397821833 ], [ -97.190264098456765, 49.882373500022013 ], [ -97.189648917392347, 49.882490592708244 ], [ -97.189128383735053, 49.882589697638316 ], [ -97.188618990722972, 49.882684911296543 ], [ -97.188062983127466, 49.88278890707344 ], [ -97.187487913154555, 49.882905803835328 ], [ -97.186324016336357, 49.883130503844342 ], [ -97.185244715296207, 49.883329503502416 ], [ -97.184689102337188, 49.883430483825926 ], [ -97.184515788841111, 49.883462007875984 ], [ -97.183915987741727, 49.883540805873935 ], [ -97.183557014866764, 49.883587992341617 ], [ -97.182865007964807, 49.883678991513833 ], [ -97.182277611148777, 49.883750693609663 ], [ -97.181788003140767, 49.883815004906218 ], [ -97.180989004516178, 49.883917807045812 ], [ -97.180417098248512, 49.883991401065479 ], [ -97.179591791871118, 49.884095408032415 ], [ -97.178220897968842, 49.884271694578828 ], [ -97.177129017153788, 49.884411098217427 ], [ -97.176024714136261, 49.884551988588171 ], [ -97.174849882940194, 49.884695410831519 ], [ -97.174868211360604, 49.88457881051189 ], [ -97.17510018630432, 49.881749004300822 ], [ -97.175279981615517, 49.879566007348352 ] ] ] } },
{ "type": "Feature", "properties": { "CTUID": "6020017.00", "greenspace_per_capita": 320.02313933779845 }, "geometry": { "type": "Polygon", "coordinates": [ [ [ -97.170218501324001, 49.876382987472056 ], [ -97.170334129476771, 49.876362336916017 ], [ -97.170463952419894, 49.876332927994682 ], [ -97.170545060716506, 49.87630498632042 ], [ -97.170664204898884, 49.876282128169272 ], [ -97.170769045710045, 49.876270284050939 ], [ -97.170883745565121, 49.876274330002246 ], [ -97.171016705307281, 49.876256182145205 ], [ -97.171062254135819, 49.876247876735938 ], [ -97.171272862763303, 49.876199490397624 ], [ -97.171353009728648, 49.876196298726612 ], [ -97.171401977232989, 49.876190291280913 ], [ -97.17149991464683, 49.876176129589645 ], [ -97.17156592893042, 49.876179391001145 ], [ -97.17167372232673, 49.87618109356066 ], [ -97.171775143759902, 49.876166950267027 ], [ -97.171810129133618, 49.876162991138912 ], [ -97.171900521630164, 49.876164443871474 ], [ -97.172067852194786, 49.876155843003488 ], [ -97.172081909469924, 49.876151592052338 ], [ -97.172113544563999, 49.876143080969449 ], [ -97.172263370034813, 49.876138684238754 ], [ -97.172329705096942, 49.876132979341421 ], [ -97.172347105952952, 49.876133228824962 ], [ -97.172673796459023, 49.876142887556341 ], [ -97.172896220941155, 49.87615088626081 ], [ -97.172934231601815, 49.876158246258413 ], [ -97.17300362844918, 49.876163832599957 ], [ -97.173222594456377, 49.876169534653414 ], [ -97.173549256667727, 49.876181442087265 ], [ -97.173618545368868, 49.876189283898569 ], [ -97.173768013964207, 49.876193878509795 ], [ -97.173802962750628, 49.876189946503914 ], [ -97.173833995361719, 49.876197191914287 ], [ -97.17398004505452, 49.876199488170585 ], [ -97.174160546406668, 49.876211327540787 ], [ -97.174188203194447, 49.876216298353164 ], [ -97.174329948107598, 49.876240991095614 ], [ -97.174402472682644, 49.876255588667114 ], [ -97.174471869893893, 49.876261173975301 ], [ -97.174551764912778, 49.876264691749824 ], [ -97.174672730015331, 49.876286834751291 ], [ -97.174786720303061, 49.876308889118221 ], [ -97.174873410404317, 49.87631697909891 ], [ -97.175146234154283, 49.87637299100551 ], [ -97.17527064763425, 49.876395179660079 ], [ -97.175315349120851, 49.876409392768686 ], [ -97.175359978881815, 49.876425833932828 ], [ -97.175391080375789, 49.876430825100002 ], [ -97.17547883401096, 49.876458874841425 ], [ -97.17529555013293, 49.876676590843743 ], [ -97.175242073980868, 49.876995887018545 ], [ -97.175345984373578, 49.87744429122548 ], [ -97.175396886748359, 49.877571008768328 ], [ -97.175279981615517, 49.879566007348352 ], [ -97.17510018630432, 49.881749004300822 ], [ -97.174868211360604, 49.88457881051189 ], [ -97.174849882940194, 49.884695410831519 ], [ -97.173688682424952, 49.884848013705309 ], [ -97.172569784588077, 49.884983290496614 ], [ -97.171515010768061, 49.885132212291168 ], [ -97.171366219098033, 49.885153206436094 ], [ -97.170986809902715, 49.885246193250886 ], [ -97.170435008801476, 49.885391886926556 ], [ -97.16941179929475, 49.885662112947308 ], [ -97.168174510166125, 49.885984411576757 ], [ -97.166964703279632, 49.886315995908241 ], [ -97.166145011506615, 49.886532089162955 ], [ -97.166139119880171, 49.88642890196838 ], [ -97.166227794836828, 49.885557800275606 ], [ -97.166283204031217, 49.884830096944746 ], [ -97.166314199314769, 49.884012002087545 ], [ -97.166035881813301, 49.884007596821675 ], [ -97.166152613907016, 49.882030587182072 ], [ -97.166281896895526, 49.879352110754311 ], [ -97.166325679596412, 49.878929996645212 ], [ -97.166325987598512, 49.878929902435317 ], [ -97.166342197869596, 49.878119165337246 ], [ -97.166366017771665, 49.877866831767584 ], [ -97.166369441872234, 49.877864836593957 ], [ -97.166464900659832, 49.877825882390944 ], [ -97.166649045936268, 49.87774109768749 ], [ -97.166715920362819, 49.8777218932156 ], [ -97.166797316200942, 49.877684990812071 ], [ -97.166874869860763, 49.877659235581291 ], [ -97.166963096155584, 49.877626878254119 ], [ -97.16707990255091, 49.877574745094137 ], [ -97.167097915383437, 49.877559289791556 ], [ -97.167172477152519, 49.877519988647258 ], [ -97.167310819018013, 49.877450244183585 ], [ -97.167603256484213, 49.877353689549068 ], [ -97.167723476668371, 49.87730382825012 ], [ -97.167748456920464, 49.877286238046104 ], [ -97.167783877325164, 49.877271084294733 ], [ -97.167865416322542, 49.877231897332656 ], [ -97.168006093647378, 49.8771913797735 ], [ -97.168045342265415, 49.877164975939252 ], [ -97.168158277879172, 49.877124093722607 ], [ -97.168236325376398, 49.87708483631117 ], [ -97.168317505489981, 49.877054642640758 ], [ -97.16839552363146, 49.877017636724872 ], [ -97.168494744611635, 49.87696973579191 ], [ -97.168572476531708, 49.876939495310587 ], [ -97.168604004412572, 49.876933241235527 ], [ -97.168702722712297, 49.876898789891847 ], [ -97.168805322024852, 49.876853189027976 ], [ -97.168850940751298, 49.876842630867806 ], [ -97.168985511534387, 49.876781829103898 ], [ -97.169056622327901, 49.876742480043788 ], [ -97.169141429531194, 49.876707848348147 ], [ -97.169243207691821, 49.876684688321625 ], [ -97.169426102085268, 49.876633638773846 ], [ -97.169566818887787, 49.876593142606012 ], [ -97.169626852597361, 49.876569339864979 ], [ -97.169775574168312, 49.87650192783746 ], [ -97.169849281826643, 49.876485145259743 ], [ -97.169920026910418, 49.876454737877992 ], [ -97.170095580157877, 49.876412540554483 ], [ -97.170190244669996, 49.876393798260615 ], [ -97.170218501324001, 49.876382987472056 ] ] ] } },
{ "type": "Feature", "properties": { "CTUID": "6020533.00", "greenspace_per_capita": 605.23352676933155 }, "geometry": { "type": "Polygon", "coordinates": [ [ [ -97.228053800800936, 49.889548564058373 ], [ -97.226079678472686, 49.889689127880409 ], [ -97.22466058222966, 49.88974619580668 ], [ -97.224444489289354, 49.889738998393788 ], [ -97.223529653660933, 49.889665932711473 ], [ -97.223753504158154, 49.888162601879543 ], [ -97.224127904530718, 49.884408497736445 ], [ -97.224131593904147, 49.88430959514502 ], [ -97.224410429206714, 49.881663316975626 ], [ -97.224411571250883, 49.881470794060959 ], [ -97.2243457670222, 49.881313039171751 ], [ -97.224392066059423, 49.880998945240712 ], [ -97.224428521839243, 49.880005739955493 ], [ -97.224430671793343, 49.879947142473583 ], [ -97.224487062476356, 49.87916993513857 ], [ -97.224561347085256, 49.879040645295355 ], [ -97.224683264592599, 49.878943544356993 ], [ -97.224757544819497, 49.87881422878668 ], [ -97.224837280158383, 49.878730033838735 ], [ -97.224883923984137, 49.87856412762526 ], [ -97.224915950273711, 49.878450231044397 ], [ -97.224916933696775, 49.874307057481495 ], [ -97.224937550709186, 49.873873999811671 ], [ -97.225017825376909, 49.873900293950712 ], [ -97.225092969461187, 49.87393969667977 ], [ -97.225442808878995, 49.874077677442919 ], [ -97.225816065000942, 49.874240786470899 ], [ -97.225976978740746, 49.874312984564149 ], [ -97.226059128487734, 49.874350245545564 ], [ -97.226164719362629, 49.874412530943779 ], [ -97.22629260539442, 49.874434725218208 ], [ -97.226474848802653, 49.874493731433098 ], [ -97.226883505777835, 49.874641636230649 ], [ -97.227131603044, 49.874708426610376 ], [ -97.227276352553417, 49.874746640222966 ], [ -97.227652931166986, 49.874822088640485 ], [ -97.227777542458625, 49.874839726744931 ], [ -97.228011962122892, 49.874899528439585 ], [ -97.228249528289012, 49.874968391408117 ], [ -97.228391370202331, 49.874990778076139 ], [ -97.228512018977383, 49.875021874274331 ], [ -97.228539333280096, 49.875035797902996 ], [ -97.228710706584025, 49.875105894981559 ], [ -97.228953946898926, 49.87521078613662 ], [ -97.229029130173672, 49.875250132508931 ], [ -97.22921489430928, 49.875306924524637 ], [ -97.229418414603046, 49.875355038831401 ], [ -97.229545223223397, 49.875408739287323 ], [ -97.229752461231413, 49.875450080329223 ], [ -97.229802094562231, 49.8754602240151 ], [ -97.229787296225183, 49.87579080507588 ], [ -97.229823305078071, 49.876328399098284 ], [ -97.229727943406274, 49.877487429500306 ], [ -97.229723717672755, 49.877607827708665 ], [ -97.230481795730356, 49.877399593247176 ], [ -97.230832099975785, 49.877332995438756 ], [ -97.230972208002058, 49.877308089636742 ], [ -97.231335213232356, 49.877277705086151 ], [ -97.232170512986784, 49.877272492362636 ], [ -97.232648016278048, 49.877272005327768 ], [ -97.232650581670015, 49.877164371135819 ], [ -97.232674417749678, 49.876174467036549 ], [ -97.232695774998902, 49.875466289712598 ], [ -97.233057089966124, 49.875362560757452 ], [ -97.233388381810911, 49.875387544316098 ], [ -97.233993017225771, 49.875462298675735 ], [ -97.234472009879141, 49.875511561468528 ], [ -97.23509056319142, 49.875632673965377 ], [ -97.235645866293822, 49.875672637789862 ], [ -97.236439699948491, 49.875659980987045 ], [ -97.236829752361743, 49.875650132955222 ], [ -97.236955254730233, 49.875643036108073 ], [ -97.237067193261623, 49.875626800620289 ], [ -97.237562695931004, 49.875589378024152 ], [ -97.237966225933889, 49.875498788378628 ], [ -97.238074904190015, 49.875475694832907 ], [ -97.238313804612076, 49.875411878739605 ], [ -97.238408778394046, 49.875384077072212 ], [ -97.238637591089869, 49.875311086873374 ], [ -97.238718820632897, 49.875278579377465 ], [ -97.239178408436814, 49.875175399255298 ], [ -97.239339578734175, 49.875146380003116 ], [ -97.239528499463447, 49.875117781831428 ], [ -97.23983061081212, 49.875039148295357 ], [ -97.240116552168729, 49.875020991284252 ], [ -97.240375866302955, 49.87497097680609 ], [ -97.24053733236201, 49.874952776704141 ], [ -97.240614431029996, 49.875162407597557 ], [ -97.240641076135802, 49.875229827408198 ], [ -97.240629116060134, 49.875227740324824 ], [ -97.240874142798177, 49.876020305869019 ], [ -97.241037285671027, 49.876498905345791 ], [ -97.241033401259273, 49.876606690498996 ], [ -97.240855511750851, 49.87920361131431 ], [ -97.240583581716194, 49.882086806451298 ], [ -97.240297483741614, 49.884978899063981 ], [ -97.240662010465954, 49.885807764338679 ], [ -97.240491470518293, 49.888203538570004 ], [ -97.239950789533395, 49.888769504761534 ], [ -97.239075516129745, 49.888720207475281 ], [ -97.239056233392091, 49.88871298511053 ], [ -97.238649709548653, 49.888560806555205 ], [ -97.238417417916338, 49.88848070449891 ], [ -97.237914405516406, 49.888150307493845 ], [ -97.237586293508059, 49.88794200178328 ], [ -97.237292299660254, 49.887900294198175 ], [ -97.233791167895589, 49.888575916951709 ], [ -97.233473514292712, 49.888597517007746 ], [ -97.233481153100186, 49.888675136829036 ], [ -97.232942024339195, 49.888672883429876 ], [ -97.232891004102854, 49.889508991364288 ], [ -97.232888313377316, 49.889552360288768 ], [ -97.228373805115936, 49.889548244618666 ], [ -97.228053800800936, 49.889548564058373 ] ] ] } },
{ "type": "Feature", "properties": { "CTUID": "6020015.00", "greenspace_per_capita": 85.093071456560054 }, "geometry": { "type": "Polygon", "coordinates": [ [ [ -97.148134685584097, 49.881789104038084 ], [ -97.148057765732332, 49.881593066426952 ], [ -97.148325540319874, 49.881626123225395 ], [ -97.148967001369698, 49.88170534007731 ], [ -97.149306523237883, 49.881713095375538 ], [ -97.149344190441184, 49.881719655555443 ], [ -97.149584659878627, 49.88172684128309 ], [ -97.149647768499904, 49.881714342940199 ], [ -97.14969987145426, 49.88171738503106 ], [ -97.149797616674249, 49.881709980323045 ], [ -97.149850228096369, 49.881699572419208 ], [ -97.149902550484782, 49.88169593010992 ], [ -97.150135457920214, 49.881701891964425 ], [ -97.150385702004471, 49.881710386105766 ], [ -97.150451866420781, 49.881709179861602 ], [ -97.150876560176414, 49.881706993835436 ], [ -97.150967392509983, 49.88169719263076 ], [ -97.151127558236396, 49.881695246999385 ], [ -97.151187248203257, 49.881680448805106 ], [ -97.15126082659134, 49.881668136040936 ], [ -97.151302645168414, 49.881666532343175 ], [ -97.151463172570857, 49.881655592442002 ], [ -97.151535662135785, 49.881670234962463 ], [ -97.151759303986765, 49.881646846356027 ], [ -97.15184381059224, 49.881621194872274 ], [ -97.151889302821701, 49.881615177647248 ], [ -97.151955901778067, 49.88160274856974 ], [ -97.152008794711151, 49.881583350070315 ], [ -97.152082764322941, 49.88155979132916 ], [ -97.152187660384627, 49.881547938962065 ], [ -97.152292845139456, 49.881527148407187 ], [ -97.152479877125359, 49.881460391636729 ], [ -97.152581640002907, 49.881437276278497 ], [ -97.152659461763434, 49.881404794110935 ], [ -97.152725993775647, 49.881394643987264 ], [ -97.152785861834602, 49.881375335136944 ], [ -97.152957932577976, 49.8813353485886 ], [ -97.153078006412017, 49.881290039869626 ], [ -97.153113097518101, 49.88128158189447 ], [ -97.153183730547781, 49.881255744962509 ], [ -97.153363422733477, 49.881197890272318 ], [ -97.153401892173918, 49.881191733120779 ], [ -97.153440799241721, 49.881174379825609 ], [ -97.153595826987612, 49.88112514564483 ], [ -97.153750559369541, 49.881082625479088 ], [ -97.153901525114577, 49.881049075210285 ], [ -97.153979414708942, 49.881014338263974 ], [ -97.154096568679023, 49.88095322832276 ], [ -97.154160721948585, 49.880913773811187 ], [ -97.154217074254262, 49.880896696470117 ], [ -97.15429585800949, 49.880837238363 ], [ -97.154361730025883, 49.880794665272106 ], [ -97.154367198652366, 49.880791138024335 ], [ -97.154388526578273, 49.880780239537671 ], [ -97.154442567033144, 49.880731579205182 ], [ -97.154471629308503, 49.880700582953232 ], [ -97.154497412468501, 49.880662780401451 ], [ -97.154508926213381, 49.880635987688066 ], [ -97.154601945230652, 49.880567745504521 ], [ -97.154738444175365, 49.880455239027128 ], [ -97.154797097867075, 49.880377493521806 ], [ -97.154803500730694, 49.8803011391526 ], [ -97.154822271319915, 49.880265446928952 ], [ -97.154858378109978, 49.880232286743109 ], [ -97.154874048393864, 49.880185278559523 ], [ -97.154892709561722, 49.880151842250456 ], [ -97.154907419196149, 49.880131834403542 ], [ -97.154960706307179, 49.880011239386548 ], [ -97.154970778738871, 49.879930446051823 ], [ -97.154981675857826, 49.879827185661433 ], [ -97.154982580024694, 49.879712540882679 ], [ -97.154995017187247, 49.879568774799353 ], [ -97.154986961918183, 49.879505690688525 ], [ -97.154974706847497, 49.879462798467635 ], [ -97.154983553579896, 49.879321294840025 ], [ -97.15496919203828, 49.879293102426409 ], [ -97.154967370349738, 49.879289528077031 ], [ -97.154952157611262, 49.879230838120016 ], [ -97.154892648258695, 49.879148929873494 ], [ -97.154852554817339, 49.879105545392783 ], [ -97.154811924845262, 49.879075689911055 ], [ -97.154759712674959, 49.878984880020184 ], [ -97.154736667024366, 49.878950793128546 ], [ -97.154689704601495, 49.878905037114421 ], [ -97.154642818478919, 49.878857078690189 ], [ -97.154612254367038, 49.878836379496903 ], [ -97.154534628779757, 49.878774429613294 ], [ -97.154457573302238, 49.878696724754903 ], [ -97.154386665100361, 49.87863937865621 ], [ -97.154259121270002, 49.878515874731697 ], [ -97.154168732625592, 49.878422284147327 ], [ -97.154144928912643, 49.878408384698908 ], [ -97.154117604466563, 49.878394493776611 ], [ -97.154029617009328, 49.878330075710316 ], [ -97.153952414220825, 49.878254628614954 ], [ -97.153908728988185, 49.878213480484327 ], [ -97.153841170762746, 49.878160686587272 ], [ -97.153780369190045, 49.878112494423256 ], [ -97.153757072926965, 49.878085145130811 ], [ -97.153646579545693, 49.877970938405426 ], [ -97.153558633551924, 49.877904345450446 ], [ -97.153508394952425, 49.877851782781484 ], [ -97.153465502905732, 49.877790393537531 ], [ -97.153450933714879, 49.87777765200363 ], [ -97.153418410571263, 49.877749195977081 ], [ -97.153374796049903, 49.877705793929394 ], [ -97.153322227425889, 49.877623977316055 ], [ -97.153284901933219, 49.877598624639411 ], [ -97.153231766606993, 49.877532588547396 ], [ -97.153205848881669, 49.877482725154167 ], [ -97.153168954640449, 49.87744612509703 ], [ -97.153075225815044, 49.877350179452314 ], [ -97.153045525780811, 49.87730698519524 ], [ -97.153036462529016, 49.877270826552824 ], [ -97.153013856981588, 49.877225543490496 ], [ -97.152990561731187, 49.877198194101581 ], [ -97.152961657755384, 49.877134784602006 ], [ -97.152935554917946, 49.877089379474398 ], [ -97.152939043652879, 49.876997226263185 ], [ -97.152914044562252, 49.876936787626555 ], [ -97.152875299254347, 49.876843287324689 ], [ -97.152855674191954, 49.876811499014138 ], [ -97.15281285056372, 49.876747830280735 ], [ -97.152794194104686, 49.876689093350741 ], [ -97.152755800089821, 49.876600798321853 ], [ -97.152723192180474, 49.876451829985456 ], [ -97.152693095116831, 49.876419829557115 ], [ -97.152670168658361, 49.876383537974156 ], [ -97.152664672999819, 49.876345247751637 ], [ -97.152635872926211, 49.876279531097836 ], [ -97.152589167987614, 49.876227036831949 ], [ -97.152588599435774, 49.876150593655872 ], [ -97.152589498386178, 49.876125898833465 ], [ -97.152557612424687, 49.876051141485362 ], [ -97.152531079510879, 49.876016983712347 ], [ -97.152522667189984, 49.875962893733636 ], [ -97.152516949562042, 49.87592908963066 ], [ -97.1524875794249, 49.875879127788714 ], [ -97.152474850455633, 49.87584743385586 ], [ -97.152471903700331, 49.875833885662161 ], [ -97.152449478681874, 49.875784093084697 ], [ -97.152447178852825, 49.875752587770862 ], [ -97.152425895134243, 49.875671285704541 ], [ -97.152405580996572, 49.875657431005443 ], [ -97.152365347719595, 49.875616329740204 ], [ -97.152315342245842, 49.875559332185773 ], [ -97.15231775401277, 49.875496383862036 ], [ -97.152317750882048, 49.875493565086032 ], [ -97.152316468623013, 49.87534792833447 ], [ -97.152325211588973, 49.875300880508966 ], [ -97.152321481180053, 49.875217599240798 ], [ -97.152333816855375, 49.875076091628124 ], [ -97.152342629435267, 49.875026790114852 ], [ -97.152350254368315, 49.875008948801245 ], [ -97.152394772915287, 49.874937682371907 ], [ -97.152406425802894, 49.874906382981571 ], [ -97.152417498272015, 49.874888588846126 ], [ -97.152480315736682, 49.874792880705151 ], [ -97.15251292567153, 49.874759625614033 ], [ -97.152567471228522, 49.874697543421689 ], [ -97.152593391728828, 49.87465523470712 ], [ -97.152629425713855, 49.874624329718571 ], [ -97.152665015365201, 49.874602396821778 ], [ -97.152705395656056, 49.874546844291366 ], [ -97.152738190913908, 49.874509130927677 ], [ -97.152763364771104, 49.874489284554308 ], [ -97.152796123498945, 49.874451599001958 ], [ -97.152853104296284, 49.874416488736905 ], [ -97.152913151123968, 49.874392747739719 ], [ -97.152988476760029, 49.87433324487543 ], [ -97.153102527014909, 49.874263096894687 ], [ -97.153169581141384, 49.874239392270717 ], [ -97.153208770137553, 49.874215274035166 ], [ -97.153258205444956, 49.874195828218575 ], [ -97.153297105951964, 49.874178475405465 ], [ -97.15333640750265, 49.874152126943386 ], [ -97.153468502974334, 49.87406427440056 ], [ -97.153567048079836, 49.874034348172223 ], [ -97.153641142452173, 49.874006281435392 ], [ -97.153725492948183, 49.873985136470147 ], [ -97.153849213981673, 49.873935389063675 ], [ -97.153983068427578, 49.873892544042043 ], [ -97.154004101287839, 49.873888385667748 ], [ -97.154095823483246, 49.873856136649096 ], [ -97.154197248535283, 49.873842037267735 ], [ -97.154281807158085, 49.873814130669608 ], [ -97.154336725537348, 49.873804009610573 ], [ -97.154449996472337, 49.873783091088633 ], [ -97.154502457429231, 49.873777188432577 ], [ -97.154597510548825, 49.873747190556799 ], [ -97.154632346471189, 49.873745495571022 ], [ -97.154663844200812, 49.873741497613693 ], [ -97.154782777802012, 49.873725394376621 ], [ -97.154970700855344, 49.873723885631932 ], [ -97.1550442671805, 49.873711596066414 ], [ -97.155192999521944, 49.873734180137667 ], [ -97.155499210347301, 49.873734523520852 ], [ -97.155544080870868, 49.873744235888921 ], [ -97.155784107219674, 49.873745841526258 ], [ -97.155835667631123, 49.873762434730125 ], [ -97.155911853852913, 49.873772632493036 ], [ -97.156005079125734, 49.873792076061036 ], [ -97.156226653707748, 49.873820329538987 ], [ -97.156395307967983, 49.873867985020908 ], [ -97.156492169795527, 49.873883042629728 ], [ -97.156564250475384, 49.87390887476441 ], [ -97.156626458434303, 49.87392114400587 ], [ -97.156736730250941, 49.873949884016127 ], [ -97.156805581961166, 49.873968984828849 ], [ -97.1568469227403, 49.873978628187842 ], [ -97.156905276453514, 49.873999794512798 ], [ -97.156998830129695, 49.874010297159252 ], [ -97.157050024215366, 49.874035831879965 ], [ -97.157105000021588, 49.874054697350914 ], [ -97.157201574915277, 49.874078692128514 ], [ -97.157256544100676, 49.874095333756344 ], [ -97.157318742608837, 49.874107525518021 ], [ -97.157428658282768, 49.874145283964324 ], [ -97.157479856116765, 49.874170844156971 ], [ -97.157541155422862, 49.874205532401547 ], [ -97.157657751815435, 49.874250094415423 ], [ -97.157712225702795, 49.874282434850151 ], [ -97.157749980679853, 49.874296538308386 ], [ -97.157862019323119, 49.874370285246222 ], [ -97.157922853102889, 49.874416248351793 ], [ -97.157960357072668, 49.874437089384749 ], [ -97.158034823003959, 49.87449224885458 ], [ -97.158085380530196, 49.874535791528047 ], [ -97.158136252083892, 49.874570291431162 ], [ -97.158261914097082, 49.874650984939059 ], [ -97.158309123469195, 49.874689975227511 ], [ -97.15837330682244, 49.874740490399489 ], [ -97.158442849133806, 49.874833777014146 ], [ -97.158459433257846, 49.874856547032152 ], [ -97.158577365475679, 49.874957337876999 ], [ -97.158634502225894, 49.875009991341436 ], [ -97.158674519691317, 49.875055576027968 ], [ -97.158744710686022, 49.87513093109164 ], [ -97.158768368748909, 49.875149285374142 ], [ -97.158818095177097, 49.875213045062608 ], [ -97.158864162815902, 49.875283493319799 ], [ -97.158941078249654, 49.875365675592413 ], [ -97.158963950290712, 49.875404296374136 ], [ -97.159000880972101, 49.875440840488309 ], [ -97.159075059349746, 49.87550273918368 ], [ -97.159135357921528, 49.875564377309765 ], [ -97.159162222991185, 49.875589593195322 ], [ -97.159293464498575, 49.87570634738556 ], [ -97.159333803667636, 49.875742940490291 ], [ -97.159369876307778, 49.875801979130252 ], [ -97.159375269089864, 49.875842524789768 ], [ -97.159388366719014, 49.875865249941768 ], [ -97.159451047430338, 49.875956190747061 ], [ -97.159474593924216, 49.875976775115021 ], [ -97.159564454259254, 49.876083888917691 ], [ -97.159570712471492, 49.876101991325179 ], [ -97.159750794609096, 49.876307225220756 ], [ -97.159846317451937, 49.876450447744602 ], [ -97.159862179834747, 49.876491179155948 ], [ -97.159888501099758, 49.876529846790085 ], [ -97.159944427006081, 49.876616186166665 ], [ -97.1600044809487, 49.876684587391281 ], [ -97.160053346200897, 49.876770790134593 ], [ -97.160076870566044, 49.876793677392286 ], [ -97.160156129887369, 49.876905138484091 ], [ -97.160162428228574, 49.876923238763638 ], [ -97.16018522307327, 49.876964036173405 ], [ -97.160191303420376, 49.876986648243651 ], [ -97.160251216476965, 49.877059531228049 ], [ -97.160307493473624, 49.877134627475769 ], [ -97.160313716027815, 49.877154930146453 ], [ -97.160349824142656, 49.877211742791502 ], [ -97.160386255749088, 49.877259589641888 ], [ -97.160399449836987, 49.877277783722128 ], [ -97.160482558315692, 49.877380295871234 ], [ -97.160534203614773, 49.877486780059392 ], [ -97.160618177512148, 49.877566848763998 ], [ -97.160676105947161, 49.877599234822718 ], [ -97.160817900080517, 49.877713945326633 ], [ -97.160861806017451, 49.87774838041021 ], [ -97.161028664139494, 49.877845497888131 ], [ -97.161113563397564, 49.877900792024242 ], [ -97.161174402722565, 49.877946728004815 ], [ -97.161225102926934, 49.877985736387529 ], [ -97.161344957603049, 49.878037128457372 ], [ -97.161447120906374, 49.878097181293334 ], [ -97.161529276596809, 49.878138347044924 ], [ -97.161576858274543, 49.878162187028131 ], [ -97.161679562848974, 49.878206589585588 ], [ -97.161737245731544, 49.878245738524264 ], [ -97.161778344685331, 49.878262143388731 ], [ -97.161864716583153, 49.87827923639508 ], [ -97.162032930986115, 49.878340330635467 ], [ -97.16210521098273, 49.878361726494603 ], [ -97.162129848519172, 49.87837462228422 ], [ -97.161698380397425, 49.878721789700727 ], [ -97.161317210428663, 49.879008802796498 ], [ -97.161193387248034, 49.879190490288401 ], [ -97.15986649340995, 49.878944609658738 ], [ -97.159669912449701, 49.879355194105557 ], [ -97.159593312639529, 49.880271493557707 ], [ -97.15946459384233, 49.881825610601808 ], [ -97.159334714946169, 49.883775499475682 ], [ -97.159216411384833, 49.885788503601532 ], [ -97.159185280851773, 49.886227396163548 ], [ -97.159035808537794, 49.888340195409015 ], [ -97.159030313449449, 49.888484006799416 ], [ -97.158326405095522, 49.888688698316798 ], [ -97.15762390202454, 49.888857488246146 ], [ -97.157444903907773, 49.888904502553764 ], [ -97.157012104508667, 49.88901820637814 ], [ -97.156203487643396, 49.889230590679226 ], [ -97.155217794177943, 49.889520807104908 ], [ -97.154419693264884, 49.889750610718536 ], [ -97.154296104451049, 49.889785299549182 ], [ -97.154049592149562, 49.889853011526206 ], [ -97.15300101562093, 49.890240990454522 ], [ -97.152651402880466, 49.890370396446471 ], [ -97.151743085850171, 49.890716208257551 ], [ -97.15092770957817, 49.891026596334484 ], [ -97.150758403725618, 49.891086809895043 ], [ -97.150693888380573, 49.890950903486491 ], [ -97.150366395395949, 49.890414892588936 ], [ -97.149578581199975, 49.889068005611676 ], [ -97.14961838401662, 49.888855908967791 ], [ -97.14970762020053, 49.888344608871357 ], [ -97.149850903681312, 49.887510297327282 ], [ -97.149930288442562, 49.886890905130002 ], [ -97.149910186636248, 49.886323909981655 ], [ -97.149840386066273, 49.885962999708568 ], [ -97.149716116763855, 49.885574191431928 ], [ -97.149664888294041, 49.885456504411337 ], [ -97.149422213701328, 49.884885888982261 ], [ -97.148703085421459, 49.883669094663958 ], [ -97.148457008668075, 49.88318840734847 ], [ -97.148345199848066, 49.882835889526937 ], [ -97.148276506491669, 49.882448001337998 ], [ -97.148241007413333, 49.882285503387315 ], [ -97.14815759272652, 49.881896105911203 ], [ -97.148134685584097, 49.881789104038084 ] ] ] } },
{ "type": "Feature", "properties": { "CTUID": "6020016.00", "greenspace_per_capita": 107.61944473041879 }, "geometry": { "type": "Polygon", "coordinates": [ [ [ -97.15986649340995, 49.878944609658738 ], [ -97.161193387248034, 49.879190490288401 ], [ -97.161317210428663, 49.879008802796498 ], [ -97.161698380397425, 49.878721789700727 ], [ -97.162129848519172, 49.87837462228422 ], [ -97.162149550610494, 49.878384939340556 ], [ -97.162221721845953, 49.878408591025313 ], [ -97.162301257261063, 49.878421086748666 ], [ -97.162453073066231, 49.878454978018986 ], [ -97.162539158745247, 49.87847883602781 ], [ -97.162601118303613, 49.878497788078398 ], [ -97.162777094008717, 49.878536531232939 ], [ -97.162856669584968, 49.878549024369619 ], [ -97.162901616221234, 49.878556479780727 ], [ -97.162943144339067, 49.878561636741281 ], [ -97.1630224038215, 49.878583146954661 ], [ -97.163157464997511, 49.878601026765281 ], [ -97.163390399875595, 49.878606980732911 ], [ -97.163650375901781, 49.878633588033189 ], [ -97.163759074800026, 49.87861282793348 ], [ -97.16383602609001, 49.878602832131925 ], [ -97.163968528622519, 49.878595943232582 ], [ -97.164031628061366, 49.878583435805432 ], [ -97.164063019784081, 49.87858169068349 ], [ -97.164168398087156, 49.878554126353819 ], [ -97.164256341811182, 49.878528536940429 ], [ -97.164378595332934, 49.878516976132588 ], [ -97.164462627048394, 49.878504787475713 ], [ -97.164553699210387, 49.878488236083129 ], [ -97.16460986275959, 49.878475636931888 ], [ -97.164725746416522, 49.878448229369063 ], [ -97.164789204265347, 49.878426727791336 ], [ -97.164902027876238, 49.87838802799034 ], [ -97.1649405029127, 49.878381943440665 ], [ -97.165274448149717, 49.878292777443541 ], [ -97.165443792631919, 49.878232483820092 ], [ -97.165489489366053, 49.878219724768464 ], [ -97.16566670292778, 49.878134850493815 ], [ -97.16579362324461, 49.878091897499964 ], [ -97.165843165960254, 49.878070189189117 ], [ -97.165927728691855, 49.878042297855579 ], [ -97.166199357280718, 49.877945396356864 ], [ -97.166312576515907, 49.877897699199345 ], [ -97.166366017771665, 49.877866831767584 ], [ -97.166342197869596, 49.878119165337246 ], [ -97.166325987598512, 49.878929902435317 ], [ -97.166325679596412, 49.878929996645212 ], [ -97.166281896895526, 49.879352110754311 ], [ -97.166152613907016, 49.882030587182072 ], [ -97.166035881813301, 49.884007596821675 ], [ -97.166314199314769, 49.884012002087545 ], [ -97.166283204031217, 49.884830096944746 ], [ -97.166227794836828, 49.885557800275606 ], [ -97.166139119880171, 49.88642890196838 ], [ -97.166145011506615, 49.886532089162955 ], [ -97.165741295518444, 49.886638496296982 ], [ -97.165150393634818, 49.886800002041959 ], [ -97.164995697914264, 49.886842590202541 ], [ -97.164644082792762, 49.886935888461743 ], [ -97.164051112832411, 49.887102205991717 ], [ -97.163490197503805, 49.88725949767548 ], [ -97.162892796345929, 49.887429693608041 ], [ -97.162772411832279, 49.887463988006047 ], [ -97.16237119981605, 49.88755643467811 ], [ -97.162224686122585, 49.88759019742777 ], [ -97.161661604565921, 49.887752198685732 ], [ -97.16052201970146, 49.888066905400436 ], [ -97.159030313449449, 49.888484006799416 ], [ -97.159035808537794, 49.888340195409015 ], [ -97.159185280851773, 49.886227396163548 ], [ -97.159216411384833, 49.885788503601532 ], [ -97.159334714946169, 49.883775499475682 ], [ -97.15946459384233, 49.881825610601808 ], [ -97.159593312639529, 49.880271493557707 ], [ -97.159669912449701, 49.879355194105557 ], [ -97.15986649340995, 49.878944609658738 ] ] ] } },
{ "type": "Feature", "properties": { "CTUID": "6020531.00", "greenspace_per_capita": 258.62871197989762 }, "geometry": { "type": "Polygon", "coordinates": [ [ [ -97.212348182905544, 49.878821392249662 ], [ -97.212849587410062, 49.878811088325065 ], [ -97.21399239969162, 49.878774805231835 ], [ -97.215176204605996, 49.878756993342471 ], [ -97.216472010029889, 49.87872300417574 ], [ -97.217697493132604, 49.878705891444334 ], [ -97.218923405074648, 49.878679790931947 ], [ -97.220149305400824, 49.878653598108485 ], [ -97.221319199721805, 49.878635590993447 ], [ -97.221987610457987, 49.878627901649295 ], [ -97.222447418974454, 49.878616894390284 ], [ -97.223297317299853, 49.878593995097638 ], [ -97.223547995272156, 49.878588803814296 ], [ -97.224565011511359, 49.878569993421976 ], [ -97.224883923984137, 49.87856412762526 ], [ -97.224837280158383, 49.878730033838735 ], [ -97.224757544819497, 49.87881422878668 ], [ -97.224683264592599, 49.878943544356993 ], [ -97.224561347085256, 49.879040645295355 ], [ -97.224487062476356, 49.87916993513857 ], [ -97.224430671793343, 49.879947142473583 ], [ -97.224428521839243, 49.880005739955493 ], [ -97.224392066059423, 49.880998945240712 ], [ -97.2243457670222, 49.881313039171751 ], [ -97.224411571250883, 49.881470794060959 ], [ -97.224410429206714, 49.881663316975626 ], [ -97.224131593904147, 49.88430959514502 ], [ -97.224127904530718, 49.884408497736445 ], [ -97.223753504158154, 49.888162601879543 ], [ -97.222654903566848, 49.888127798600671 ], [ -97.221556598194994, 49.88808388832485 ], [ -97.220416291659618, 49.888048488970355 ], [ -97.219220293003644, 49.888012102515027 ], [ -97.218844007036296, 49.888024305801579 ], [ -97.218065490805969, 49.887994407877002 ], [ -97.216827689779421, 49.887957295697653 ], [ -97.215604292429248, 49.887911494772119 ], [ -97.214366904074097, 49.887865509443664 ], [ -97.213143382899403, 49.887819607396651 ], [ -97.212128401976202, 49.887786007100438 ], [ -97.210584904907876, 49.887735192252393 ], [ -97.209444916900665, 49.887690596849176 ], [ -97.208415895416962, 49.887656687815017 ], [ -97.207025213286542, 49.88761718946769 ], [ -97.20606541326336, 49.88759340750822 ], [ -97.205815021443144, 49.887589508955287 ], [ -97.204955481591782, 49.887527107320359 ], [ -97.204397806694885, 49.887512800045791 ], [ -97.203730918558009, 49.887476309395595 ], [ -97.203063292968906, 49.887456899192955 ], [ -97.203051776648167, 49.887456076488171 ], [ -97.202501690912143, 49.887417007572552 ], [ -97.201785982557567, 49.887311407710392 ], [ -97.20120960903931, 49.887260103209698 ], [ -97.201093695746252, 49.887249793832268 ], [ -97.201092483160409, 49.887249704504157 ], [ -97.201097687427222, 49.887181708327077 ], [ -97.201150386969431, 49.886482804727557 ], [ -97.201256618816402, 49.885126210785664 ], [ -97.201323783838916, 49.884208412091112 ], [ -97.201369699348447, 49.883580803581886 ], [ -97.201374386910516, 49.883455003775396 ], [ -97.201380594677815, 49.883287971416955 ], [ -97.201387413085371, 49.88310440459999 ], [ -97.201488190508314, 49.882638210920028 ], [ -97.201511247888703, 49.882298577293156 ], [ -97.201611393042654, 49.880823099035538 ], [ -97.201645979750083, 49.880265997331655 ], [ -97.202442285241702, 49.880119898038288 ], [ -97.202648414243072, 49.880082057847396 ], [ -97.20275388276238, 49.880062696585732 ], [ -97.202855996687305, 49.880044008909955 ], [ -97.203047497937675, 49.880008799060562 ], [ -97.204182390984698, 49.879810610304176 ], [ -97.204462619631045, 49.879760901788707 ], [ -97.204673006419995, 49.879719204803479 ], [ -97.204777002955666, 49.879702999132007 ], [ -97.204883002933599, 49.879686503390516 ], [ -97.205009190224828, 49.879661512994943 ], [ -97.205681604395451, 49.879545890506392 ], [ -97.206301014631705, 49.879433895447477 ], [ -97.206422080236266, 49.879412000851332 ], [ -97.206872793531019, 49.87933051295051 ], [ -97.207769186134598, 49.879182391888776 ], [ -97.208006700309625, 49.879159101531734 ], [ -97.209137504899488, 49.879068696686915 ], [ -97.21019839914176, 49.878986091805196 ], [ -97.210589612469079, 49.878947189340167 ], [ -97.211385287119299, 49.878887513576593 ], [ -97.211708990496945, 49.878865290673026 ], [ -97.212348182905544, 49.878821392249662 ] ] ] } },
{ "type": "Feature", "properties": { "CTUID": "6020535.00", "greenspace_per_capita": 652.13901383248799 }, "geometry": { "type": "Polygon", "coordinates": [ [ [ -97.240855511750851, 49.87920361131431 ], [ -97.242134393712433, 49.879250004457532 ], [ -97.245303095443475, 49.879387910266061 ], [ -97.248472390448626, 49.879507809703348 ], [ -97.249709701250438, 49.879553486891666 ], [ -97.251002486037819, 49.879600012627229 ], [ -97.252503382427875, 49.879667594582031 ], [ -97.254366008992605, 49.879740604312623 ], [ -97.25613131290801, 49.879812195649556 ], [ -97.257437985050913, 49.879858806713571 ], [ -97.258716988928441, 49.879905005824916 ], [ -97.259884707727693, 49.879949592607176 ], [ -97.261177585819269, 49.879995903361113 ], [ -97.262428691740766, 49.88004169911455 ], [ -97.262129983858998, 49.88293360361336 ], [ -97.26188881600774, 49.885772398938215 ], [ -97.261884611359221, 49.885889210523544 ], [ -97.261751419175383, 49.887659209974352 ], [ -97.261738599676335, 49.887841990109848 ], [ -97.26161318712019, 49.889635008845261 ], [ -97.259125335991783, 49.889546773633242 ], [ -97.257536286301601, 49.889502887777446 ], [ -97.255632802882516, 49.889393300985532 ], [ -97.25354690285063, 49.889325887167537 ], [ -97.248934299147933, 49.889058412486669 ], [ -97.248298832794291, 49.888637158565416 ], [ -97.248476047191701, 49.885792458146625 ], [ -97.249251084195322, 49.885303301641265 ], [ -97.244787712406875, 49.885154898934672 ], [ -97.24096469781162, 49.885007001553355 ], [ -97.240297483741614, 49.884978899063981 ], [ -97.240583581716194, 49.882086806451298 ], [ -97.240855511750851, 49.87920361131431 ] ] ] } },
{ "type": "Feature", "properties": { "CTUID": "6020014.00", "greenspace_per_capita": 41.937481617339152 }, "geometry": { "type": "Polygon", "coordinates": [ [ [ -97.134290090042228, 49.888124408607872 ], [ -97.13386001028671, 49.887361903131634 ], [ -97.133703787824103, 49.887080596775824 ], [ -97.133625893431088, 49.886935393193966 ], [ -97.133120418087401, 49.886340794910851 ], [ -97.132902360178818, 49.886027683488543 ], [ -97.132633284361617, 49.885670729724602 ], [ -97.132783497097236, 49.885671598423961 ], [ -97.133018103712317, 49.885634890020171 ], [ -97.133116872731193, 49.885600473324757 ], [ -97.133155905380235, 49.885601457989246 ], [ -97.133367204479086, 49.88560673136103 ], [ -97.13340213083444, 49.885605039556481 ], [ -97.133503548924779, 49.885590937368626 ], [ -97.133566966690665, 49.885571734871441 ], [ -97.133679328802614, 49.885546545593165 ], [ -97.133805862391739, 49.885514828948288 ], [ -97.133872547155875, 49.885500183821236 ], [ -97.133966957448465, 49.885488241439319 ], [ -97.134036616633651, 49.885487091904743 ], [ -97.13432772595921, 49.885428781027727 ], [ -97.134443216445035, 49.885412681718698 ], [ -97.13458722755486, 49.885378992159502 ], [ -97.134703295340145, 49.885347137370012 ], [ -97.134741817811403, 49.885341036660087 ], [ -97.13483691539713, 49.885311082341488 ], [ -97.134924314379518, 49.885301273709509 ], [ -97.135068579726365, 49.885260845614042 ], [ -97.135079266160716, 49.885254298228581 ], [ -97.135188429745781, 49.885222295941198 ], [ -97.135266155419373, 49.885192031656679 ], [ -97.13529820796316, 49.885172338067413 ], [ -97.135357874490126, 49.885159775273507 ], [ -97.135431860081596, 49.885136228750703 ], [ -97.135611416513242, 49.885082941097636 ], [ -97.135660658047215, 49.885070239090822 ], [ -97.135692123247622, 49.885066223494412 ], [ -97.135751572058865, 49.885058198013439 ], [ -97.135804513537963, 49.885038780169459 ], [ -97.136000853349984, 49.885001479386098 ], [ -97.136085312688394, 49.884978146298728 ], [ -97.136187093494243, 49.88495504760558 ], [ -97.136497862587959, 49.884838597412212 ], [ -97.136631653706544, 49.884797978915131 ], [ -97.136812228377593, 49.88471993594667 ], [ -97.137013256841811, 49.884651243392092 ], [ -97.137048977109515, 49.884627085128777 ], [ -97.137119978699062, 49.884589990443679 ], [ -97.137173244140598, 49.884561580265519 ], [ -97.137243849772801, 49.884535730923773 ], [ -97.137336660609819, 49.884476491487604 ], [ -97.137446768353882, 49.884419789250096 ], [ -97.137499748884366, 49.884398195931787 ], [ -97.137574060302185, 49.884365681921771 ], [ -97.137669558171638, 49.88432672907836 ], [ -97.137722721625636, 49.884302824083221 ], [ -97.137768473462842, 49.884290075498271 ], [ -97.1378189279406, 49.884272186551243 ], [ -97.13792014156931, 49.884236288775192 ], [ -97.137969957648153, 49.884207830516139 ], [ -97.137981500216853, 49.884203900655244 ], [ -97.138114544465694, 49.884158432176633 ], [ -97.138206694210382, 49.884114925710563 ], [ -97.138306375265714, 49.884058083825437 ], [ -97.138338425468362, 49.884038389324509 ], [ -97.13841626010732, 49.884005892437628 ], [ -97.138487914962809, 49.883953037455562 ], [ -97.138519894531825, 49.883935596694236 ], [ -97.138615276992525, 49.88389887323202 ], [ -97.138657172091513, 49.883895046787707 ], [ -97.13870625800169, 49.883884575684156 ], [ -97.138801756982687, 49.883845647492947 ], [ -97.138942568389595, 49.883805191957244 ], [ -97.139009178111365, 49.88379279722907 ], [ -97.139093908384581, 49.883760395127538 ], [ -97.139284928920006, 49.883680234913726 ], [ -97.139366902941532, 49.883629825287969 ], [ -97.139452368115712, 49.883579486784832 ], [ -97.139470173642181, 49.883568548061419 ], [ -97.139548374234408, 49.883527082278533 ], [ -97.139623524750206, 49.883474349106585 ], [ -97.139641581143522, 49.883456646856551 ], [ -97.139702110954985, 49.883419388304716 ], [ -97.139734193135467, 49.883399639889547 ], [ -97.139836917006804, 49.883354038236469 ], [ -97.139875430241645, 49.883347884190634 ], [ -97.139913910320544, 49.88334178363381 ], [ -97.139970455695746, 49.883320230279324 ], [ -97.140110602605617, 49.883295481141857 ], [ -97.140139172449267, 49.883277990152173 ], [ -97.140245674975162, 49.883223495470745 ], [ -97.140298756002551, 49.883199593445575 ], [ -97.140338254990382, 49.883168739634229 ], [ -97.140362965773207, 49.883160145482734 ], [ -97.140440573627828, 49.883132133252253 ], [ -97.140625227590448, 49.883036122470457 ], [ -97.140681404686049, 49.883023536773258 ], [ -97.140855269212977, 49.882936380825917 ], [ -97.140958242160494, 49.88288184212611 ], [ -97.141032624296884, 49.882849295723844 ], [ -97.141103294881248, 49.882821189984526 ], [ -97.141195368147763, 49.882779934708758 ], [ -97.141339946065187, 49.882730531878899 ], [ -97.141424712060726, 49.882698125756853 ], [ -97.141864156166235, 49.882583746878204 ], [ -97.141924147693402, 49.882562240005171 ], [ -97.142068399844021, 49.882521827724382 ], [ -97.142208726342176, 49.882492591653268 ], [ -97.142367104111287, 49.882445627013155 ], [ -97.142454965683342, 49.882424536476378 ], [ -97.142504162167455, 49.882411833300075 ], [ -97.142603317882632, 49.88237213583912 ], [ -97.142606667131034, 49.882370792118287 ], [ -97.142680319558821, 49.88235623195628 ], [ -97.142722209402024, 49.882352378117993 ], [ -97.142771155281039, 49.882346438292615 ], [ -97.142890625883567, 49.882316873349481 ], [ -97.143129163183346, 49.882266738885811 ], [ -97.143171162849555, 49.882260628940486 ], [ -97.143261747888616, 49.882257598307554 ], [ -97.143328170348823, 49.88224968473822 ], [ -97.14341519391138, 49.882248836701578 ], [ -97.143446879381131, 49.882240332516226 ], [ -97.143611730045464, 49.882206983584709 ], [ -97.143772912409148, 49.882178098735821 ], [ -97.143853249943632, 49.88217039400881 ], [ -97.143941250493469, 49.882144794603398 ], [ -97.144092005029663, 49.882115745403986 ], [ -97.144134120912497, 49.882107430503218 ], [ -97.144303222184774, 49.882053938063848 ], [ -97.144516506426697, 49.882028096935933 ], [ -97.144555204340122, 49.882017482759494 ], [ -97.144740801290538, 49.881986741099375 ], [ -97.144786108367526, 49.881985185477646 ], [ -97.144912259172386, 49.881962448662712 ], [ -97.144996517326092, 49.881943540821815 ], [ -97.145041901061774, 49.881939782671246 ], [ -97.145114971740355, 49.881940924391017 ], [ -97.145116290069424, 49.88194090525969 ], [ -97.148057765732332, 49.881593066426952 ], [ -97.148134685584097, 49.881789104038084 ], [ -97.14815759272652, 49.881896105911203 ], [ -97.148241007413333, 49.882285503387315 ], [ -97.148276506491669, 49.882448001337998 ], [ -97.148345199848066, 49.882835889526937 ], [ -97.148457008668075, 49.88318840734847 ], [ -97.148703085421459, 49.883669094663958 ], [ -97.149422213701328, 49.884885888982261 ], [ -97.149664888294041, 49.885456504411337 ], [ -97.149716116763855, 49.885574191431928 ], [ -97.149840386066273, 49.885962999708568 ], [ -97.149910186636248, 49.886323909981655 ], [ -97.149930288442562, 49.886890905130002 ], [ -97.149850903681312, 49.887510297327282 ], [ -97.148882878676787, 49.887701788102923 ], [ -97.148658306956065, 49.887752090327723 ], [ -97.147729609621294, 49.888007197792533 ], [ -97.147047091241859, 49.887968605364982 ], [ -97.146356696230455, 49.888087987895084 ], [ -97.144996406021818, 49.888387810466519 ], [ -97.143666999323457, 49.888661798468164 ], [ -97.142361603035866, 49.888937711062113 ], [ -97.141041990205608, 49.889222412367687 ], [ -97.139666303751028, 49.889515096975657 ], [ -97.138430412920542, 49.889792086341146 ], [ -97.137151815580339, 49.890095403336097 ], [ -97.135776404361778, 49.890379094041329 ], [ -97.135578116625325, 49.890403308218879 ], [ -97.135295616723369, 49.889909587900824 ], [ -97.135006513213455, 49.889404299537233 ], [ -97.134759093611919, 49.888959492539641 ], [ -97.134654011814604, 49.888795910037878 ], [ -97.134290090042228, 49.888124408607872 ] ] ] } },
{ "type": "Feature", "properties": { "CTUID": "6020536.00", "greenspace_per_capita": 683.48696669248056 }, "geometry": { "type": "Polygon", "coordinates": [ [ [ -97.263247062276179, 49.898850902691848 ], [ -97.263165539103056, 49.899113179666578 ], [ -97.260905010831308, 49.898943994783586 ], [ -97.257609480355953, 49.898857405420287 ], [ -97.257853998696547, 49.898088912127406 ], [ -97.257853584219717, 49.898088805536887 ], [ -97.2577325961783, 49.897969987984865 ], [ -97.257710286548672, 49.897816809178813 ], [ -97.257842305545893, 49.896469500792726 ], [ -97.257917216623397, 49.896318100531076 ], [ -97.257536286301601, 49.889502887777446 ], [ -97.259125335991783, 49.889546773633242 ], [ -97.26161318712019, 49.889635008845261 ], [ -97.261738599676335, 49.887841990109848 ], [ -97.261751419175383, 49.887659209974352 ], [ -97.261884611359221, 49.885889210523544 ], [ -97.26188881600774, 49.885772398938215 ], [ -97.262129983858998, 49.88293360361336 ], [ -97.262428691740766, 49.88004169911455 ], [ -97.262760586870655, 49.876610609392571 ], [ -97.262809386494737, 49.876026698664823 ], [ -97.262870901000611, 49.875478897066905 ], [ -97.262876705825533, 49.875317098780521 ], [ -97.262910606397753, 49.874759900778237 ], [ -97.262969988056511, 49.873879303332991 ], [ -97.263046510281256, 49.873408794323083 ], [ -97.263071349162885, 49.873347550528479 ], [ -97.263153880784799, 49.873144134723958 ], [ -97.263174017822308, 49.873094607771826 ], [ -97.263359694153607, 49.872715793566471 ], [ -97.263577588355247, 49.87233549284764 ], [ -97.263763256688392, 49.872011410063465 ], [ -97.264096529212125, 49.872025860330488 ], [ -97.264233058173261, 49.872031778660855 ], [ -97.265044052308269, 49.872023685655812 ], [ -97.265242495119068, 49.872019887079396 ], [ -97.265780585489111, 49.871961612852438 ], [ -97.265971469733287, 49.871942657453097 ], [ -97.266602031827006, 49.871760570703799 ], [ -97.267837092162267, 49.871494581101523 ], [ -97.268973013793783, 49.870764417275907 ], [ -97.269551466270087, 49.870564899560215 ], [ -97.271543392413449, 49.869846384676336 ], [ -97.272775510542417, 49.869576301733474 ], [ -97.274413946338015, 49.869554659726575 ], [ -97.276042444303783, 49.869857245787834 ], [ -97.27709716810557, 49.869946869340978 ], [ -97.278418116321603, 49.869871578892315 ], [ -97.279256155007317, 49.869644112126934 ], [ -97.279669324762864, 49.869895560288398 ], [ -97.279861350686772, 49.870012387014903 ], [ -97.279767607949722, 49.871661665155621 ], [ -97.279544326629889, 49.875588882800372 ], [ -97.279112999393206, 49.879418100288646 ], [ -97.279108804604832, 49.879534912196569 ], [ -97.27892918428455, 49.879496312911478 ], [ -97.278920294942694, 49.87974799332995 ], [ -97.278901107579799, 49.880287387094796 ], [ -97.278888661278771, 49.880456930633791 ], [ -97.278881286813629, 49.880557544565171 ], [ -97.278874080738348, 49.880655795380399 ], [ -97.278861117013577, 49.880835067652249 ], [ -97.278792114685572, 49.881787999008033 ], [ -97.278699609911328, 49.882820993211723 ], [ -97.278611380019271, 49.88373719871128 ], [ -97.278533196670239, 49.884761391291335 ], [ -97.278395284882677, 49.886288502720809 ], [ -97.278211485644917, 49.887873894091335 ], [ -97.278207791052466, 49.887982999074516 ], [ -97.278192599729607, 49.888289510440046 ], [ -97.278175104365999, 49.888645297092729 ], [ -97.278198605309939, 49.888811803936328 ], [ -97.278238096249282, 49.888949001540425 ], [ -97.278203914761335, 49.889712810521353 ], [ -97.278153001336904, 49.890359587372778 ], [ -97.278061808117869, 49.891356711105558 ], [ -97.277825384673889, 49.89408771182751 ], [ -97.277698808339977, 49.894904298250886 ], [ -97.277677881104154, 49.895101892224041 ], [ -97.277276583313821, 49.899332509407586 ], [ -97.277201881434067, 49.899475303938715 ], [ -97.277055787519075, 49.900057808800867 ], [ -97.276950790453853, 49.900658900997861 ], [ -97.276855102769716, 49.901602989201265 ], [ -97.276843383216573, 49.901718697763755 ], [ -97.274575599498945, 49.901862704483754 ], [ -97.272634984089919, 49.901985809699184 ], [ -97.268886618001744, 49.902247801403156 ], [ -97.264306732609199, 49.902560847215895 ], [ -97.264532427914105, 49.900213388561937 ], [ -97.264672828041014, 49.898913701508533 ], [ -97.263247062276179, 49.898850902691848 ] ] ] } },
{ "type": "Feature", "properties": { "CTUID": "6020120.01", "greenspace_per_capita": 1681.6437234080356 }, "geometry": { "type": "Polygon", "coordinates": [ [ [ -97.02528181620751, 49.896034711124976 ], [ -97.025249093776409, 49.895295193915928 ], [ -97.025256803713162, 49.895106403298669 ], [ -97.025269687259723, 49.894450010741259 ], [ -97.025291402264074, 49.893577799914702 ], [ -97.024806202750938, 49.893524611916149 ], [ -97.024028400376466, 49.893475300904441 ], [ -97.023152202618633, 49.893451396089063 ], [ -97.022315496494912, 49.893482094359378 ], [ -97.019476182351994, 49.893451592678282 ], [ -97.01612180837293, 49.893421191723604 ], [ -97.011960692541322, 49.893367896085266 ], [ -97.007882013247837, 49.893342900028593 ], [ -97.005418397404227, 49.89331850172465 ], [ -97.002439391419358, 49.893348395333753 ], [ -97.001548003718099, 49.893305802717649 ], [ -97.00022289334774, 49.893321499051218 ], [ -97.00000170744525, 49.893324109279824 ], [ -96.997911599705233, 49.89336001264148 ], [ -96.995641399358988, 49.893374708955065 ], [ -96.993385485283028, 49.893380694741587 ], [ -96.990572186184906, 49.893394910131939 ], [ -96.988859290000704, 49.893401198617916 ], [ -96.984096579967257, 49.893417394154646 ], [ -96.980113402606918, 49.893437989483246 ], [ -96.978819005981151, 49.893424389380023 ], [ -96.968380408367096, 49.893371903493488 ], [ -96.968193813579319, 49.893370991065581 ], [ -96.966506186666052, 49.893335499615297 ], [ -96.963974733477826, 49.893282222088416 ], [ -96.960758655405314, 49.89321442341943 ], [ -96.95909953606423, 49.893179422031459 ], [ -96.958791772251558, 49.893173550259164 ], [ -96.956636133079826, 49.89313230700855 ], [ -96.956746118950164, 49.89178101519672 ], [ -96.956746118949596, 49.891781015192159 ], [ -96.95674611894961, 49.891781015191555 ], [ -96.955996524976598, 49.885961293754328 ], [ -96.957119587263279, 49.8859737946294 ], [ -96.957577510782869, 49.886008887300228 ], [ -96.958736989953593, 49.886025869057988 ], [ -96.959137141687137, 49.886031732145156 ], [ -96.960624611638622, 49.886053510892133 ], [ -96.9610701213645, 49.886052411628256 ], [ -96.961237118485286, 49.88605530886133 ], [ -96.961822111559911, 49.886047592802875 ], [ -96.964065280286889, 49.886006099575596 ], [ -96.964247691439439, 49.885973311340976 ], [ -96.966921016991648, 49.885966210953967 ], [ -96.968201614913866, 49.885970690634132 ], [ -96.973811506855284, 49.88598799900425 ], [ -96.981274185100716, 49.885974188331517 ], [ -96.981265684915371, 49.883842201591342 ], [ -96.981256081352967, 49.878399998220587 ], [ -96.981297000925437, 49.871078597113453 ], [ -96.982645583204715, 49.871111100548468 ], [ -96.985633988139597, 49.871107090860008 ], [ -97.000001901545204, 49.871088104947532 ], [ -97.004108004027202, 49.871077899593629 ], [ -97.00459441736993, 49.871095295309914 ], [ -97.009925615764701, 49.8710789957305 ], [ -97.015417003430315, 49.87108987173557 ], [ -97.016451991530829, 49.871091890293201 ], [ -97.01645239220683, 49.87109189513766 ], [ -97.024359111826385, 49.871056094572765 ], [ -97.025026442927953, 49.871058095118464 ], [ -97.026098118135678, 49.871061291317311 ], [ -97.02650078614424, 49.871061569470029 ], [ -97.026919617593478, 49.871061849883567 ], [ -97.026919611793943, 49.871063711907155 ], [ -97.026920044884989, 49.871110723542685 ], [ -97.02692099390589, 49.871217490129069 ], [ -97.026954712152744, 49.874836512220121 ], [ -97.026973889893455, 49.876902492758923 ], [ -97.026970584346174, 49.876983394538087 ], [ -97.026929900548069, 49.878323005004248 ], [ -97.026929709360573, 49.878372688150748 ], [ -97.026905482980169, 49.884385297383503 ], [ -97.02669680478148, 49.884723602732279 ], [ -97.026077294449877, 49.885918409120364 ], [ -97.026015816560871, 49.886061197084643 ], [ -97.026197013888307, 49.886055299911547 ], [ -97.027129899868541, 49.886053202366384 ], [ -97.031375711147092, 49.886062395335017 ], [ -97.033245127730311, 49.886377672210465 ], [ -97.039323559769741, 49.88743220894699 ], [ -97.042975109317396, 49.88803433060054 ], [ -97.05243661327377, 49.889593494067945 ], [ -97.057731105968713, 49.89015776709735 ], [ -97.059582501347393, 49.890355004248441 ], [ -97.061817100672258, 49.891670517739705 ], [ -97.063989283122822, 49.89195880918583 ], [ -97.064071188741735, 49.89197211266368 ], [ -97.064472957509636, 49.892037410427051 ], [ -97.065848265080859, 49.892260967459784 ], [ -97.066176622798764, 49.892313618983302 ], [ -97.071034694458319, 49.893090151795008 ], [ -97.071325449112877, 49.893105677621143 ], [ -97.073691305953801, 49.893231906789651 ], [ -97.078738692781371, 49.894107200403745 ], [ -97.078945310232413, 49.894164589127428 ], [ -97.078811508341843, 49.894378292434624 ], [ -97.077606605581138, 49.895266792433858 ], [ -97.074297889153272, 49.897417794118383 ], [ -97.073046500800316, 49.89823140243287 ], [ -97.07283488091943, 49.898299898962613 ], [ -97.072145808608255, 49.898819110585677 ], [ -97.072013806682719, 49.898987789003272 ], [ -97.071626609745991, 49.898918408124125 ], [ -97.069607681028401, 49.8985610044165 ], [ -97.069026806031729, 49.898461397359654 ], [ -97.068777805524235, 49.898421204245039 ], [ -97.068294006769563, 49.898332202534128 ], [ -97.066082513448464, 49.897917505449904 ], [ -97.064562111472355, 49.897631297668518 ], [ -97.064327010474742, 49.897591392989426 ], [ -97.061313508553809, 49.897037296047635 ], [ -97.06096781525433, 49.896977603039964 ], [ -97.060124682858458, 49.896819504806068 ], [ -97.059599504623165, 49.896720806023112 ], [ -97.059240186291476, 49.896651793509456 ], [ -97.057775300814214, 49.896375405724655 ], [ -97.057609402587872, 49.896345690662059 ], [ -97.054445195989615, 49.895848311892081 ], [ -97.054232060162889, 49.89580844000686 ], [ -97.05293418382422, 49.895565602667794 ], [ -97.051671889330436, 49.895445388720503 ], [ -97.051031400543053, 49.895443708756503 ], [ -97.046131107740777, 49.895415201357892 ], [ -97.044237911411386, 49.895401206876727 ], [ -97.041802102231571, 49.895378107672975 ], [ -97.041812411784903, 49.895850492201539 ], [ -97.041698784708515, 49.896148799154936 ], [ -97.040917315755067, 49.89711848985624 ], [ -97.040697093091907, 49.89726409451206 ], [ -97.040628015297813, 49.897342286944252 ], [ -97.040617917722614, 49.897397409393655 ], [ -97.040671641066325, 49.897439266547948 ], [ -97.039519583754299, 49.899128705178008 ], [ -97.0394711763239, 49.899191171880361 ], [ -97.038854430111314, 49.899987629481622 ], [ -97.038066608004172, 49.901004858635702 ], [ -97.037940329548235, 49.901370782831123 ], [ -97.037184439086047, 49.901167112384812 ], [ -97.036424842166412, 49.901082563233885 ], [ -97.034744619420351, 49.900988947441718 ], [ -97.034011460993014, 49.900879017159404 ], [ -97.033210161288395, 49.900675663152256 ], [ -97.031136721790489, 49.900168187258338 ], [ -97.028325738846917, 49.898422304185843 ], [ -97.026027689835828, 49.897671091532622 ], [ -97.025924194757849, 49.897637297056882 ], [ -97.025466292198672, 49.897609905810583 ], [ -97.025301509495932, 49.897599990497568 ], [ -97.025299427368708, 49.89743550333263 ], [ -97.02528181620751, 49.896034711124976 ] ] ] } },
{ "type": "Feature", "properties": { "CTUID": "6020540.04", "greenspace_per_capita": 439.68181032380943 }, "geometry": { "type": "Polygon", "coordinates": [ [ [ -97.28823409371202, 49.892570737229491 ], [ -97.288131184182632, 49.892178049449079 ], [ -97.288097640837549, 49.891825120946997 ], [ -97.287854503015438, 49.89109356965524 ], [ -97.287480440490967, 49.890100686394263 ], [ -97.287121802204879, 49.889246123317726 ], [ -97.286890506363875, 49.888562710900324 ], [ -97.287013712320089, 49.888199403005089 ], [ -97.286978242920497, 49.888048327642231 ], [ -97.286979360808218, 49.888016810905398 ], [ -97.286986946468133, 49.887801044306457 ], [ -97.287047533377347, 49.887461369915897 ], [ -97.287047771263659, 49.887460141010045 ], [ -97.287054460413287, 49.887374770958175 ], [ -97.286949369067827, 49.88732666314904 ], [ -97.286635549363041, 49.887196356727145 ], [ -97.286545680247841, 49.887151029930756 ], [ -97.286311789590883, 49.886938450352787 ], [ -97.286198376223822, 49.886876134307215 ], [ -97.286036300147302, 49.886852743873099 ], [ -97.285922828686111, 49.886804218138941 ], [ -97.285682495527695, 49.886598589320961 ], [ -97.285491270879376, 49.886483088738764 ], [ -97.285336052751532, 49.886346485171934 ], [ -97.285198221980238, 49.886240557975327 ], [ -97.284949627596447, 49.886032952435784 ], [ -97.284704028389427, 49.88590130894093 ], [ -97.284584809263677, 49.885871361507952 ], [ -97.284458140576803, 49.885775345849815 ], [ -97.283935025887004, 49.885513144569714 ], [ -97.283724872807994, 49.885360660791761 ], [ -97.283606488973106, 49.885232784550851 ], [ -97.283559894480121, 49.88516434906272 ], [ -97.283580581113554, 49.88507518175004 ], [ -97.283684902595709, 49.884770609059338 ], [ -97.283749445673124, 49.884632202969179 ], [ -97.283770713743237, 49.884543805555325 ], [ -97.2837195610621, 49.884450866870559 ], [ -97.283624811843609, 49.884362169607712 ], [ -97.283532088973189, 49.884266686800238 ], [ -97.28337962842663, 49.884044180322562 ], [ -97.283286781808243, 49.883936236329234 ], [ -97.283186573211651, 49.883750139952745 ], [ -97.283180754297433, 49.883582764473175 ], [ -97.28325893805831, 49.88331065009195 ], [ -97.283274024574553, 49.883189096330327 ], [ -97.283240997550351, 49.883040009647488 ], [ -97.283143524287851, 49.882982477430389 ], [ -97.283032605684852, 49.882923772582259 ], [ -97.282911311373837, 49.882894404044926 ], [ -97.28276354582087, 49.882718587800738 ], [ -97.282767808864421, 49.882616307365737 ], [ -97.282737194338495, 49.882536075123156 ], [ -97.282671965104328, 49.882446241219846 ], [ -97.282602022275043, 49.882388302585291 ], [ -97.282537620596869, 49.882338672015464 ], [ -97.282451804996839, 49.882261484244594 ], [ -97.282377904311886, 49.882173577082568 ], [ -97.282287714886039, 49.882113883711845 ], [ -97.282140101618907, 49.882040103898341 ], [ -97.281857370810243, 49.881926826714619 ], [ -97.28169174007418, 49.881852099924743 ], [ -97.281315119979411, 49.881690480258165 ], [ -97.281013176691019, 49.881625079413006 ], [ -97.280751449715055, 49.881628982191174 ], [ -97.280606779997171, 49.881641122960495 ], [ -97.280437358965884, 49.881668027107708 ], [ -97.280227867309563, 49.881647941331835 ], [ -97.280110906487351, 49.881621331440982 ], [ -97.279963036774461, 49.88152888711128 ], [ -97.27990992008553, 49.88142977074979 ], [ -97.279855398523608, 49.881360944249913 ], [ -97.279772314021756, 49.881263454030574 ], [ -97.279726331407275, 49.881178041822068 ], [ -97.279674171220563, 49.881119819849204 ], [ -97.279502007419126, 49.880904579890235 ], [ -97.279354402165239, 49.880784391403786 ], [ -97.279219581536182, 49.880674620783907 ], [ -97.279021092744699, 49.880550433747679 ], [ -97.278888661278771, 49.880456930633791 ], [ -97.278901107579799, 49.880287387094796 ], [ -97.278920294942694, 49.87974799332995 ], [ -97.27892918428455, 49.879496312911478 ], [ -97.279108804604832, 49.879534912196569 ], [ -97.279743990248434, 49.879679309361165 ], [ -97.27977120368034, 49.879683810230233 ], [ -97.280593032874776, 49.879819283946979 ], [ -97.28100329501558, 49.879886912077509 ], [ -97.282417588586611, 49.880113758245706 ], [ -97.282733385214016, 49.880164395921831 ], [ -97.284117392586268, 49.880391803008628 ], [ -97.285031201345745, 49.880531194522483 ], [ -97.285446611290524, 49.880591304176185 ], [ -97.285806393503293, 49.88065060209059 ], [ -97.286830904144125, 49.880809709344994 ], [ -97.288381184178789, 49.881057499208652 ], [ -97.289371185892932, 49.88120400113182 ], [ -97.289461291386075, 49.881217287333492 ], [ -97.289944990334646, 49.881295103235246 ], [ -97.291246883318308, 49.881504497621727 ], [ -97.29192509462851, 49.881613411928704 ], [ -97.293032794695179, 49.881782709456985 ], [ -97.293198813399457, 49.881812103210997 ], [ -97.293614000407345, 49.881881194182654 ], [ -97.293471512017817, 49.883552108294978 ], [ -97.293014085264318, 49.888231700024122 ], [ -97.292530118638908, 49.892875007252428 ], [ -97.292526179197054, 49.892982888604379 ], [ -97.290844006115293, 49.892913089733305 ], [ -97.290482084028682, 49.892907802966725 ], [ -97.289950502094825, 49.892980899233905 ], [ -97.289739500403357, 49.893040690300275 ], [ -97.289402298285992, 49.893125711431473 ], [ -97.289190090644524, 49.893221498742655 ], [ -97.289006282913789, 49.89329980881093 ], [ -97.288962196876852, 49.893329481794133 ], [ -97.288873944127772, 49.89325229992204 ], [ -97.288644413137888, 49.893015213773936 ], [ -97.28823409371202, 49.892570737229491 ] ] ] } },
{ "type": "Feature", "properties": { "CTUID": "6020116.00", "greenspace_per_capita": 247.16003870245657 }, "geometry": { "type": "Polygon", "coordinates": [ [ [ -97.10604790754725, 49.892489212447543 ], [ -97.105940038629072, 49.892494991469611 ], [ -97.105324076861052, 49.892527996505621 ], [ -97.105035210550909, 49.89248919431234 ], [ -97.103785496997489, 49.892756592282581 ], [ -97.10318243923885, 49.892880627482349 ], [ -97.10314608339614, 49.892888099867662 ], [ -97.102858656685882, 49.892322384629274 ], [ -97.102768129210233, 49.892145479639595 ], [ -97.101545134871913, 49.889747475180215 ], [ -97.101540412802251, 49.889738080507215 ], [ -97.10153993690713, 49.889737174856357 ], [ -97.10154005527248, 49.889732772101134 ], [ -97.10059446533171, 49.887931772413388 ], [ -97.099684490507855, 49.886165190882792 ], [ -97.099872439032666, 49.886151608494565 ], [ -97.100970817286196, 49.886072211690532 ], [ -97.102669697148443, 49.885647071298365 ], [ -97.10514879192209, 49.8857567113754 ], [ -97.105259687962572, 49.885761606819315 ], [ -97.105489599076066, 49.885647916594998 ], [ -97.105590240583624, 49.885518983726534 ], [ -97.105637011327318, 49.885409190900454 ], [ -97.105701229413754, 49.885180643877383 ], [ -97.105736889680003, 49.885111709578993 ], [ -97.105884610914117, 49.885019212199055 ], [ -97.106143843650386, 49.884954928722038 ], [ -97.106232443496836, 49.88491252261943 ], [ -97.10732891248314, 49.88475489865435 ], [ -97.108165681619468, 49.884714592258888 ], [ -97.111275602270524, 49.884576509982615 ], [ -97.111254483466354, 49.884431107506984 ], [ -97.111180892593708, 49.883923009661444 ], [ -97.111023297836525, 49.882836306386892 ], [ -97.110893192902836, 49.881889702973126 ], [ -97.112022188420625, 49.881854109206422 ], [ -97.1141413073194, 49.881771708386069 ], [ -97.117181100740993, 49.881641209248059 ], [ -97.120346092752939, 49.881512710860378 ], [ -97.123315490380435, 49.881398897803813 ], [ -97.125086440453828, 49.881326488966984 ], [ -97.125365097907604, 49.881315111594702 ], [ -97.126131986518601, 49.881282502009135 ], [ -97.127264608270565, 49.881242787775044 ], [ -97.127888282282655, 49.881220990642397 ], [ -97.128292108158277, 49.881218493934377 ], [ -97.128590691306627, 49.881309693098629 ], [ -97.129427596339994, 49.881453096385137 ], [ -97.130041219227564, 49.881699389183808 ], [ -97.131307009231932, 49.881946151863801 ], [ -97.130374408431905, 49.882730174040979 ], [ -97.130237861249284, 49.882843473803867 ], [ -97.130119330879637, 49.882927515015147 ], [ -97.129128837097994, 49.883629723815766 ], [ -97.126910852005338, 49.885859825583132 ], [ -97.126468706798121, 49.886214226851379 ], [ -97.126231117175038, 49.886405914618258 ], [ -97.125974866449141, 49.886609101013043 ], [ -97.125970170612689, 49.886620861041429 ], [ -97.125433988624565, 49.887958085385122 ], [ -97.125635493846076, 49.889359345304094 ], [ -97.12473764384896, 49.889474109860281 ], [ -97.124166992622847, 49.889598198589617 ], [ -97.119063313324432, 49.889803293328562 ], [ -97.117586897820118, 49.890175089605592 ], [ -97.116124786267264, 49.890538107025122 ], [ -97.114774716850675, 49.890885003835741 ], [ -97.11371113507856, 49.891164363633322 ], [ -97.11345242130767, 49.891232311658406 ], [ -97.112100394476087, 49.891623990125723 ], [ -97.111707793242445, 49.891868607903781 ], [ -97.110070417949032, 49.89207901932236 ], [ -97.109539075581921, 49.892147284240998 ], [ -97.109383237345881, 49.892173006500407 ], [ -97.109212435866311, 49.892154656610352 ], [ -97.108568221649179, 49.892265663771795 ], [ -97.108008918430528, 49.89241429106292 ], [ -97.107670524426538, 49.892551129381893 ], [ -97.107273005617245, 49.892643224405617 ], [ -97.106920755141275, 49.892691730826051 ], [ -97.106639228527797, 49.892647110648817 ], [ -97.106314914007569, 49.892589694459929 ], [ -97.106099762702982, 49.892542256615783 ], [ -97.10604790754725, 49.892489212447543 ] ] ] } },
{ "type": "Feature", "properties": { "CTUID": "6020019.00", "greenspace_per_capita": 241.62489905492242 }, "geometry": { "type": "Polygon", "coordinates": [ [ [ -97.201645979750083, 49.880265997331655 ], [ -97.201611393042654, 49.880823099035538 ], [ -97.201511247888703, 49.882298577293156 ], [ -97.201488190508314, 49.882638210920028 ], [ -97.201387413085371, 49.88310440459999 ], [ -97.201380594677815, 49.883287971416955 ], [ -97.201374386910516, 49.883455003775396 ], [ -97.201369699348447, 49.883580803581886 ], [ -97.201323783838916, 49.884208412091112 ], [ -97.201256618816402, 49.885126210785664 ], [ -97.201150386969431, 49.886482804727557 ], [ -97.201097687427222, 49.887181708327077 ], [ -97.201092483160409, 49.887249704504157 ], [ -97.201075744349211, 49.887471807786348 ], [ -97.201040601613343, 49.88793829714465 ], [ -97.20101178121763, 49.88831800401389 ], [ -97.200904209326723, 49.889735208408695 ], [ -97.200943615637343, 49.889798687358805 ], [ -97.200910303066038, 49.890319888546301 ], [ -97.200865192955803, 49.890409192621476 ], [ -97.200847331517878, 49.890889154707914 ], [ -97.200842793359826, 49.891011509479974 ], [ -97.200570387857937, 49.894218491689884 ], [ -97.198122483133517, 49.894144512829307 ], [ -97.195785987053114, 49.89407211152691 ], [ -97.192826966446546, 49.893980103544024 ], [ -97.192681599242121, 49.893975570242041 ], [ -97.190570504869399, 49.893909887212494 ], [ -97.189388695049502, 49.893864497885318 ], [ -97.188331779460469, 49.893829994048815 ], [ -97.187204894272739, 49.89380330370814 ], [ -97.186620796587334, 49.893785201082785 ], [ -97.185466482433725, 49.893749190903705 ], [ -97.184409881390621, 49.893705601538556 ], [ -97.183315108854671, 49.893679766767725 ], [ -97.183446074701962, 49.89201217707366 ], [ -97.18355807634596, 49.890511775101814 ], [ -97.18355845088918, 49.890507254439981 ], [ -97.183559094681172, 49.890499253388022 ], [ -97.183584465261404, 49.890179361429105 ], [ -97.183593953291208, 49.890112066300105 ], [ -97.183594974764461, 49.89008506044653 ], [ -97.183696555917678, 49.888787463634095 ], [ -97.183657804982545, 49.887336336342237 ], [ -97.183667659621165, 49.887225880826222 ], [ -97.183677367948647, 49.887109975966965 ], [ -97.183681316838019, 49.887062638000316 ], [ -97.183682640904067, 49.887046918608391 ], [ -97.18369238180351, 49.886930339588979 ], [ -97.183701291260192, 49.886823401156136 ], [ -97.183788390716387, 49.885780016598027 ], [ -97.183915987741727, 49.883540805873935 ], [ -97.184515788841111, 49.883462007875984 ], [ -97.184689102337188, 49.883430483825926 ], [ -97.185244715296207, 49.883329503502416 ], [ -97.186324016336357, 49.883130503844342 ], [ -97.187487913154555, 49.882905803835328 ], [ -97.188062983127466, 49.88278890707344 ], [ -97.188618990722972, 49.882684911296543 ], [ -97.189128383735053, 49.882589697638316 ], [ -97.189648917392347, 49.882490592708244 ], [ -97.190264098456765, 49.882373500022013 ], [ -97.190825006891814, 49.882265397821833 ], [ -97.191414003685281, 49.882148605084765 ], [ -97.193218044390832, 49.881800100804419 ], [ -97.194386614746691, 49.881574286782872 ], [ -97.194489996248294, 49.881556987706084 ], [ -97.194582713578114, 49.881541405092101 ], [ -97.195885886090096, 49.881309795915008 ], [ -97.197105001395869, 49.881094887526189 ], [ -97.197497617704599, 49.881020089168281 ], [ -97.199487801944542, 49.880655205447987 ], [ -97.200581004690477, 49.880456297549969 ], [ -97.200819189214144, 49.880415013182201 ], [ -97.201645979750083, 49.880265997331655 ] ] ] } },
{ "type": "Feature", "properties": { "CTUID": "6020540.02", "greenspace_per_capita": 534.93119418621222 }, "geometry": { "type": "Polygon", "coordinates": [ [ [ -97.293471512017817, 49.883552108294978 ], [ -97.293614000407345, 49.881881194182654 ], [ -97.294901485876622, 49.882080009057496 ], [ -97.297255119717164, 49.882447408856088 ], [ -97.298833287527032, 49.882695491949256 ], [ -97.299082495585566, 49.882735096483657 ], [ -97.29984179685394, 49.882842008007202 ], [ -97.300509304111415, 49.882935911946582 ], [ -97.300634209264459, 49.882946797135425 ], [ -97.302133718122789, 49.883058695057677 ], [ -97.303455803181095, 49.883069110800328 ], [ -97.304654209159338, 49.883032604672877 ], [ -97.305938401625681, 49.882934500467989 ], [ -97.307170676810955, 49.882790313629968 ], [ -97.307197702985775, 49.883559343260181 ], [ -97.307253288761885, 49.8851394112788 ], [ -97.307144705697297, 49.885857394738167 ], [ -97.307143803443154, 49.886280207982544 ], [ -97.307090113932887, 49.886649786312084 ], [ -97.306325878835935, 49.891911229532269 ], [ -97.306313005307288, 49.891999792492363 ], [ -97.304163101963638, 49.892281190926802 ], [ -97.300974414250305, 49.892684201300533 ], [ -97.299505912629428, 49.892869587319929 ], [ -97.297156611243238, 49.893158908647266 ], [ -97.295543582324854, 49.893099205828719 ], [ -97.293833113345755, 49.893038109361434 ], [ -97.292526179197054, 49.892982888604379 ], [ -97.292530118638908, 49.892875007252428 ], [ -97.293014085264318, 49.888231700024122 ], [ -97.293471512017817, 49.883552108294978 ] ] ] } },
{ "type": "Feature", "properties": { "CTUID": "6020020.00", "greenspace_per_capita": 210.37033626458097 }, "geometry": { "type": "Polygon", "coordinates": [ [ [ -97.183915987741727, 49.883540805873935 ], [ -97.183788390716387, 49.885780016598027 ], [ -97.183701291260192, 49.886823401156136 ], [ -97.18369238180351, 49.886930339588979 ], [ -97.183682640904067, 49.887046918608391 ], [ -97.183681316838019, 49.887062638000316 ], [ -97.183677367948647, 49.887109975966965 ], [ -97.183667659621165, 49.887225880826222 ], [ -97.183657804982545, 49.887336336342237 ], [ -97.183696555917678, 49.888787463634095 ], [ -97.183594974764461, 49.89008506044653 ], [ -97.183593953291208, 49.890112066300105 ], [ -97.183584465261404, 49.890179361429105 ], [ -97.183559094681172, 49.890499253388022 ], [ -97.18355845088918, 49.890507254439981 ], [ -97.18355807634596, 49.890511775101814 ], [ -97.183446074701962, 49.89201217707366 ], [ -97.183315108854671, 49.893679766767725 ], [ -97.183108725453891, 49.893674900842477 ], [ -97.182142307852118, 49.893652089922128 ], [ -97.181015481317232, 49.89362540366146 ], [ -97.179972508256867, 49.893591091113002 ], [ -97.178929487195305, 49.89355669261748 ], [ -97.177663811724017, 49.89351880295316 ], [ -97.176508803376919, 49.89350070186083 ], [ -97.175298888516465, 49.893463595792554 ], [ -97.174144917181806, 49.893418512260197 ], [ -97.174391605227925, 49.890202095211343 ], [ -97.174594428016903, 49.887765286702418 ], [ -97.174714069205876, 49.886327395529612 ], [ -97.174849882940194, 49.884695410831519 ], [ -97.176024714136261, 49.884551988588171 ], [ -97.177129017153788, 49.884411098217427 ], [ -97.178220897968842, 49.884271694578828 ], [ -97.179591791871118, 49.884095408032415 ], [ -97.180417098248512, 49.883991401065479 ], [ -97.180989004516178, 49.883917807045812 ], [ -97.181788003140767, 49.883815004906218 ], [ -97.182277611148777, 49.883750693609663 ], [ -97.182865007964807, 49.883678991513833 ], [ -97.183557014866764, 49.883587992341617 ], [ -97.183915987741727, 49.883540805873935 ] ] ] } },
{ "type": "Feature", "properties": { "CTUID": "6020021.00", "greenspace_per_capita": 102.00345726065736 }, "geometry": { "type": "Polygon", "coordinates": [ [ [ -97.174849882940194, 49.884695410831519 ], [ -97.174714069205876, 49.886327395529612 ], [ -97.174594428016903, 49.887765286702418 ], [ -97.174391605227925, 49.890202095211343 ], [ -97.174144917181806, 49.893418512260197 ], [ -97.173018413045028, 49.893382691101479 ], [ -97.17189161313199, 49.893356003186469 ], [ -97.170375493925377, 49.893314087825921 ], [ -97.168761890459521, 49.893270608885224 ], [ -97.167552995000307, 49.893206506553113 ], [ -97.166370510297696, 49.893178803663112 ], [ -97.165313997266708, 49.893135110058516 ], [ -97.164173286728982, 49.893108101991885 ], [ -97.163032887356835, 49.893072011674569 ], [ -97.16198990364424, 49.893037510850391 ], [ -97.160821713115524, 49.893001005212803 ], [ -97.16015411097041, 49.89298140209727 ], [ -97.158693981122198, 49.892931195993079 ], [ -97.15886307960244, 49.890695671811621 ], [ -97.159015616733342, 49.888678411258269 ], [ -97.159030313449449, 49.888484006799416 ], [ -97.16052201970146, 49.888066905400436 ], [ -97.161661604565921, 49.887752198685732 ], [ -97.162224686122585, 49.88759019742777 ], [ -97.16237119981605, 49.88755643467811 ], [ -97.162772411832279, 49.887463988006047 ], [ -97.162892796345929, 49.887429693608041 ], [ -97.163490197503805, 49.88725949767548 ], [ -97.164051112832411, 49.887102205991717 ], [ -97.164644082792762, 49.886935888461743 ], [ -97.164995697914264, 49.886842590202541 ], [ -97.165150393634818, 49.886800002041959 ], [ -97.165741295518444, 49.886638496296982 ], [ -97.166145011506615, 49.886532089162955 ], [ -97.166964703279632, 49.886315995908241 ], [ -97.168174510166125, 49.885984411576757 ], [ -97.16941179929475, 49.885662112947308 ], [ -97.170435008801476, 49.885391886926556 ], [ -97.170986809902715, 49.885246193250886 ], [ -97.171366219098033, 49.885153206436094 ], [ -97.171515010768061, 49.885132212291168 ], [ -97.172569784588077, 49.884983290496614 ], [ -97.173688682424952, 49.884848013705309 ], [ -97.174849882940194, 49.884695410831519 ] ] ] } },
{ "type": "Feature", "properties": { "CTUID": "6020013.00", "greenspace_per_capita": 77.463293119743071 }, "geometry": { "type": "Polygon", "coordinates": [ [ [ -97.126654143749249, 49.890609013261887 ], [ -97.125729808457763, 49.889586254204026 ], [ -97.125635493846076, 49.889359345304094 ], [ -97.125433988624565, 49.887958085385122 ], [ -97.125970170612689, 49.886620861041429 ], [ -97.125974866449141, 49.886609101013043 ], [ -97.126231117175038, 49.886405914618258 ], [ -97.126468706798121, 49.886214226851379 ], [ -97.126910852005338, 49.885859825583132 ], [ -97.12756029443446, 49.885840533176165 ], [ -97.12782733873928, 49.885832617106033 ], [ -97.129016532508388, 49.885766453254121 ], [ -97.12917182099018, 49.885761340025205 ], [ -97.12962943606928, 49.885743156465608 ], [ -97.130468811923606, 49.885766942981846 ], [ -97.130882455315941, 49.885780385992952 ], [ -97.130934380512713, 49.885787947791698 ], [ -97.13131680382746, 49.885798588161215 ], [ -97.131330908366891, 49.885794340756895 ], [ -97.131519911943613, 49.885768123503809 ], [ -97.131707706172662, 49.885771143163723 ], [ -97.131903172688169, 49.885756294248843 ], [ -97.131970079682844, 49.885737138534132 ], [ -97.13201216197551, 49.885728830845579 ], [ -97.132082154554922, 49.885718742414184 ], [ -97.132183542316795, 49.885706893250308 ], [ -97.132253716193077, 49.885692294964898 ], [ -97.132348560934716, 49.885669080861106 ], [ -97.132633284361617, 49.885670729724602 ], [ -97.132902360178818, 49.886027683488543 ], [ -97.133120418087401, 49.886340794910851 ], [ -97.133625893431088, 49.886935393193966 ], [ -97.133703787824103, 49.887080596775824 ], [ -97.13386001028671, 49.887361903131634 ], [ -97.134290090042228, 49.888124408607872 ], [ -97.134654011814604, 49.888795910037878 ], [ -97.134759093611919, 49.888959492539641 ], [ -97.135006513213455, 49.889404299537233 ], [ -97.135295616723369, 49.889909587900824 ], [ -97.135578116625325, 49.890403308218879 ], [ -97.135776404361778, 49.890379094041329 ], [ -97.137151815580339, 49.890095403336097 ], [ -97.138430412920542, 49.889792086341146 ], [ -97.139666303751028, 49.889515096975657 ], [ -97.141041990205608, 49.889222412367687 ], [ -97.142361603035866, 49.888937711062113 ], [ -97.143666999323457, 49.888661798468164 ], [ -97.144996406021818, 49.888387810466519 ], [ -97.146356696230455, 49.888087987895084 ], [ -97.147047091241859, 49.887968605364982 ], [ -97.147729609621294, 49.888007197792533 ], [ -97.148658306956065, 49.887752090327723 ], [ -97.148882878676787, 49.887701788102923 ], [ -97.149850903681312, 49.887510297327282 ], [ -97.14970762020053, 49.888344608871357 ], [ -97.14961838401662, 49.888855908967791 ], [ -97.149578581199975, 49.889068005611676 ], [ -97.150366395395949, 49.890414892588936 ], [ -97.150693888380573, 49.890950903486491 ], [ -97.150758403725618, 49.891086809895043 ], [ -97.14961441124187, 49.891509290280013 ], [ -97.148427990420075, 49.891949090485895 ], [ -97.147157787959728, 49.892396612396091 ], [ -97.145915712434316, 49.892835493134093 ], [ -97.144659684697075, 49.893274098428492 ], [ -97.143360814598594, 49.893738989312453 ], [ -97.142062295615759, 49.894194998161744 ], [ -97.141023315471472, 49.894564896231785 ], [ -97.139633907122928, 49.89506449448934 ], [ -97.139352117017211, 49.895149993216201 ], [ -97.138434494463141, 49.895477011148344 ], [ -97.138265085654339, 49.895537311172681 ], [ -97.137670519279965, 49.895428803315369 ], [ -97.137133304522266, 49.895276196214198 ], [ -97.136873716659736, 49.895146090946994 ], [ -97.135732892248157, 49.894759001925593 ], [ -97.135182182527473, 49.89459720367423 ], [ -97.134453339790184, 49.894050467075019 ], [ -97.134098503817796, 49.893984068875845 ], [ -97.131639794702579, 49.893526797095468 ], [ -97.130274350052659, 49.89305387777754 ], [ -97.130084381407272, 49.892992080639672 ], [ -97.129947272162127, 49.892986211087013 ], [ -97.128550802888896, 49.892926588578113 ], [ -97.128295808994963, 49.89262355906763 ], [ -97.127886676962589, 49.892061185055169 ], [ -97.12766946560015, 49.891709967185271 ], [ -97.127666751047684, 49.891706595267685 ], [ -97.127394085756364, 49.891304734494923 ], [ -97.127101701171142, 49.891037431676409 ], [ -97.127029227738333, 49.890968044507858 ], [ -97.126654143749249, 49.890609013261887 ] ] ] } },
{ "type": "Feature", "properties": { "CTUID": "6020539.02", "greenspace_per_capita": 448.18650979843636 }, "geometry": { "type": "Polygon", "coordinates": [ [ [ -97.316659179374255, 49.881678394439412 ], [ -97.316614818031226, 49.882154501664395 ], [ -97.31636972007442, 49.884399704579053 ], [ -97.316134988014682, 49.886743889921114 ], [ -97.315902697755035, 49.889016300585673 ], [ -97.315651614026336, 49.89143220436349 ], [ -97.31563389562568, 49.89153989677321 ], [ -97.315567710744403, 49.892240608269645 ], [ -97.315419915758909, 49.893686610464989 ], [ -97.31537830245226, 49.894081793760456 ], [ -97.315285418499172, 49.89515079195106 ], [ -97.315219504780515, 49.895842493849123 ], [ -97.315195312400746, 49.896138901450101 ], [ -97.315201718171238, 49.896354891558943 ], [ -97.315126286597589, 49.896920493252182 ], [ -97.315005001246973, 49.89840289343482 ], [ -97.314980113727657, 49.898717295508376 ], [ -97.314970386477967, 49.898996010689778 ], [ -97.314509904331359, 49.899025301226139 ], [ -97.31276508486819, 49.899143913050317 ], [ -97.3120378973436, 49.899232189171407 ], [ -97.305785492850617, 49.899626703845229 ], [ -97.305860987524596, 49.895904891235013 ], [ -97.306096156348971, 49.894496704508242 ], [ -97.306313005307288, 49.891999792492363 ], [ -97.306325878835935, 49.891911229532269 ], [ -97.307090113932887, 49.886649786312084 ], [ -97.307143803443154, 49.886280207982544 ], [ -97.307144705697297, 49.885857394738167 ], [ -97.307253288761885, 49.8851394112788 ], [ -97.307197702985775, 49.883559343260181 ], [ -97.307170676810955, 49.882790313629968 ], [ -97.307460446367145, 49.882757186103909 ], [ -97.309754000254657, 49.882495412354906 ], [ -97.310606803009748, 49.882390891595762 ], [ -97.311109884103132, 49.882335295242072 ], [ -97.312535717900658, 49.882167192464344 ], [ -97.313877617457365, 49.882006802920131 ], [ -97.315247381719345, 49.881846788559173 ], [ -97.316659179374255, 49.881678394439412 ] ] ] } },
{ "type": "Feature", "properties": { "CTUID": "6020532.00", "greenspace_per_capita": 331.51468090051407 }, "geometry": { "type": "Polygon", "coordinates": [ [ [ -97.200865192955803, 49.890409192621476 ], [ -97.200910303066038, 49.890319888546301 ], [ -97.200943615637343, 49.889798687358805 ], [ -97.200904209326723, 49.889735208408695 ], [ -97.20101178121763, 49.88831800401389 ], [ -97.201040601613343, 49.88793829714465 ], [ -97.201075744349211, 49.887471807786348 ], [ -97.201092483160409, 49.887249704504157 ], [ -97.201093695746252, 49.887249793832268 ], [ -97.20120960903931, 49.887260103209698 ], [ -97.201785982557567, 49.887311407710392 ], [ -97.202501690912143, 49.887417007572552 ], [ -97.203051776648167, 49.887456076488171 ], [ -97.203063292968906, 49.887456899192955 ], [ -97.203730918558009, 49.887476309395595 ], [ -97.204397806694885, 49.887512800045791 ], [ -97.204955481591782, 49.887527107320359 ], [ -97.205815021443144, 49.887589508955287 ], [ -97.20606541326336, 49.88759340750822 ], [ -97.207025213286542, 49.88761718946769 ], [ -97.208415895416962, 49.887656687815017 ], [ -97.209444916900665, 49.887690596849176 ], [ -97.210584904907876, 49.887735192252393 ], [ -97.212128401976202, 49.887786007100438 ], [ -97.213143382899403, 49.887819607396651 ], [ -97.214366904074097, 49.887865509443664 ], [ -97.215604292429248, 49.887911494772119 ], [ -97.216827689779421, 49.887957295697653 ], [ -97.218065490805969, 49.887994407877002 ], [ -97.218844007036296, 49.888024305801579 ], [ -97.219220293003644, 49.888012102515027 ], [ -97.220416291659618, 49.888048488970355 ], [ -97.221556598194994, 49.88808388832485 ], [ -97.222654903566848, 49.888127798600671 ], [ -97.223753504158154, 49.888162601879543 ], [ -97.223529653660933, 49.889665932711473 ], [ -97.222926325724018, 49.889645165314008 ], [ -97.222521999748864, 49.889642357145192 ], [ -97.22229791943407, 49.889640815462514 ], [ -97.218920960053083, 49.890749947058382 ], [ -97.217769691606804, 49.891111110995112 ], [ -97.217413185467976, 49.894739492489194 ], [ -97.21493710781381, 49.894674498302578 ], [ -97.212600203495967, 49.894611490235405 ], [ -97.209970986314929, 49.894543894339506 ], [ -97.207717592755642, 49.894482100036896 ], [ -97.203101399501563, 49.894302690327201 ], [ -97.200570387857937, 49.894218491689884 ], [ -97.200842793359826, 49.891011509479974 ], [ -97.200847331517878, 49.890889154707914 ], [ -97.200865192955803, 49.890409192621476 ] ] ] } },
{ "type": "Feature", "properties": { "CTUID": "6020540.03", "greenspace_per_capita": 340.00431886854852 }, "geometry": { "type": "Polygon", "coordinates": [ [ [ -97.276855102769716, 49.901602989201265 ], [ -97.276950790453853, 49.900658900997861 ], [ -97.277055787519075, 49.900057808800867 ], [ -97.277201881434067, 49.899475303938715 ], [ -97.277276583313821, 49.899332509407586 ], [ -97.277677881104154, 49.895101892224041 ], [ -97.277698808339977, 49.894904298250886 ], [ -97.277825384673889, 49.89408771182751 ], [ -97.278061808117869, 49.891356711105558 ], [ -97.278153001336904, 49.890359587372778 ], [ -97.278203914761335, 49.889712810521353 ], [ -97.278238096249282, 49.888949001540425 ], [ -97.278198605309939, 49.888811803936328 ], [ -97.278175104365999, 49.888645297092729 ], [ -97.278192599729607, 49.888289510440046 ], [ -97.278207791052466, 49.887982999074516 ], [ -97.278211485644917, 49.887873894091335 ], [ -97.278395284882677, 49.886288502720809 ], [ -97.278533196670239, 49.884761391291335 ], [ -97.278611380019271, 49.88373719871128 ], [ -97.278699609911328, 49.882820993211723 ], [ -97.278792114685572, 49.881787999008033 ], [ -97.278861117013577, 49.880835067652249 ], [ -97.278874080738348, 49.880655795380399 ], [ -97.278881286813629, 49.880557544565171 ], [ -97.278888661278771, 49.880456930633791 ], [ -97.279021092744699, 49.880550433747679 ], [ -97.279219581536182, 49.880674620783907 ], [ -97.279354402165239, 49.880784391403786 ], [ -97.279502007419126, 49.880904579890235 ], [ -97.279674171220563, 49.881119819849204 ], [ -97.279726331407275, 49.881178041822068 ], [ -97.279772314021756, 49.881263454030574 ], [ -97.279855398523608, 49.881360944249913 ], [ -97.27990992008553, 49.88142977074979 ], [ -97.279963036774461, 49.88152888711128 ], [ -97.280110906487351, 49.881621331440982 ], [ -97.280227867309563, 49.881647941331835 ], [ -97.280437358965884, 49.881668027107708 ], [ -97.280606779997171, 49.881641122960495 ], [ -97.280751449715055, 49.881628982191174 ], [ -97.281013176691019, 49.881625079413006 ], [ -97.281315119979411, 49.881690480258165 ], [ -97.28169174007418, 49.881852099924743 ], [ -97.281857370810243, 49.881926826714619 ], [ -97.282140101618907, 49.882040103898341 ], [ -97.282287714886039, 49.882113883711845 ], [ -97.282377904311886, 49.882173577082568 ], [ -97.282451804996839, 49.882261484244594 ], [ -97.282537620596869, 49.882338672015464 ], [ -97.282602022275043, 49.882388302585291 ], [ -97.282671965104328, 49.882446241219846 ], [ -97.282737194338495, 49.882536075123156 ], [ -97.282767808864421, 49.882616307365737 ], [ -97.28276354582087, 49.882718587800738 ], [ -97.282911311373837, 49.882894404044926 ], [ -97.283032605684852, 49.882923772582259 ], [ -97.283143524287851, 49.882982477430389 ], [ -97.283240997550351, 49.883040009647488 ], [ -97.283274024574553, 49.883189096330327 ], [ -97.28325893805831, 49.88331065009195 ], [ -97.283180754297433, 49.883582764473175 ], [ -97.283186573211651, 49.883750139952745 ], [ -97.283286781808243, 49.883936236329234 ], [ -97.28337962842663, 49.884044180322562 ], [ -97.283532088973189, 49.884266686800238 ], [ -97.283624811843609, 49.884362169607712 ], [ -97.2837195610621, 49.884450866870559 ], [ -97.283770713743237, 49.884543805555325 ], [ -97.283749445673124, 49.884632202969179 ], [ -97.283684902595709, 49.884770609059338 ], [ -97.283580581113554, 49.88507518175004 ], [ -97.283559894480121, 49.88516434906272 ], [ -97.283606488973106, 49.885232784550851 ], [ -97.283724872807994, 49.885360660791761 ], [ -97.283935025887004, 49.885513144569714 ], [ -97.284458140576803, 49.885775345849815 ], [ -97.284584809263677, 49.885871361507952 ], [ -97.284704028389427, 49.88590130894093 ], [ -97.284949627596447, 49.886032952435784 ], [ -97.285198221980238, 49.886240557975327 ], [ -97.285336052751532, 49.886346485171934 ], [ -97.285491270879376, 49.886483088738764 ], [ -97.285682495527695, 49.886598589320961 ], [ -97.285922828686111, 49.886804218138941 ], [ -97.286036300147302, 49.886852743873099 ], [ -97.286198376223822, 49.886876134307215 ], [ -97.286311789590883, 49.886938450352787 ], [ -97.286545680247841, 49.887151029930756 ], [ -97.286635549363041, 49.887196356727145 ], [ -97.286949369067827, 49.88732666314904 ], [ -97.287054460413287, 49.887374770958175 ], [ -97.287047771263659, 49.887460141010045 ], [ -97.287047533377347, 49.887461369915897 ], [ -97.286986946468133, 49.887801044306457 ], [ -97.286979360808218, 49.888016810905398 ], [ -97.286978242920497, 49.888048327642231 ], [ -97.287013712320089, 49.888199403005089 ], [ -97.286890506363875, 49.888562710900324 ], [ -97.287121802204879, 49.889246123317726 ], [ -97.287480440490967, 49.890100686394263 ], [ -97.287854503015438, 49.89109356965524 ], [ -97.288097640837549, 49.891825120946997 ], [ -97.288131184182632, 49.892178049449079 ], [ -97.28823409371202, 49.892570737229491 ], [ -97.288644413137888, 49.893015213773936 ], [ -97.288873944127772, 49.89325229992204 ], [ -97.288962196876852, 49.893329481794133 ], [ -97.289080934765508, 49.893519059400575 ], [ -97.289044008215583, 49.893752696055785 ], [ -97.289065975832258, 49.893854283648636 ], [ -97.289095213538545, 49.893907303266772 ], [ -97.289177248430434, 49.894034029894378 ], [ -97.289276912485107, 49.894294013739682 ], [ -97.289500974404191, 49.894530237940288 ], [ -97.28976101697495, 49.894795051796542 ], [ -97.290086761959003, 49.895033732190889 ], [ -97.290548380035176, 49.895215500544069 ], [ -97.290699376575347, 49.895280473588009 ], [ -97.2909715813269, 49.895470966561206 ], [ -97.291511086541945, 49.895958256892357 ], [ -97.291653193893652, 49.896050131568018 ], [ -97.2922198141449, 49.896308615177418 ], [ -97.292616962588781, 49.896703498461143 ], [ -97.29283762088339, 49.897059264792581 ], [ -97.292887193549376, 49.897167218346119 ], [ -97.293388609917955, 49.897744871908436 ], [ -97.293906094311978, 49.898076297480003 ], [ -97.294834428281391, 49.898602679222996 ], [ -97.2949785596537, 49.898693378395791 ], [ -97.295317125707385, 49.898735693144644 ], [ -97.295752945512518, 49.898905106470608 ], [ -97.296033859196484, 49.899275855552155 ], [ -97.296256074818302, 49.899535119988542 ], [ -97.296677427928358, 49.899782057527716 ], [ -97.296940547305724, 49.900043483841444 ], [ -97.297168831362754, 49.900288623775872 ], [ -97.297243362548926, 49.900350573257299 ], [ -97.297322838809919, 49.900435635009323 ], [ -97.297366370292977, 49.900526590117494 ], [ -97.297327395244139, 49.900528356727449 ], [ -97.297322140257521, 49.900528595497967 ], [ -97.297269000810061, 49.90053106751904 ], [ -97.294184186845513, 49.90073766615302 ], [ -97.293793293481443, 49.900763349580181 ], [ -97.287616686180499, 49.901171464608332 ], [ -97.280518611411992, 49.901642052505402 ], [ -97.280492658655447, 49.90164387076986 ], [ -97.278766607313372, 49.901764560497462 ], [ -97.277107109100143, 49.901879148356471 ], [ -97.277105280078871, 49.901879249088232 ], [ -97.27709694376027, 49.901879811677418 ], [ -97.276828010600369, 49.901897752631179 ], [ -97.276817053414177, 49.901898485399293 ], [ -97.276843383216573, 49.901718697763755 ], [ -97.276855102769716, 49.901602989201265 ] ] ] } },
{ "type": "Feature", "properties": { "CTUID": "6020022.00", "greenspace_per_capita": 63.835593372903809 }, "geometry": { "type": "Polygon", "coordinates": [ [ [ -97.159030313449449, 49.888484006799416 ], [ -97.159015616733342, 49.888678411258269 ], [ -97.15886307960244, 49.890695671811621 ], [ -97.158693981122198, 49.892931195993079 ], [ -97.158444386412299, 49.896561207019097 ], [ -97.158236197447152, 49.899530009097283 ], [ -97.158200601041628, 49.900038400579994 ], [ -97.158114810275833, 49.900828598562562 ], [ -97.157965703867944, 49.901087099670455 ], [ -97.156782214829008, 49.900717500145113 ], [ -97.155447319812268, 49.900300508069186 ], [ -97.154442613081912, 49.899987601078507 ], [ -97.154167010086852, 49.899911288857055 ], [ -97.153355203254549, 49.899655495588718 ], [ -97.152942505611747, 49.899523009341614 ], [ -97.151677506555728, 49.899098098775056 ], [ -97.15197131342272, 49.89869800607967 ], [ -97.152034708787212, 49.898132287561204 ], [ -97.152059899298166, 49.897851602160522 ], [ -97.152204300114008, 49.896245992157063 ], [ -97.152286915569874, 49.895136003140614 ], [ -97.152318589605599, 49.894709695606238 ], [ -97.152194099585429, 49.893905001734076 ], [ -97.152162318765349, 49.893699803484871 ], [ -97.152065693220734, 49.893311489289616 ], [ -97.152013512101604, 49.893220696961997 ], [ -97.151739102844559, 49.892754194121494 ], [ -97.150758403725618, 49.891086809895043 ], [ -97.15092770957817, 49.891026596334484 ], [ -97.151743085850171, 49.890716208257551 ], [ -97.152651402880466, 49.890370396446471 ], [ -97.15300101562093, 49.890240990454522 ], [ -97.154049592149562, 49.889853011526206 ], [ -97.154296104451049, 49.889785299549182 ], [ -97.154419693264884, 49.889750610718536 ], [ -97.155217794177943, 49.889520807104908 ], [ -97.156203487643396, 49.889230590679226 ], [ -97.157012104508667, 49.88901820637814 ], [ -97.157444903907773, 49.888904502553764 ], [ -97.15762390202454, 49.888857488246146 ], [ -97.158326405095522, 49.888688698316798 ], [ -97.159030313449449, 49.888484006799416 ] ] ] } },
{ "type": "Feature", "properties": { "CTUID": "6020023.00", "greenspace_per_capita": 9.7624930158826366 }, "geometry": { "type": "Polygon", "coordinates": [ [ [ -97.150758403725618, 49.891086809895043 ], [ -97.151739102844559, 49.892754194121494 ], [ -97.152013512101604, 49.893220696961997 ], [ -97.152065693220734, 49.893311489289616 ], [ -97.152162318765349, 49.893699803484871 ], [ -97.152194099585429, 49.893905001734076 ], [ -97.152318589605599, 49.894709695606238 ], [ -97.152286915569874, 49.895136003140614 ], [ -97.152204300114008, 49.896245992157063 ], [ -97.152059899298166, 49.897851602160522 ], [ -97.152034708787212, 49.898132287561204 ], [ -97.15197131342272, 49.89869800607967 ], [ -97.151677506555728, 49.899098098775056 ], [ -97.150687506479969, 49.898767400034686 ], [ -97.149683012649675, 49.898454593860059 ], [ -97.148637288308393, 49.898123097398184 ], [ -97.147687689986398, 49.897828995613935 ], [ -97.146587114589181, 49.8974785994127 ], [ -97.145596487892362, 49.897165993866949 ], [ -97.144508890628714, 49.896842708957479 ], [ -97.143546095638555, 49.896530503815391 ], [ -97.14339469633596, 49.896483107110086 ], [ -97.142541991929747, 49.896208611677459 ], [ -97.141881884676465, 49.895991090232059 ], [ -97.141721716642294, 49.895938989441667 ], [ -97.141125517271874, 49.89574511085619 ], [ -97.140589709649987, 49.895556599453158 ], [ -97.139352117017211, 49.895149993216201 ], [ -97.139633907122928, 49.89506449448934 ], [ -97.141023315471472, 49.894564896231785 ], [ -97.142062295615759, 49.894194998161744 ], [ -97.143360814598594, 49.893738989312453 ], [ -97.144659684697075, 49.893274098428492 ], [ -97.145915712434316, 49.892835493134093 ], [ -97.147157787959728, 49.892396612396091 ], [ -97.148427990420075, 49.891949090485895 ], [ -97.14961441124187, 49.891509290280013 ], [ -97.150758403725618, 49.891086809895043 ] ] ] } },
{ "type": "Feature", "properties": { "CTUID": "6020117.00", "greenspace_per_capita": 870.31273223345499 }, "geometry": { "type": "Polygon", "coordinates": [ [ [ -97.104969049980497, 49.900650380609783 ], [ -97.10548313095012, 49.89943546753468 ], [ -97.105510561188424, 49.899362184843838 ], [ -97.105516243398156, 49.899343674685383 ], [ -97.10552715826698, 49.899308462850719 ], [ -97.105325515370538, 49.898943407725469 ], [ -97.105694064761579, 49.898674260995136 ], [ -97.105699339445579, 49.898539469397186 ], [ -97.105694536798822, 49.898305464059426 ], [ -97.105663357801731, 49.898035184004684 ], [ -97.105616867191827, 49.897800479668355 ], [ -97.105549267399596, 49.897570082233642 ], [ -97.105460638664638, 49.897343677038513 ], [ -97.104636545194069, 49.895810076187004 ], [ -97.104636439408878, 49.895809874930308 ], [ -97.103369388786376, 49.893324717831106 ], [ -97.103155962311988, 49.892907460990166 ], [ -97.103150842675873, 49.892897466760829 ], [ -97.10314608339614, 49.892888099867662 ], [ -97.10318243923885, 49.892880627482349 ], [ -97.103785496997489, 49.892756592282581 ], [ -97.105035210550909, 49.89248919431234 ], [ -97.105324076861052, 49.892527996505621 ], [ -97.105940038629072, 49.892494991469611 ], [ -97.10604790754725, 49.892489212447543 ], [ -97.106099762702982, 49.892542256615783 ], [ -97.106314914007569, 49.892589694459929 ], [ -97.106639228527797, 49.892647110648817 ], [ -97.106920755141275, 49.892691730826051 ], [ -97.107273005617245, 49.892643224405617 ], [ -97.107670524426538, 49.892551129381893 ], [ -97.108008918430528, 49.89241429106292 ], [ -97.108568221649179, 49.892265663771795 ], [ -97.109212435866311, 49.892154656610352 ], [ -97.109383237345881, 49.892173006500407 ], [ -97.109539075581921, 49.892147284240998 ], [ -97.110070417949032, 49.89207901932236 ], [ -97.111707793242445, 49.891868607903781 ], [ -97.112100394476087, 49.891623990125723 ], [ -97.11345242130767, 49.891232311658406 ], [ -97.11371113507856, 49.891164363633322 ], [ -97.114774716850675, 49.890885003835741 ], [ -97.116124786267264, 49.890538107025122 ], [ -97.117586897820118, 49.890175089605592 ], [ -97.119063313324432, 49.889803293328562 ], [ -97.124166992622847, 49.889598198589617 ], [ -97.12473764384896, 49.889474109860281 ], [ -97.125635493846076, 49.889359345304094 ], [ -97.125729808457763, 49.889586254204026 ], [ -97.126654143749249, 49.890609013261887 ], [ -97.127029227738333, 49.890968044507858 ], [ -97.127101701171142, 49.891037431676409 ], [ -97.127394085756364, 49.891304734494923 ], [ -97.127666751047684, 49.891706595267685 ], [ -97.12766946560015, 49.891709967185271 ], [ -97.127886676962589, 49.892061185055169 ], [ -97.128295808994963, 49.89262355906763 ], [ -97.128550802888896, 49.892926588578113 ], [ -97.128959035151325, 49.893373275049697 ], [ -97.130846146573504, 49.89543800016807 ], [ -97.131151111534322, 49.89594592660962 ], [ -97.131162654067111, 49.896109072710743 ], [ -97.131163738484005, 49.896124687594153 ], [ -97.131127748867584, 49.896281535782116 ], [ -97.131178833679499, 49.896401544291379 ], [ -97.131201503194944, 49.896444632893946 ], [ -97.131213270126423, 49.896501030378175 ], [ -97.131234809499716, 49.896573353099114 ], [ -97.131251251302956, 49.896688286872248 ], [ -97.131281013316013, 49.896729236747277 ], [ -97.131277637148216, 49.896906838508244 ], [ -97.131351901303461, 49.8970564339498 ], [ -97.131327780383614, 49.897231500911978 ], [ -97.131315803032265, 49.897269489128348 ], [ -97.131306870918934, 49.897410999509461 ], [ -97.131294452814643, 49.897552489857894 ], [ -97.131223216595274, 49.897683993677944 ], [ -97.131208717049958, 49.897699538534617 ], [ -97.13119622103261, 49.897843231536555 ], [ -97.131165487273293, 49.897916933287959 ], [ -97.131159777130662, 49.89797535386861 ], [ -97.131049318276851, 49.898130994915185 ], [ -97.131041458473064, 49.898153348079866 ], [ -97.130897850671005, 49.898265685678297 ], [ -97.13088011069992, 49.898274395200978 ], [ -97.130809170768842, 49.898399184464751 ], [ -97.130776813479997, 49.898425643465906 ], [ -97.130696572175822, 49.898521033168194 ], [ -97.130616435878736, 49.898611942850927 ], [ -97.130544014257211, 49.898684981447644 ], [ -97.130458285349391, 49.898739826943029 ], [ -97.130374809231824, 49.898828432516069 ], [ -97.130310170914257, 49.898879147773847 ], [ -97.130288462602095, 49.898901234190923 ], [ -97.129917352918156, 49.899135884489439 ], [ -97.129842093628099, 49.899190892733124 ], [ -97.129792139717836, 49.899221578720429 ], [ -97.129767314887829, 49.899234676382626 ], [ -97.129724669868963, 49.899256487644159 ], [ -97.12944099180632, 49.899389077166184 ], [ -97.129405364988571, 49.899410977879512 ], [ -97.129380500154156, 49.899424077583006 ], [ -97.129309500468409, 49.899458942520596 ], [ -97.129281139590006, 49.899471944968887 ], [ -97.129210247208462, 49.899504528116374 ], [ -97.128905004950013, 49.899654745998269 ], [ -97.128830662315039, 49.899687280889907 ], [ -97.128805868154956, 49.899698126552124 ], [ -97.128767014060998, 49.899713294384306 ], [ -97.128586616286285, 49.899786786793861 ], [ -97.128472745986002, 49.899850146636794 ], [ -97.128363204446643, 49.89989108382445 ], [ -97.128278648902764, 49.899916742474062 ], [ -97.12823277437306, 49.899933993036122 ], [ -97.12814821536233, 49.89995962589088 ], [ -97.127983064408596, 49.8999996870403 ], [ -97.127877452927947, 49.900029447174852 ], [ -97.127796639242121, 49.900048387470378 ], [ -97.127701320471573, 49.900082846483876 ], [ -97.127599201311256, 49.900112677931368 ], [ -97.127493150943138, 49.900153685795168 ], [ -97.12744381770554, 49.900168638298197 ], [ -97.127289307131306, 49.900202076482373 ], [ -97.127204497168762, 49.900234498102698 ], [ -97.127116594801691, 49.900257800307344 ], [ -97.126964044305097, 49.900331790067547 ], [ -97.126851417647387, 49.900363683348246 ], [ -97.12674599304934, 49.900388983725861 ], [ -97.12660577648424, 49.90041368962823 ], [ -97.126524850537535, 49.900434884947586 ], [ -97.126390952145101, 49.900475442685483 ], [ -97.126313922689306, 49.90048768744515 ], [ -97.126197947963448, 49.900515026203436 ], [ -97.126149021107864, 49.900520981723091 ], [ -97.126096450756478, 49.900529123729811 ], [ -97.126068240362557, 49.900537694534854 ], [ -97.125900398616025, 49.900557438246523 ], [ -97.125639917998356, 49.900631927107248 ], [ -97.125433068686846, 49.90066909483388 ], [ -97.125316511506156, 49.900712188542016 ], [ -97.125099739703273, 49.900735687703502 ], [ -97.124787709446011, 49.900791337380184 ], [ -97.124616376550364, 49.900811032901309 ], [ -97.124518074245771, 49.900831940841471 ], [ -97.124426565245756, 49.900857425020611 ], [ -97.124199467885603, 49.900878474569858 ], [ -97.124010940461432, 49.900891174967668 ], [ -97.123902495744971, 49.900905124655125 ], [ -97.123807760248098, 49.900923875402817 ], [ -97.123415013193679, 49.900906224034479 ], [ -97.123356502462698, 49.900889595062644 ], [ -97.123154603807322, 49.900888577542972 ], [ -97.123033380044475, 49.900873131061402 ], [ -97.122888048462471, 49.900848292670887 ], [ -97.122762632075663, 49.900850734714673 ], [ -97.122669726136891, 49.900822237908201 ], [ -97.122492441826139, 49.900814884825309 ], [ -97.122339922509099, 49.900798939138973 ], [ -97.122298516491924, 49.900789231133402 ], [ -97.122169642379575, 49.900789374528259 ], [ -97.122068400363162, 49.900796729737969 ], [ -97.121905155525369, 49.900787383209028 ], [ -97.121620058726819, 49.900778294899879 ], [ -97.121435571641229, 49.90077753232714 ], [ -97.121342226778822, 49.900760282401563 ], [ -97.121123243399296, 49.900749984420571 ], [ -97.121008594660822, 49.900743649778711 ], [ -97.120946361520566, 49.90073358084274 ], [ -97.12089772936271, 49.900730595173542 ], [ -97.120675296535836, 49.900720247913434 ], [ -97.120518798911675, 49.900715426433003 ], [ -97.120285859501678, 49.90070714019123 ], [ -97.12012554671098, 49.900711289675996 ], [ -97.11988845967484, 49.900720940472652 ], [ -97.119798980568518, 49.900694792448043 ], [ -97.119527874569954, 49.900683631084689 ], [ -97.119253314312516, 49.900670196663512 ], [ -97.119194724174164, 49.900655742080872 ], [ -97.119087380957581, 49.900640479875911 ], [ -97.119059606367088, 49.900637774878234 ], [ -97.118948999734897, 49.900617979917925 ], [ -97.118643184046647, 49.900604042191887 ], [ -97.118260654750856, 49.900591074565796 ], [ -97.11814916686572, 49.900593774920502 ], [ -97.118017405826038, 49.900580437423706 ], [ -97.117812127459885, 49.900577080971708 ], [ -97.117728958541264, 49.900566732406553 ], [ -97.117562108144469, 49.90055953707477 ], [ -97.117461568234816, 49.900548926967751 ], [ -97.117382146945175, 49.900531886229729 ], [ -97.117257358701181, 49.900518588908042 ], [ -97.117181057535305, 49.90051058848659 ], [ -97.117115081452852, 49.900507234694103 ], [ -97.117042462779935, 49.900494847579672 ], [ -97.116903344082075, 49.900490333136794 ], [ -97.116767058557016, 49.900503874615161 ], [ -97.116472522564464, 49.900467628499641 ], [ -97.11633759633456, 49.900445199011649 ], [ -97.116257770792146, 49.900439377651573 ], [ -97.116198959064931, 49.900429433358887 ], [ -97.115979946777585, 49.900421375732947 ], [ -97.115941820192347, 49.900418498801557 ], [ -97.115899981153717, 49.900420087580891 ], [ -97.115677551267339, 49.900409729043211 ], [ -97.115375109581962, 49.900398032175481 ], [ -97.115309022293005, 49.900396933203361 ], [ -97.115208371822987, 49.900388576830835 ], [ -97.115134863946935, 49.900398633107876 ], [ -97.114915927109124, 49.90038834489917 ], [ -97.114833014447854, 49.900371230058404 ], [ -97.114614006027338, 49.900363195083358 ], [ -97.114391616541752, 49.900352831518873 ], [ -97.11416911557113, 49.900344723479868 ], [ -97.114092560062375, 49.900343484504077 ], [ -97.114015929432696, 49.90034447368474 ], [ -97.1137826265021, 49.900345191931052 ], [ -97.113622573100471, 49.900342592678207 ], [ -97.113451200246047, 49.900362296553219 ], [ -97.113284430966047, 49.900355089731228 ], [ -97.113159162571563, 49.90035303742166 ], [ -97.113103327014727, 49.900356639690187 ], [ -97.113033710638987, 49.900355494881374 ], [ -97.112894258915219, 49.900359941136223 ], [ -97.112754807161338, 49.900364387193633 ], [ -97.112583689315656, 49.900377325729309 ], [ -97.112545342923738, 49.900378985222126 ], [ -97.112444100196797, 49.900386330526437 ], [ -97.112325000912378, 49.900404637996829 ], [ -97.112139673684197, 49.900426377717437 ], [ -97.111950410942967, 49.900459293001113 ], [ -97.111873708090954, 49.900462534417741 ], [ -97.11156199623079, 49.900509175772257 ], [ -97.111474159670223, 49.900530235819794 ], [ -97.111312846134112, 49.900559097440173 ], [ -97.11124969362703, 49.900571546339023 ], [ -97.111176296216925, 49.900579343641631 ], [ -97.110986513865782, 49.900625733381005 ], [ -97.110923804018142, 49.900626933999376 ], [ -97.110680898274424, 49.900668399806655 ], [ -97.1105509879485, 49.900695480578186 ], [ -97.110496248696009, 49.900717359511987 ], [ -97.110346870753546, 49.900779436807852 ], [ -97.11030462458244, 49.900792243479621 ], [ -97.110158094886486, 49.900888798690126 ], [ -97.11001660608072, 49.900944945668172 ], [ -97.109899286503008, 49.901005983838829 ], [ -97.109742510260233, 49.901097886804514 ], [ -97.109674055232801, 49.901157480926862 ], [ -97.109460219582473, 49.901284446358503 ], [ -97.109280941447111, 49.901416446880084 ], [ -97.109244970667589, 49.901447332521734 ], [ -97.10918720912214, 49.901500381424789 ], [ -97.109096255775185, 49.901600099081492 ], [ -97.10900025603506, 49.901740199103408 ], [ -97.108941038484758, 49.901829145534833 ], [ -97.108921670293427, 49.901880585508117 ], [ -97.108911873222056, 49.901952386111198 ], [ -97.108892905312061, 49.901992554416559 ], [ -97.108832065035131, 49.90212423519516 ], [ -97.108766501435682, 49.90219738176927 ], [ -97.108740294623644, 49.902244195081792 ], [ -97.108724257348683, 49.9022978884624 ], [ -97.10866416271422, 49.9024992815378 ], [ -97.108620505008219, 49.902548034521182 ], [ -97.108608748723086, 49.902637397179291 ], [ -97.108607246316453, 49.902694220451615 ], [ -97.108533357693972, 49.902690067314239 ], [ -97.108526859303453, 49.902689663976055 ], [ -97.108419858842822, 49.902683656442093 ], [ -97.106891265954133, 49.902597678731745 ], [ -97.106634253186868, 49.902579962282395 ], [ -97.106516483787544, 49.902564569848948 ], [ -97.106363428231774, 49.902542213933941 ], [ -97.10635820620665, 49.902541457899517 ], [ -97.106343431510851, 49.90253927157385 ], [ -97.10627433461238, 49.902524671309983 ], [ -97.106245668242806, 49.902519061857156 ], [ -97.106238279628073, 49.902517645469516 ], [ -97.106233518441442, 49.902516735540281 ], [ -97.106232945230815, 49.902516636793507 ], [ -97.106198338062725, 49.902509973400072 ], [ -97.106018850115035, 49.902470974291134 ], [ -97.105661345186476, 49.902352783625851 ], [ -97.105414842152001, 49.902245277349877 ], [ -97.105183056139495, 49.902120071713867 ], [ -97.105008660524433, 49.901950761891662 ], [ -97.104915955606401, 49.901827865164464 ], [ -97.104818939402847, 49.901637386423715 ], [ -97.104775345426887, 49.901506181739812 ], [ -97.104755447626687, 49.901303470964066 ], [ -97.104784263635409, 49.901101577143109 ], [ -97.104831352350203, 49.900967477856398 ], [ -97.104969049980497, 49.900650380609783 ] ] ] } },
{ "type": "Feature", "properties": { "CTUID": "6020540.01", "greenspace_per_capita": 621.239379821949 }, "geometry": { "type": "Polygon", "coordinates": [ [ [ -97.289080934765508, 49.893519059400575 ], [ -97.288962196876852, 49.893329481794133 ], [ -97.289006282913789, 49.89329980881093 ], [ -97.289190090644524, 49.893221498742655 ], [ -97.289402298285992, 49.893125711431473 ], [ -97.289739500403357, 49.893040690300275 ], [ -97.289950502094825, 49.892980899233905 ], [ -97.290482084028682, 49.892907802966725 ], [ -97.290844006115293, 49.892913089733305 ], [ -97.292526179197054, 49.892982888604379 ], [ -97.293833113345755, 49.893038109361434 ], [ -97.295543582324854, 49.893099205828719 ], [ -97.297156611243238, 49.893158908647266 ], [ -97.299505912629428, 49.892869587319929 ], [ -97.300974414250305, 49.892684201300533 ], [ -97.304163101963638, 49.892281190926802 ], [ -97.306313005307288, 49.891999792492363 ], [ -97.306096156348971, 49.894496704508242 ], [ -97.305860987524596, 49.895904891235013 ], [ -97.305785492850617, 49.899626703845229 ], [ -97.305749911418332, 49.899899086262742 ], [ -97.305740544037306, 49.899970642195235 ], [ -97.305678823791823, 49.899975146091172 ], [ -97.302868900507164, 49.9001761392731 ], [ -97.302858703059741, 49.900176858811065 ], [ -97.301044820838015, 49.900280661836845 ], [ -97.297495508216727, 49.900520666758837 ], [ -97.297492208225563, 49.900520849196312 ], [ -97.297366370292977, 49.900526590117494 ], [ -97.297322838809919, 49.900435635009323 ], [ -97.297243362548926, 49.900350573257299 ], [ -97.297168831362754, 49.900288623775872 ], [ -97.296940547305724, 49.900043483841444 ], [ -97.296677427928358, 49.899782057527716 ], [ -97.296256074818302, 49.899535119988542 ], [ -97.296033859196484, 49.899275855552155 ], [ -97.295752945512518, 49.898905106470608 ], [ -97.295317125707385, 49.898735693144644 ], [ -97.2949785596537, 49.898693378395791 ], [ -97.294834428281391, 49.898602679222996 ], [ -97.293906094311978, 49.898076297480003 ], [ -97.293388609917955, 49.897744871908436 ], [ -97.292887193549376, 49.897167218346119 ], [ -97.29283762088339, 49.897059264792581 ], [ -97.292616962588781, 49.896703498461143 ], [ -97.2922198141449, 49.896308615177418 ], [ -97.291653193893652, 49.896050131568018 ], [ -97.291511086541945, 49.895958256892357 ], [ -97.2909715813269, 49.895470966561206 ], [ -97.290699376575347, 49.895280473588009 ], [ -97.290548380035176, 49.895215500544069 ], [ -97.290086761959003, 49.895033732190889 ], [ -97.28976101697495, 49.894795051796542 ], [ -97.289500974404191, 49.894530237940288 ], [ -97.289276912485107, 49.894294013739682 ], [ -97.289177248430434, 49.894034029894378 ], [ -97.289095213538545, 49.893907303266772 ], [ -97.289065975832258, 49.893854283648636 ], [ -97.289044008215583, 49.893752696055785 ], [ -97.289080934765508, 49.893519059400575 ] ] ] } },
{ "type": "Feature", "properties": { "CTUID": "6020120.05", "greenspace_per_capita": 264.16080331001399 }, "geometry": { "type": "Polygon", "coordinates": [ [ [ -96.959096618627242, 49.893986107633332 ], [ -96.95909953606423, 49.893179422031459 ], [ -96.960758655405314, 49.89321442341943 ], [ -96.963974733477826, 49.893282222088416 ], [ -96.966506186666052, 49.893335499615297 ], [ -96.968193813579319, 49.893370991065581 ], [ -96.968380408367096, 49.893371903493488 ], [ -96.978819005981151, 49.893424389380023 ], [ -96.980113402606918, 49.893437989483246 ], [ -96.980175917976226, 49.893942789596508 ], [ -96.980159515658485, 49.896002397986337 ], [ -96.978808288384329, 49.8960148939791 ], [ -96.978822588951786, 49.896338900161936 ], [ -96.978881583093198, 49.896591798984346 ], [ -96.97911630214027, 49.896973688413659 ], [ -96.979620283929265, 49.897576203172299 ], [ -96.979723011503751, 49.897784911115288 ], [ -96.979783608205793, 49.898001810683269 ], [ -96.979814809516782, 49.899719812065101 ], [ -96.979825783943767, 49.900323292070645 ], [ -96.979810338563496, 49.900694724160466 ], [ -96.979803692856819, 49.900853607937741 ], [ -96.978141988511624, 49.900839006787649 ], [ -96.97771551468027, 49.900835202734278 ], [ -96.976476581471672, 49.900822604973392 ], [ -96.975265484035262, 49.900810406307265 ], [ -96.973789712689367, 49.900802588641312 ], [ -96.972314187199828, 49.900785789185576 ], [ -96.969975188513772, 49.900771900069337 ], [ -96.968485382779534, 49.900763801022123 ], [ -96.968332319170102, 49.900761094433513 ], [ -96.968040109462635, 49.90075588890344 ], [ -96.967066391082426, 49.900729895272775 ], [ -96.965549109105041, 49.900712291877142 ], [ -96.964046191817033, 49.900685904063131 ], [ -96.962820897589964, 49.900682305140016 ], [ -96.961039589098263, 49.900650993346694 ], [ -96.959465984953553, 49.900668409343503 ], [ -96.959259389141906, 49.899935991955992 ], [ -96.95910818818362, 49.898898895785649 ], [ -96.959082605497144, 49.897855008780979 ], [ -96.959096618627242, 49.893986107633332 ] ] ] } },
{ "type": "Feature", "properties": { "CTUID": "6020028.00", "greenspace_per_capita": 42.114421128931411 }, "geometry": { "type": "Polygon", "coordinates": [ [ [ -97.158693981122198, 49.892931195993079 ], [ -97.16015411097041, 49.89298140209727 ], [ -97.160821713115524, 49.893001005212803 ], [ -97.16198990364424, 49.893037510850391 ], [ -97.163032887356835, 49.893072011674569 ], [ -97.164173286728982, 49.893108101991885 ], [ -97.165313997266708, 49.893135110058516 ], [ -97.166370510297696, 49.893178803663112 ], [ -97.166164602790673, 49.89677359184595 ], [ -97.165924503341145, 49.900169894236534 ], [ -97.165692380992112, 49.903350401456912 ], [ -97.165671711389507, 49.903530009620845 ], [ -97.164859721658289, 49.903274310108934 ], [ -97.164433417026956, 49.903132590464509 ], [ -97.163304981902414, 49.902772894846734 ], [ -97.162431893147598, 49.902491296052851 ], [ -97.161750406038465, 49.902271500860699 ], [ -97.160552880361337, 49.901901689224566 ], [ -97.159137993106711, 49.901455996687304 ], [ -97.158928999329788, 49.90139020438059 ], [ -97.158309899107635, 49.901191495376175 ], [ -97.157965703867944, 49.901087099670455 ], [ -97.158114810275833, 49.900828598562562 ], [ -97.158200601041628, 49.900038400579994 ], [ -97.158236197447152, 49.899530009097283 ], [ -97.158444386412299, 49.896561207019097 ], [ -97.158693981122198, 49.892931195993079 ] ] ] } },
{ "type": "Feature", "properties": { "CTUID": "6020539.01", "greenspace_per_capita": 6858.2793254988674 }, "geometry": { "type": "Polygon", "coordinates": [ [ [ -97.263810821478401, 49.916020287203537 ], [ -97.264190907669573, 49.911519362858108 ], [ -97.264312002969788, 49.910085161224501 ], [ -97.264364682998689, 49.909393354980402 ], [ -97.264506596586216, 49.908545471289415 ], [ -97.264749300272229, 49.90779806182536 ], [ -97.264944106420629, 49.907400157029329 ], [ -97.264989814387661, 49.907306846821072 ], [ -97.265600988378154, 49.906380565369155 ], [ -97.266356091156879, 49.905519372271904 ], [ -97.267233410162731, 49.904745462057626 ], [ -97.267933104838107, 49.904261154519439 ], [ -97.2688646832475, 49.903721848316259 ], [ -97.26977141718632, 49.903290166792537 ], [ -97.270612077453251, 49.902951952019606 ], [ -97.271563182472491, 49.902642265419694 ], [ -97.271774794701301, 49.902568952694899 ], [ -97.272217179151824, 49.902463152542133 ], [ -97.274019809155561, 49.902098771247715 ], [ -97.275046518200639, 49.902010564497395 ], [ -97.276212187992328, 49.901928948612685 ], [ -97.27621921064825, 49.901929053412204 ], [ -97.276553918393816, 49.90191605454504 ], [ -97.276817053414177, 49.901898485399293 ], [ -97.276828010600369, 49.901897752631179 ], [ -97.27709694376027, 49.901879811677418 ], [ -97.277105280078871, 49.901879249088232 ], [ -97.277107109100143, 49.901879148356471 ], [ -97.278766607313372, 49.901764560497462 ], [ -97.280492658655447, 49.90164387076986 ], [ -97.280518611411992, 49.901642052505402 ], [ -97.287616686180499, 49.901171464608332 ], [ -97.293793293481443, 49.900763349580181 ], [ -97.294184186845513, 49.90073766615302 ], [ -97.297269000810061, 49.90053106751904 ], [ -97.297322140257521, 49.900528595497967 ], [ -97.297327395244139, 49.900528356727449 ], [ -97.297366370292977, 49.900526590117494 ], [ -97.297492208225563, 49.900520849196312 ], [ -97.297495508216727, 49.900520666758837 ], [ -97.301044820838015, 49.900280661836845 ], [ -97.302858703059741, 49.900176858811065 ], [ -97.302868900507164, 49.9001761392731 ], [ -97.305678823791823, 49.899975146091172 ], [ -97.305740544037306, 49.899970642195235 ], [ -97.305749911418332, 49.899899086262742 ], [ -97.305785492850617, 49.899626703845229 ], [ -97.3120378973436, 49.899232189171407 ], [ -97.31276508486819, 49.899143913050317 ], [ -97.314509904331359, 49.899025301226139 ], [ -97.314970386477967, 49.898996010689778 ], [ -97.314980113727657, 49.898717295508376 ], [ -97.315005001246973, 49.89840289343482 ], [ -97.315126286597589, 49.896920493252182 ], [ -97.315201718171238, 49.896354891558943 ], [ -97.315195312400746, 49.896138901450101 ], [ -97.315219504780515, 49.895842493849123 ], [ -97.315285418499172, 49.89515079195106 ], [ -97.31537830245226, 49.894081793760456 ], [ -97.315419915758909, 49.893686610464989 ], [ -97.315567710744403, 49.892240608269645 ], [ -97.31563389562568, 49.89153989677321 ], [ -97.315651614026336, 49.89143220436349 ], [ -97.315902697755035, 49.889016300585673 ], [ -97.316134988014682, 49.886743889921114 ], [ -97.31636972007442, 49.884399704579053 ], [ -97.316614818031226, 49.882154501664395 ], [ -97.316659179374255, 49.881678394439412 ], [ -97.316785105034185, 49.881662299653954 ], [ -97.318098804113006, 49.881510400633459 ], [ -97.319301000425824, 49.881365994651752 ], [ -97.32008388427208, 49.881269411008404 ], [ -97.320908515286973, 49.881173399318904 ], [ -97.32115808862325, 49.881145489729548 ], [ -97.321322017096563, 49.881127096887688 ], [ -97.321385998708905, 49.881119946980164 ], [ -97.32169110686992, 49.881085795047767 ], [ -97.322645137309792, 49.880970680272881 ], [ -97.322708020318316, 49.880963099030168 ], [ -97.324221217863126, 49.880780603788814 ], [ -97.324786990947985, 49.880715010048576 ], [ -97.324974608201217, 49.880693250593978 ], [ -97.325325283488894, 49.880652596243152 ], [ -97.325417002583052, 49.880640305968647 ], [ -97.325507116288506, 49.880628285934016 ], [ -97.325525289170116, 49.880502590432492 ], [ -97.325550111064061, 49.880188100820675 ], [ -97.325574903097163, 49.879873690792742 ], [ -97.325747506595661, 49.878104205929333 ], [ -97.326105815391188, 49.87498809643526 ], [ -97.326294500557069, 49.871140992563433 ], [ -97.325930586050717, 49.869588596412044 ], [ -97.325906496084272, 49.869480388007126 ], [ -97.325788547731023, 49.868930464375616 ], [ -97.327511077027125, 49.868324142110382 ], [ -97.329855136386755, 49.867722828603561 ], [ -97.331603218796502, 49.867376605031907 ], [ -97.336582224089497, 49.865939134736067 ], [ -97.339593185804688, 49.865323125420353 ], [ -97.339548737799007, 49.865834829904379 ], [ -97.338897879144724, 49.867388788497891 ], [ -97.338846898318153, 49.867921502298969 ], [ -97.338782109230451, 49.868595189502642 ], [ -97.3386492137613, 49.869627709397108 ], [ -97.338365705556058, 49.872478011648468 ], [ -97.338052306138067, 49.875628990695738 ], [ -97.337756699065537, 49.87860080094908 ], [ -97.33776781275175, 49.879086691901527 ], [ -97.337920987237624, 49.879068197318212 ], [ -97.33982689127869, 49.878838505433023 ], [ -97.341147007450758, 49.878679310459383 ], [ -97.342364888609339, 49.878532498872758 ], [ -97.343810004445658, 49.878358302619205 ], [ -97.345806897442074, 49.878117595574899 ], [ -97.346606017767542, 49.878021311880474 ], [ -97.3451071630965, 49.89626530055353 ], [ -97.345009159765738, 49.897152457359105 ], [ -97.344952983585088, 49.897656831554706 ], [ -97.344886013200451, 49.898443616809963 ], [ -97.341573987582336, 49.898508393019114 ], [ -97.337891784506027, 49.898580405257661 ], [ -97.335563982799016, 49.898645902893463 ], [ -97.335523837127894, 49.89864368834079 ], [ -97.335341597629778, 49.898633707359039 ], [ -97.331703987686424, 49.898725304431885 ], [ -97.325489616189003, 49.898833596722191 ], [ -97.324515416175529, 49.89881958927424 ], [ -97.323567101030349, 49.898859806239479 ], [ -97.322258716254026, 49.8988409027221 ], [ -97.321952508072684, 49.898836488674718 ], [ -97.321912817357841, 49.899177691358815 ], [ -97.32090631448979, 49.909318310990315 ], [ -97.320679499439493, 49.911437796419975 ], [ -97.320420697245254, 49.912873203061757 ], [ -97.319587097384442, 49.916818903965392 ], [ -97.3192306092091, 49.918657706519319 ], [ -97.319099104639207, 49.919636195741582 ], [ -97.31910350555782, 49.921111387391079 ], [ -97.31931771590385, 49.922562708846534 ], [ -97.319426216227654, 49.923049988626431 ], [ -97.320095592211615, 49.925434291256217 ], [ -97.320379808944239, 49.92687761161551 ], [ -97.320399548317795, 49.927257641558228 ], [ -97.320189601979379, 49.927258993561225 ], [ -97.320226715233403, 49.927675911248116 ], [ -97.320230387071206, 49.928776010011738 ], [ -97.319815508031311, 49.928756882086283 ], [ -97.319632918310973, 49.928744011364238 ], [ -97.318731603570626, 49.928735124736527 ], [ -97.318488768275373, 49.928732734438285 ], [ -97.30993205924149, 49.928749884361579 ], [ -97.305534856324456, 49.928811649871463 ], [ -97.301918514202129, 49.928866521727393 ], [ -97.299783397521153, 49.928898850204 ], [ -97.298160247003111, 49.928881369658548 ], [ -97.298266596272981, 49.931259503989416 ], [ -97.284081424424016, 49.931244987873001 ], [ -97.283633711212147, 49.931244488188852 ], [ -97.280876127076596, 49.931241416487573 ], [ -97.274648285925338, 49.931234203648323 ], [ -97.262578068140584, 49.931220309045457 ], [ -97.262528604583551, 49.931220256019351 ], [ -97.262528700399955, 49.931218853747673 ], [ -97.262778562464135, 49.928252867097989 ], [ -97.263102845342587, 49.924402643037588 ], [ -97.263112104893878, 49.924292548945836 ], [ -97.26381082147897, 49.916020287208653 ], [ -97.263810821477961, 49.916020287208653 ], [ -97.263810821478401, 49.916020287203537 ] ] ] } },
{ "type": "Feature", "properties": { "CTUID": "6020024.00", "greenspace_per_capita": 292.10753061981717 }, "geometry": { "type": "Polygon", "coordinates": [ [ [ -97.109096255775185, 49.901600099081492 ], [ -97.10918720912214, 49.901500381424789 ], [ -97.109244970667589, 49.901447332521734 ], [ -97.109280941447111, 49.901416446880084 ], [ -97.109460219582473, 49.901284446358503 ], [ -97.109674055232801, 49.901157480926862 ], [ -97.109742510260233, 49.901097886804514 ], [ -97.109899286503008, 49.901005983838829 ], [ -97.11001660608072, 49.900944945668172 ], [ -97.110158094886486, 49.900888798690126 ], [ -97.11030462458244, 49.900792243479621 ], [ -97.110346870753546, 49.900779436807852 ], [ -97.110496248696009, 49.900717359511987 ], [ -97.1105509879485, 49.900695480578186 ], [ -97.110680898274424, 49.900668399806655 ], [ -97.110923804018142, 49.900626933999376 ], [ -97.110986513865782, 49.900625733381005 ], [ -97.111176296216925, 49.900579343641631 ], [ -97.11124969362703, 49.900571546339023 ], [ -97.111312846134112, 49.900559097440173 ], [ -97.111474159670223, 49.900530235819794 ], [ -97.11156199623079, 49.900509175772257 ], [ -97.111873708090954, 49.900462534417741 ], [ -97.111950410942967, 49.900459293001113 ], [ -97.112139673684197, 49.900426377717437 ], [ -97.112325000912378, 49.900404637996829 ], [ -97.112444100196797, 49.900386330526437 ], [ -97.112545342923738, 49.900378985222126 ], [ -97.112583689315656, 49.900377325729309 ], [ -97.112754807161338, 49.900364387193633 ], [ -97.112894258915219, 49.900359941136223 ], [ -97.113033710638987, 49.900355494881374 ], [ -97.113103327014727, 49.900356639690187 ], [ -97.113159162571563, 49.90035303742166 ], [ -97.113284430966047, 49.900355089731228 ], [ -97.113451200246047, 49.900362296553219 ], [ -97.113622573100471, 49.900342592678207 ], [ -97.1137826265021, 49.900345191931052 ], [ -97.114015929432696, 49.90034447368474 ], [ -97.114092560062375, 49.900343484504077 ], [ -97.11416911557113, 49.900344723479868 ], [ -97.114391616541752, 49.900352831518873 ], [ -97.114614006027338, 49.900363195083358 ], [ -97.114833014447854, 49.900371230058404 ], [ -97.114915927109124, 49.90038834489917 ], [ -97.115134863946935, 49.900398633107876 ], [ -97.115208371822987, 49.900388576830835 ], [ -97.115309022293005, 49.900396933203361 ], [ -97.115375109581962, 49.900398032175481 ], [ -97.115677551267339, 49.900409729043211 ], [ -97.115899981153717, 49.900420087580891 ], [ -97.115941820192347, 49.900418498801557 ], [ -97.115979946777585, 49.900421375732947 ], [ -97.116198959064931, 49.900429433358887 ], [ -97.116257770792146, 49.900439377651573 ], [ -97.11633759633456, 49.900445199011649 ], [ -97.116472522564464, 49.900467628499641 ], [ -97.116767058557016, 49.900503874615161 ], [ -97.116903344082075, 49.900490333136794 ], [ -97.117042462779935, 49.900494847579672 ], [ -97.117115081452852, 49.900507234694103 ], [ -97.117181057535305, 49.90051058848659 ], [ -97.117257358701181, 49.900518588908042 ], [ -97.117382146945175, 49.900531886229729 ], [ -97.117461568234816, 49.900548926967751 ], [ -97.117562108144469, 49.90055953707477 ], [ -97.117728958541264, 49.900566732406553 ], [ -97.117812127459885, 49.900577080971708 ], [ -97.118017405826038, 49.900580437423706 ], [ -97.11814916686572, 49.900593774920502 ], [ -97.118260654750856, 49.900591074565796 ], [ -97.118643184046647, 49.900604042191887 ], [ -97.118948999734897, 49.900617979917925 ], [ -97.119059606367088, 49.900637774878234 ], [ -97.119087380957581, 49.900640479875911 ], [ -97.119194724174164, 49.900655742080872 ], [ -97.119253314312516, 49.900670196663512 ], [ -97.119527874569954, 49.900683631084689 ], [ -97.119798980568518, 49.900694792448043 ], [ -97.11988845967484, 49.900720940472652 ], [ -97.12012554671098, 49.900711289675996 ], [ -97.120285859501678, 49.90070714019123 ], [ -97.120518798911675, 49.900715426433003 ], [ -97.120675296535836, 49.900720247913434 ], [ -97.12089772936271, 49.900730595173542 ], [ -97.120946361520566, 49.90073358084274 ], [ -97.121008594660822, 49.900743649778711 ], [ -97.121123243399296, 49.900749984420571 ], [ -97.121342226778822, 49.900760282401563 ], [ -97.121435571641229, 49.90077753232714 ], [ -97.121620058726819, 49.900778294899879 ], [ -97.121905155525369, 49.900787383209028 ], [ -97.122068400363162, 49.900796729737969 ], [ -97.122169642379575, 49.900789374528259 ], [ -97.122298516491924, 49.900789231133402 ], [ -97.122339922509099, 49.900798939138973 ], [ -97.122492441826139, 49.900814884825309 ], [ -97.122669726136891, 49.900822237908201 ], [ -97.122762632075663, 49.900850734714673 ], [ -97.122888048462471, 49.900848292670887 ], [ -97.123033380044475, 49.900873131061402 ], [ -97.123154603807322, 49.900888577542972 ], [ -97.123356502462698, 49.900889595062644 ], [ -97.123415013193679, 49.900906224034479 ], [ -97.123807760248098, 49.900923875402817 ], [ -97.123902495744971, 49.900905124655125 ], [ -97.124010940461432, 49.900891174967668 ], [ -97.124199467885603, 49.900878474569858 ], [ -97.124426565245756, 49.900857425020611 ], [ -97.124518074245771, 49.900831940841471 ], [ -97.124616376550364, 49.900811032901309 ], [ -97.124787709446011, 49.900791337380184 ], [ -97.125099739703273, 49.900735687703502 ], [ -97.125316511506156, 49.900712188542016 ], [ -97.125433068686846, 49.90066909483388 ], [ -97.125639917998356, 49.900631927107248 ], [ -97.125900398616025, 49.900557438246523 ], [ -97.126068240362557, 49.900537694534854 ], [ -97.126096450756478, 49.900529123729811 ], [ -97.126149021107864, 49.900520981723091 ], [ -97.126197947963448, 49.900515026203436 ], [ -97.126313922689306, 49.90048768744515 ], [ -97.126390952145101, 49.900475442685483 ], [ -97.126524850537535, 49.900434884947586 ], [ -97.12660577648424, 49.90041368962823 ], [ -97.12674599304934, 49.900388983725861 ], [ -97.126851417647387, 49.900363683348246 ], [ -97.126964044305097, 49.900331790067547 ], [ -97.127116594801691, 49.900257800307344 ], [ -97.127204497168762, 49.900234498102698 ], [ -97.127289307131306, 49.900202076482373 ], [ -97.12744381770554, 49.900168638298197 ], [ -97.127493150943138, 49.900153685795168 ], [ -97.127599201311256, 49.900112677931368 ], [ -97.127701320471573, 49.900082846483876 ], [ -97.127796639242121, 49.900048387470378 ], [ -97.127877452927947, 49.900029447174852 ], [ -97.127983064408596, 49.8999996870403 ], [ -97.12814821536233, 49.89995962589088 ], [ -97.12823277437306, 49.899933993036122 ], [ -97.128278648902764, 49.899916742474062 ], [ -97.128363204446643, 49.89989108382445 ], [ -97.128472745986002, 49.899850146636794 ], [ -97.128586616286285, 49.899786786793861 ], [ -97.128767014060998, 49.899713294384306 ], [ -97.128805868154956, 49.899698126552124 ], [ -97.128830662315039, 49.899687280889907 ], [ -97.128905004950013, 49.899654745998269 ], [ -97.129210247208462, 49.899504528116374 ], [ -97.129281139590006, 49.899471944968887 ], [ -97.129309500468409, 49.899458942520596 ], [ -97.129380500154156, 49.899424077583006 ], [ -97.129405364988571, 49.899410977879512 ], [ -97.12944099180632, 49.899389077166184 ], [ -97.129724669868963, 49.899256487644159 ], [ -97.129767314887829, 49.899234676382626 ], [ -97.129792139717836, 49.899221578720429 ], [ -97.129842093628099, 49.899190892733124 ], [ -97.129917352918156, 49.899135884489439 ], [ -97.130288462602095, 49.898901234190923 ], [ -97.130310170914257, 49.898879147773847 ], [ -97.130374809231824, 49.898828432516069 ], [ -97.130458285349391, 49.898739826943029 ], [ -97.130544014257211, 49.898684981447644 ], [ -97.130616435878736, 49.898611942850927 ], [ -97.130696572175822, 49.898521033168194 ], [ -97.130776813479997, 49.898425643465906 ], [ -97.130809170768842, 49.898399184464751 ], [ -97.13088011069992, 49.898274395200978 ], [ -97.130897850671005, 49.898265685678297 ], [ -97.131041458473064, 49.898153348079866 ], [ -97.131049318276851, 49.898130994915185 ], [ -97.131159777130662, 49.89797535386861 ], [ -97.131165487273293, 49.897916933287959 ], [ -97.13119622103261, 49.897843231536555 ], [ -97.131208717049958, 49.897699538534617 ], [ -97.131223216595274, 49.897683993677944 ], [ -97.131294452814643, 49.897552489857894 ], [ -97.131306870918934, 49.897410999509461 ], [ -97.131315803032265, 49.897269489128348 ], [ -97.131327780383614, 49.897231500911978 ], [ -97.131351901303461, 49.8970564339498 ], [ -97.131277637148216, 49.896906838508244 ], [ -97.131281013316013, 49.896729236747277 ], [ -97.131251251302956, 49.896688286872248 ], [ -97.131234809499716, 49.896573353099114 ], [ -97.131213270126423, 49.896501030378175 ], [ -97.131201503194944, 49.896444632893946 ], [ -97.131178833679499, 49.896401544291379 ], [ -97.131127748867584, 49.896281535782116 ], [ -97.131163738484005, 49.896124687594153 ], [ -97.131162654067111, 49.896109072710743 ], [ -97.131151111534322, 49.89594592660962 ], [ -97.130846146573504, 49.89543800016807 ], [ -97.128959035151325, 49.893373275049697 ], [ -97.128550802888896, 49.892926588578113 ], [ -97.129947272162127, 49.892986211087013 ], [ -97.130084381407272, 49.892992080639672 ], [ -97.130274350052659, 49.89305387777754 ], [ -97.131639794702579, 49.893526797095468 ], [ -97.134098503817796, 49.893984068875845 ], [ -97.134453339790184, 49.894050467075019 ], [ -97.135182182527473, 49.89459720367423 ], [ -97.135732892248157, 49.894759001925593 ], [ -97.136873716659736, 49.895146090946994 ], [ -97.137133304522266, 49.895276196214198 ], [ -97.137670519279965, 49.895428803315369 ], [ -97.138265085654339, 49.895537311172681 ], [ -97.13846068506146, 49.896242011404411 ], [ -97.138514681732545, 49.896442088943623 ], [ -97.138680079524605, 49.89705509706522 ], [ -97.138752884671121, 49.897335092375116 ], [ -97.138872294680795, 49.897849806332566 ], [ -97.138985918943405, 49.898517193623157 ], [ -97.138765706733963, 49.898810509655291 ], [ -97.138326818394518, 49.899361211314776 ], [ -97.137742417733591, 49.900071408475114 ], [ -97.13718648407999, 49.900763988562574 ], [ -97.136850793134883, 49.901163407336476 ], [ -97.1364560207831, 49.901651809858159 ], [ -97.135724416383766, 49.902566508717356 ], [ -97.134834196249074, 49.903622596343396 ], [ -97.134398983927227, 49.904434208801078 ], [ -97.134353417629427, 49.904532399816908 ], [ -97.134185592011931, 49.905551047576395 ], [ -97.134180565460568, 49.905581422720424 ], [ -97.134099743643844, 49.905567960990787 ], [ -97.13284616045425, 49.905359367296782 ], [ -97.132542071170903, 49.905315272244181 ], [ -97.1311618647578, 49.905115280380265 ], [ -97.13046755195019, 49.90503016781053 ], [ -97.129878252953958, 49.904961978728316 ], [ -97.129330873519237, 49.904916163358557 ], [ -97.128440370412662, 49.904814077332269 ], [ -97.126953044267566, 49.904572874273839 ], [ -97.126603842149834, 49.904517572518301 ], [ -97.126192866981384, 49.904453963425503 ], [ -97.126175545585397, 49.9044512955603 ], [ -97.126032056861732, 49.904429077754422 ], [ -97.126014815030246, 49.904426405603516 ], [ -97.125755541591687, 49.904386279978702 ], [ -97.125609451460804, 49.904364381868128 ], [ -97.125401953041376, 49.904333278032411 ], [ -97.12416235964578, 49.904139969185806 ], [ -97.124114545212507, 49.904132466698698 ], [ -97.122134869318629, 49.903830170497081 ], [ -97.122009563807069, 49.903811060961125 ], [ -97.121997558144471, 49.903809246069514 ], [ -97.11973266860889, 49.903463370792323 ], [ -97.118720658708725, 49.90334346252768 ], [ -97.117645366638044, 49.903240581949618 ], [ -97.116784061779185, 49.903186077699914 ], [ -97.115158406116137, 49.903097084626303 ], [ -97.115089055978572, 49.903093366338148 ], [ -97.115076234471161, 49.903092680464916 ], [ -97.11490794105022, 49.903083669122438 ], [ -97.111646954129952, 49.90290427575502 ], [ -97.110994656031536, 49.902827572774221 ], [ -97.110156743491643, 49.902781384028714 ], [ -97.108607246316453, 49.902694220451615 ], [ -97.108608748723086, 49.902637397179291 ], [ -97.108620505008219, 49.902548034521182 ], [ -97.10866416271422, 49.9024992815378 ], [ -97.108724257348683, 49.9022978884624 ], [ -97.108740294623644, 49.902244195081792 ], [ -97.108766501435682, 49.90219738176927 ], [ -97.108832065035131, 49.90212423519516 ], [ -97.108892905312061, 49.901992554416559 ], [ -97.108911873222056, 49.901952386111198 ], [ -97.108921670293427, 49.901880585508117 ], [ -97.108941038484758, 49.901829145534833 ], [ -97.10900025603506, 49.901740199103408 ], [ -97.109096255775185, 49.901600099081492 ] ] ] } },
{ "type": "Feature", "properties": { "CTUID": "6020029.00", "greenspace_per_capita": 88.868695900168845 }, "geometry": { "type": "Polygon", "coordinates": [ [ [ -97.166370510297696, 49.893178803663112 ], [ -97.167552995000307, 49.893206506553113 ], [ -97.168761890459521, 49.893270608885224 ], [ -97.170375493925377, 49.893314087825921 ], [ -97.17189161313199, 49.893356003186469 ], [ -97.173018413045028, 49.893382691101479 ], [ -97.174144917181806, 49.893418512260197 ], [ -97.173870297427342, 49.897003101633466 ], [ -97.173587203573078, 49.900443786819402 ], [ -97.173400189856537, 49.90244670471526 ], [ -97.173259287451387, 49.903964603968525 ], [ -97.173093918933915, 49.905761004488376 ], [ -97.1730739121993, 49.905922605193837 ], [ -97.172124680344638, 49.905610793334503 ], [ -97.171951294180175, 49.905555906064627 ], [ -97.171436584546342, 49.905393095270085 ], [ -97.171230218855058, 49.9053268996146 ], [ -97.171078708786865, 49.905279494798918 ], [ -97.169909215708969, 49.904901209227319 ], [ -97.169234987053102, 49.904683706129852 ], [ -97.168024200396118, 49.904295809008467 ], [ -97.166799700110744, 49.903898602929971 ], [ -97.165671711389507, 49.903530009620845 ], [ -97.165692380992112, 49.903350401456912 ], [ -97.165924503341145, 49.900169894236534 ], [ -97.166164602790673, 49.89677359184595 ], [ -97.166370510297696, 49.893178803663112 ] ] ] } },
{ "type": "Feature", "properties": { "CTUID": "6020121.00", "greenspace_per_capita": 606.93952842942451 }, "geometry": { "type": "Polygon", "coordinates": [ [ [ -97.01612180837293, 49.893421191723604 ], [ -97.019476182351994, 49.893451592678282 ], [ -97.022315496494912, 49.893482094359378 ], [ -97.023152202618633, 49.893451396089063 ], [ -97.024028400376466, 49.893475300904441 ], [ -97.024806202750938, 49.893524611916149 ], [ -97.025291402264074, 49.893577799914702 ], [ -97.025269687259723, 49.894450010741259 ], [ -97.025256803713162, 49.895106403298669 ], [ -97.025249093776409, 49.895295193915928 ], [ -97.02528181620751, 49.896034711124976 ], [ -97.025299427368708, 49.89743550333263 ], [ -97.025301509495932, 49.897599990497568 ], [ -97.025316288426126, 49.89840019179816 ], [ -97.025356592438783, 49.900846999973702 ], [ -97.025287431530828, 49.903064403998002 ], [ -97.025285233295605, 49.903135065821935 ], [ -97.025284224013333, 49.903167133647557 ], [ -97.023498536725896, 49.903685484773504 ], [ -97.017484212737727, 49.905434293380829 ], [ -97.016363616599989, 49.905761373487962 ], [ -97.016329704406743, 49.905771270671927 ], [ -97.016326151280339, 49.905772310250264 ], [ -97.016299283873394, 49.905729600913816 ], [ -97.016171920681742, 49.905439608582249 ], [ -97.01617599006201, 49.905340687597949 ], [ -97.016203802289468, 49.904662008564486 ], [ -97.016233495343997, 49.90393839144842 ], [ -97.016250883233852, 49.90317420038037 ], [ -97.016269117074472, 49.902391891009174 ], [ -97.016286490738224, 49.901627601305684 ], [ -97.016292209456608, 49.900809102024596 ], [ -97.016259504148294, 49.899909092526769 ], [ -97.016234800572306, 49.899153091656515 ], [ -97.016212284987546, 49.898343113028403 ], [ -97.016217692711919, 49.897533612693074 ], [ -97.016221616798376, 49.896760110898761 ], [ -97.016212593990119, 49.895959387719209 ], [ -97.016204397602152, 49.895140703124241 ], [ -97.01615448186655, 49.894321311372764 ], [ -97.016115411987244, 49.893915898760348 ], [ -97.01612180837293, 49.893421191723604 ] ] ] } },
{ "type": "Feature", "properties": { "CTUID": "6020037.00", "greenspace_per_capita": 571.80897307832822 }, "geometry": { "type": "Polygon", "coordinates": [ [ [ -97.074478888715788, 49.904382752193932 ], [ -97.073751640770027, 49.904558619615322 ], [ -97.073532666451172, 49.904106416973427 ], [ -97.069369757624187, 49.902926823088151 ], [ -97.069186882837997, 49.902875007102139 ], [ -97.069523797590861, 49.902409504474058 ], [ -97.070747003179932, 49.900720806297201 ], [ -97.071823917577163, 49.899209498110721 ], [ -97.072013806682719, 49.898987789003272 ], [ -97.072145808608255, 49.898819110585677 ], [ -97.07283488091943, 49.898299898962613 ], [ -97.073046500800316, 49.89823140243287 ], [ -97.074297889153272, 49.897417794118383 ], [ -97.077606605581138, 49.895266792433858 ], [ -97.078811508341843, 49.894378292434624 ], [ -97.078945310232413, 49.894164589127428 ], [ -97.081598280466523, 49.894634896376793 ], [ -97.086098284982612, 49.895438599123658 ], [ -97.088135705313448, 49.89580230663833 ], [ -97.088199380158741, 49.895812835915407 ], [ -97.088998319772671, 49.895944909575626 ], [ -97.093474006184493, 49.896790164094568 ], [ -97.094715012779091, 49.897024491991353 ], [ -97.098783909737719, 49.897792890834914 ], [ -97.099074396440813, 49.897842592994202 ], [ -97.102033090152105, 49.898385788255602 ], [ -97.104617490422044, 49.898886811556174 ], [ -97.105325515370538, 49.898943407725469 ], [ -97.10552715826698, 49.899308462850719 ], [ -97.105516243398156, 49.899343674685383 ], [ -97.105510561188424, 49.899362184843838 ], [ -97.10548313095012, 49.89943546753468 ], [ -97.104969049980497, 49.900650380609783 ], [ -97.104831352350203, 49.900967477856398 ], [ -97.104784263635409, 49.901101577143109 ], [ -97.104755447626687, 49.901303470964066 ], [ -97.104775345426887, 49.901506181739812 ], [ -97.104818939402847, 49.901637386423715 ], [ -97.104915955606401, 49.901827865164464 ], [ -97.105008660524433, 49.901950761891662 ], [ -97.105183056139495, 49.902120071713867 ], [ -97.105414842152001, 49.902245277349877 ], [ -97.105661345186476, 49.902352783625851 ], [ -97.106018850115035, 49.902470974291134 ], [ -97.106198338062725, 49.902509973400072 ], [ -97.106232945230815, 49.902516636793507 ], [ -97.106233518441442, 49.902516735540281 ], [ -97.105978571609157, 49.902609780925353 ], [ -97.105747850139792, 49.902632971712322 ], [ -97.105490733431324, 49.902674276640546 ], [ -97.104089365796014, 49.902899169887505 ], [ -97.102594532938653, 49.903139161365722 ], [ -97.102167056211343, 49.903208570303924 ], [ -97.10126996522925, 49.903355782609928 ], [ -97.1012141369239, 49.903365119029907 ], [ -97.101200062167877, 49.903367472330316 ], [ -97.101171833107003, 49.903372183162787 ], [ -97.100984361103841, 49.903402343126487 ], [ -97.100968546192902, 49.90340486668125 ], [ -97.100965446845848, 49.903405368001977 ], [ -97.100849353920012, 49.903425363007308 ], [ -97.099566967634331, 49.903633765173282 ], [ -97.095116765185452, 49.904364382112988 ], [ -97.09510934961574, 49.904365578437137 ], [ -97.095103331195915, 49.904365484877665 ], [ -97.09510233031051, 49.904365486409858 ], [ -97.093045334763602, 49.904694154310221 ], [ -97.09302574972422, 49.904697265014796 ], [ -97.092958053922999, 49.904708081279203 ], [ -97.090876665206338, 49.905042577516944 ], [ -97.090581317628804, 49.905090762858208 ], [ -97.089031092848288, 49.905343650570835 ], [ -97.088377543122959, 49.905450254308718 ], [ -97.088353455279488, 49.90545417230792 ], [ -97.08829735308656, 49.9054632829586 ], [ -97.081731438156353, 49.906527243203143 ], [ -97.081478072201421, 49.906475283528053 ], [ -97.077568906919922, 49.905673492251658 ], [ -97.074478888715788, 49.904382752193932 ] ] ] } },
{ "type": "Feature", "properties": { "CTUID": "6020541.00", "greenspace_per_capita": 31110.566419118593 }, "geometry": { "type": "Polygon", "coordinates": [ [ [ -97.211124880840671, 49.916428405650713 ], [ -97.210760599960054, 49.916485801167369 ], [ -97.209896102564613, 49.916508388868436 ], [ -97.209338787841531, 49.916508811555175 ], [ -97.207904215476674, 49.916504609708632 ], [ -97.206858988332002, 49.91651539377218 ], [ -97.206677679938608, 49.916521598426655 ], [ -97.204142411540786, 49.916518399453999 ], [ -97.202582520696495, 49.916512208955623 ], [ -97.201273118430478, 49.916509909211818 ], [ -97.200172488857092, 49.91651079941942 ], [ -97.198863199426114, 49.916508409793671 ], [ -97.198881785813924, 49.916382799204968 ], [ -97.199066797850406, 49.913660187350281 ], [ -97.19912307971039, 49.912896491625709 ], [ -97.199144002504298, 49.912707899236629 ], [ -97.199233407830079, 49.911432005708143 ], [ -97.199648618676363, 49.906266409667602 ], [ -97.199645498258391, 49.905600704372887 ], [ -97.199989394606447, 49.901225500926181 ], [ -97.20026429852112, 49.897871989679516 ], [ -97.200269991298399, 49.897802800694585 ], [ -97.200367805294064, 49.896670893217539 ], [ -97.200570387857937, 49.894218491689884 ], [ -97.203101399501563, 49.894302690327201 ], [ -97.207717592755642, 49.894482100036896 ], [ -97.209970986314929, 49.894543894339506 ], [ -97.212600203495967, 49.894611490235405 ], [ -97.21493710781381, 49.894674498302578 ], [ -97.217413185467976, 49.894739492489194 ], [ -97.217769691606804, 49.891111110995112 ], [ -97.218920960053083, 49.890749947058382 ], [ -97.22229791943407, 49.889640815462514 ], [ -97.222521999748864, 49.889642357145192 ], [ -97.222926325724018, 49.889645165314008 ], [ -97.223529653660933, 49.889665932711473 ], [ -97.224444489289354, 49.889738998393788 ], [ -97.22466058222966, 49.88974619580668 ], [ -97.226079678472686, 49.889689127880409 ], [ -97.228053800800936, 49.889548564058373 ], [ -97.228373805115936, 49.889548244618666 ], [ -97.232888313377316, 49.889552360288768 ], [ -97.232891004102854, 49.889508991364288 ], [ -97.232942024339195, 49.888672883429876 ], [ -97.233481153100186, 49.888675136829036 ], [ -97.233473514292712, 49.888597517007746 ], [ -97.233791167895589, 49.888575916951709 ], [ -97.237292299660254, 49.887900294198175 ], [ -97.237586293508059, 49.88794200178328 ], [ -97.237914405516406, 49.888150307493845 ], [ -97.238417417916338, 49.88848070449891 ], [ -97.238649709548653, 49.888560806555205 ], [ -97.239056233392091, 49.88871298511053 ], [ -97.239075516129745, 49.888720207475281 ], [ -97.239950789533395, 49.888769504761534 ], [ -97.240491470518293, 49.888203538570004 ], [ -97.240662010465954, 49.885807764338679 ], [ -97.240297483741614, 49.884978899063981 ], [ -97.24096469781162, 49.885007001553355 ], [ -97.244787712406875, 49.885154898934672 ], [ -97.249251084195322, 49.885303301641265 ], [ -97.248476047191701, 49.885792458146625 ], [ -97.248298832794291, 49.888637158565416 ], [ -97.248934299147933, 49.889058412486669 ], [ -97.25354690285063, 49.889325887167537 ], [ -97.255632802882516, 49.889393300985532 ], [ -97.257536286301601, 49.889502887777446 ], [ -97.257917216623397, 49.896318100531076 ], [ -97.257842305545893, 49.896469500792726 ], [ -97.257710286548672, 49.897816809178813 ], [ -97.2577325961783, 49.897969987984865 ], [ -97.257853584219717, 49.898088805536887 ], [ -97.257853998696547, 49.898088912127406 ], [ -97.257609480355953, 49.898857405420287 ], [ -97.260905010831308, 49.898943994783586 ], [ -97.263165539103056, 49.899113179666578 ], [ -97.263247062276179, 49.898850902691848 ], [ -97.264672828041014, 49.898913701508533 ], [ -97.264532427914105, 49.900213388561937 ], [ -97.264306732609199, 49.902560847215895 ], [ -97.268886618001744, 49.902247801403156 ], [ -97.272634984089919, 49.901985809699184 ], [ -97.274575599498945, 49.901862704483754 ], [ -97.276843383216573, 49.901718697763755 ], [ -97.276817053414177, 49.901898485399293 ], [ -97.276553918393816, 49.90191605454504 ], [ -97.27621921064825, 49.901929053412204 ], [ -97.276212187992328, 49.901928948612685 ], [ -97.275046518200639, 49.902010564497395 ], [ -97.274019809155561, 49.902098771247715 ], [ -97.272217179151824, 49.902463152542133 ], [ -97.271774794701301, 49.902568952694899 ], [ -97.271563182472491, 49.902642265419694 ], [ -97.270612077453251, 49.902951952019606 ], [ -97.26977141718632, 49.903290166792537 ], [ -97.2688646832475, 49.903721848316259 ], [ -97.267933104838107, 49.904261154519439 ], [ -97.267233410162731, 49.904745462057626 ], [ -97.266356091156879, 49.905519372271904 ], [ -97.265600988378154, 49.906380565369155 ], [ -97.264989814387661, 49.907306846821072 ], [ -97.264944106420629, 49.907400157029329 ], [ -97.264749300272229, 49.90779806182536 ], [ -97.264506596586216, 49.908545471289415 ], [ -97.264364682998689, 49.909393354980402 ], [ -97.264312002969788, 49.910085161224501 ], [ -97.264190907669573, 49.911519362858108 ], [ -97.263810821478401, 49.916020287203537 ], [ -97.2636709960818, 49.916019041657769 ], [ -97.261200994224978, 49.91599704255664 ], [ -97.259775062675189, 49.915994312481331 ], [ -97.249993050433417, 49.915912655985728 ], [ -97.246518607521807, 49.915935710904101 ], [ -97.245510243268569, 49.915930582944426 ], [ -97.238062529701068, 49.916199318423594 ], [ -97.229565982185946, 49.916504602072649 ], [ -97.221043083465474, 49.916437100689336 ], [ -97.219051112566831, 49.916433499893998 ], [ -97.217978383158382, 49.916435009718285 ], [ -97.216571594191009, 49.916431387254057 ], [ -97.216265008333281, 49.916435712049072 ], [ -97.215415718759942, 49.916422599128325 ], [ -97.215248296203001, 49.916428995125735 ], [ -97.21227910575044, 49.916428590606792 ], [ -97.211617483322783, 49.91642849173698 ], [ -97.211124880840671, 49.916428405650713 ] ] ] } },
{ "type": "Feature", "properties": { "CTUID": "6020123.00", "greenspace_per_capita": 550.79231704795961 }, "geometry": { "type": "Polygon", "coordinates": [ [ [ -96.997905009157918, 49.908327789544977 ], [ -96.997904690901294, 49.908327806161914 ], [ -96.988846498728009, 49.908108000061979 ], [ -96.988876203458574, 49.906390506191492 ], [ -96.988896596518771, 49.905563293954415 ], [ -96.988919595508548, 49.904007499000556 ], [ -96.988923520490275, 49.903243006538666 ], [ -96.988941400032417, 49.902478693763612 ], [ -96.988950713232313, 49.900913699076597 ], [ -96.988937704916523, 49.89988809773002 ], [ -96.988930011466934, 49.899069401760933 ], [ -96.988914994094003, 49.898088595260845 ], [ -96.988911081045742, 49.897512905758475 ], [ -96.988903782888883, 49.89668519732809 ], [ -96.988880217335023, 49.895911193701167 ], [ -96.988870608091545, 49.895137395504165 ], [ -96.988860683984768, 49.894705512306153 ], [ -96.988850518437346, 49.894282589270283 ], [ -96.988859290000704, 49.893401198617916 ], [ -96.990572186184906, 49.893394910131939 ], [ -96.993385485283028, 49.893380694741587 ], [ -96.995641399358988, 49.893374708955065 ], [ -96.997911599705233, 49.89336001264148 ], [ -97.00000170744525, 49.893324109279824 ], [ -97.00022289334774, 49.893321499051218 ], [ -97.001548003718099, 49.893305802717649 ], [ -97.002439391419358, 49.893348395333753 ], [ -97.002445108543739, 49.893804990492171 ], [ -97.002450804933773, 49.894254709090106 ], [ -97.002477907498175, 49.895012087290063 ], [ -97.002493290353996, 49.895884892863783 ], [ -97.002480029415935, 49.896659099003202 ], [ -97.002525247208268, 49.897036678856871 ], [ -97.002505100534137, 49.897442112559752 ], [ -97.002513810314284, 49.898242791827947 ], [ -97.002509316206158, 49.899025312301937 ], [ -97.002517320015045, 49.899844004986193 ], [ -97.002524183384011, 49.900689704879312 ], [ -97.002517782916158, 49.90151709401318 ], [ -97.002485910299058, 49.902290090052915 ], [ -97.00246768281724, 49.903072304949283 ], [ -97.002450217074866, 49.903827691755538 ], [ -97.002424389075074, 49.904624996204106 ], [ -97.002399487926112, 49.905391998670297 ], [ -97.002402588399548, 49.906167107828551 ], [ -97.002405584478154, 49.906930199780433 ], [ -97.002414698663216, 49.907721988728944 ], [ -97.00244171105544, 49.908395208070054 ], [ -97.001439586326882, 49.908380311193937 ], [ -96.997905009157918, 49.908327789544977 ] ] ] } },
{ "type": "Feature", "properties": { "CTUID": "6020030.00", "greenspace_per_capita": 237.85928401255953 }, "geometry": { "type": "Polygon", "coordinates": [ [ [ -97.174144917181806, 49.893418512260197 ], [ -97.175298888516465, 49.893463595792554 ], [ -97.176508803376919, 49.89350070186083 ], [ -97.177663811724017, 49.89351880295316 ], [ -97.178929487195305, 49.89355669261748 ], [ -97.179972508256867, 49.893591091113002 ], [ -97.181015481317232, 49.89362540366146 ], [ -97.182142307852118, 49.893652089922128 ], [ -97.183108725453891, 49.893674900842477 ], [ -97.183315108854671, 49.893679766767725 ], [ -97.183314478289532, 49.893687870644293 ], [ -97.18331268459643, 49.89371015953391 ], [ -97.183301957950889, 49.893808973788197 ], [ -97.183281578204088, 49.894074154367033 ], [ -97.183206882929554, 49.895044267712514 ], [ -97.183097160558518, 49.896513065010211 ], [ -97.183052879571534, 49.897106162881343 ], [ -97.183040054126138, 49.897278030767673 ], [ -97.183039453219777, 49.897286055538885 ], [ -97.183038753438865, 49.89729486160789 ], [ -97.182984656280027, 49.897995676550551 ], [ -97.182831354416038, 49.900035076697513 ], [ -97.182778679914833, 49.900723457312836 ], [ -97.182778088900946, 49.90073155923394 ], [ -97.182776675994404, 49.900749379212058 ], [ -97.182753476785749, 49.900996276411249 ], [ -97.182588684849563, 49.902788269004041 ], [ -97.182503153684877, 49.903951771264083 ], [ -97.182502200905589, 49.903964186512056 ], [ -97.182501553365384, 49.903972162248778 ], [ -97.182483972645187, 49.904200962532578 ], [ -97.182353959515098, 49.905883361442605 ], [ -97.182323190440869, 49.906332553824626 ], [ -97.182266386262725, 49.906916363851515 ], [ -97.18225949218882, 49.907100668128543 ], [ -97.182204861611496, 49.907441559786221 ], [ -97.182097758355951, 49.907696260230445 ], [ -97.182024178317491, 49.907803057155377 ], [ -97.181887063713106, 49.907931371077289 ], [ -97.181758579675275, 49.908014754627658 ], [ -97.181524654667101, 49.908123576942344 ], [ -97.181298689129648, 49.908205455703168 ], [ -97.180972489991504, 49.90827850291236 ], [ -97.180962368943696, 49.90828075743979 ], [ -97.180694528912198, 49.908340870121847 ], [ -97.180161397651972, 49.908183906874484 ], [ -97.178400285843878, 49.907607495272742 ], [ -97.177767193050343, 49.907408693516111 ], [ -97.177257887068393, 49.907247790222435 ], [ -97.176583300672775, 49.907039300282605 ], [ -97.175385889084069, 49.906660589061666 ], [ -97.174464086462692, 49.906358307910459 ], [ -97.174243813883791, 49.90629180858015 ], [ -97.1730739121993, 49.905922605193837 ], [ -97.173093918933915, 49.905761004488376 ], [ -97.173259287451387, 49.903964603968525 ], [ -97.173400189856537, 49.90244670471526 ], [ -97.173587203573078, 49.900443786819402 ], [ -97.173870297427342, 49.897003101633466 ], [ -97.174144917181806, 49.893418512260197 ] ] ] } },
{ "type": "Feature", "properties": { "CTUID": "6020122.01", "greenspace_per_capita": 487.7009453252403 }, "geometry": { "type": "Polygon", "coordinates": [ [ [ -97.002439391419358, 49.893348395333753 ], [ -97.005418397404227, 49.89331850172465 ], [ -97.007882013247837, 49.893342900028593 ], [ -97.011960692541322, 49.893367896085266 ], [ -97.01612180837293, 49.893421191723604 ], [ -97.016115411987244, 49.893915898760348 ], [ -97.01615448186655, 49.894321311372764 ], [ -97.016204397602152, 49.895140703124241 ], [ -97.016212593990119, 49.895959387719209 ], [ -97.016221616798376, 49.896760110898761 ], [ -97.016217692711919, 49.897533612693074 ], [ -97.016212284987546, 49.898343113028403 ], [ -97.016234800572306, 49.899153091656515 ], [ -97.016259504148294, 49.899909092526769 ], [ -97.016292209456608, 49.900809102024596 ], [ -97.016286490738224, 49.901627601305684 ], [ -97.016269117074472, 49.902391891009174 ], [ -97.016250883233852, 49.90317420038037 ], [ -97.016233495343997, 49.90393839144842 ], [ -97.016203802289468, 49.904662008564486 ], [ -97.01617599006201, 49.905340687597949 ], [ -97.016171920681742, 49.905439608582249 ], [ -97.016299283873394, 49.905729600913816 ], [ -97.016326151280339, 49.905772310250264 ], [ -97.008934513487745, 49.907927782736976 ], [ -97.002891719821363, 49.909676374983718 ], [ -97.002465034372662, 49.909799889353245 ], [ -97.002456141759751, 49.909802422855442 ], [ -97.00245128060071, 49.909720804206877 ], [ -97.002430295433399, 49.909368291818637 ], [ -97.00244171105544, 49.908395208070054 ], [ -97.002414698663216, 49.907721988728944 ], [ -97.002405584478154, 49.906930199780433 ], [ -97.002402588399548, 49.906167107828551 ], [ -97.002399487926112, 49.905391998670297 ], [ -97.002424389075074, 49.904624996204106 ], [ -97.002450217074866, 49.903827691755538 ], [ -97.00246768281724, 49.903072304949283 ], [ -97.002485910299058, 49.902290090052915 ], [ -97.002517782916158, 49.90151709401318 ], [ -97.002524183384011, 49.900689704879312 ], [ -97.002517320015045, 49.899844004986193 ], [ -97.002509316206158, 49.899025312301937 ], [ -97.002513810314284, 49.898242791827947 ], [ -97.002505100534137, 49.897442112559752 ], [ -97.002525247208268, 49.897036678856871 ], [ -97.002480029415935, 49.896659099003202 ], [ -97.002493290353996, 49.895884892863783 ], [ -97.002477907498175, 49.895012087290063 ], [ -97.002450804933773, 49.894254709090106 ], [ -97.002445108543739, 49.893804990492171 ], [ -97.002439391419358, 49.893348395333753 ] ] ] } },
{ "type": "Feature", "properties": { "CTUID": "6020025.00", "greenspace_per_capita": 49.160388111202984 }, "geometry": { "type": "Polygon", "coordinates": [ [ [ -97.139352117017211, 49.895149993216201 ], [ -97.140589709649987, 49.895556599453158 ], [ -97.141125517271874, 49.89574511085619 ], [ -97.141721716642294, 49.895938989441667 ], [ -97.141881884676465, 49.895991090232059 ], [ -97.142541991929747, 49.896208611677459 ], [ -97.14339469633596, 49.896483107110086 ], [ -97.143546095638555, 49.896530503815391 ], [ -97.144508890628714, 49.896842708957479 ], [ -97.145596487892362, 49.897165993866949 ], [ -97.146587114589181, 49.8974785994127 ], [ -97.147687689986398, 49.897828995613935 ], [ -97.148637288308393, 49.898123097398184 ], [ -97.149683012649675, 49.898454593860059 ], [ -97.150687506479969, 49.898767400034686 ], [ -97.151677506555728, 49.899098098775056 ], [ -97.150723400423331, 49.900378090010818 ], [ -97.150080480745444, 49.901168389102594 ], [ -97.149304601919667, 49.902154512948151 ], [ -97.148863706726999, 49.902759101576351 ], [ -97.148669304313771, 49.903041360010178 ], [ -97.148462092313622, 49.903520073488494 ], [ -97.148267217945701, 49.903832592278626 ], [ -97.147625390303205, 49.904547296838516 ], [ -97.147243221299746, 49.905071907006736 ], [ -97.146783820422158, 49.905793201147311 ], [ -97.146622394091807, 49.906006489129119 ], [ -97.146563298253881, 49.906095508732058 ], [ -97.14626731949997, 49.906549504783463 ], [ -97.145821191626169, 49.907288912572383 ], [ -97.145583289402509, 49.907680893772373 ], [ -97.144982191535789, 49.908674415979249 ], [ -97.14497759907438, 49.90868198235534 ], [ -97.144914766771223, 49.908663372454633 ], [ -97.144563969260034, 49.908549865568624 ], [ -97.139507450144947, 49.906941477162029 ], [ -97.13938426336, 49.906900083335728 ], [ -97.139144725222152, 49.906833378178945 ], [ -97.138388564639172, 49.906622781503543 ], [ -97.137575480294785, 49.906359676876264 ], [ -97.137462755643583, 49.906322064895683 ], [ -97.136788678184018, 49.906120865645036 ], [ -97.136006760250368, 49.905947378198348 ], [ -97.135673075080177, 49.905863781432963 ], [ -97.135458548541962, 49.905811478196959 ], [ -97.134568343904718, 49.905645984988752 ], [ -97.134513268346595, 49.905636859207938 ], [ -97.134388041949919, 49.905615975840618 ], [ -97.134377278063567, 49.905614173408999 ], [ -97.134191163637368, 49.905583182327867 ], [ -97.134180565460568, 49.905581422720424 ], [ -97.134185592011931, 49.905551047576395 ], [ -97.134353417629427, 49.904532399816908 ], [ -97.134398983927227, 49.904434208801078 ], [ -97.134834196249074, 49.903622596343396 ], [ -97.135724416383766, 49.902566508717356 ], [ -97.1364560207831, 49.901651809858159 ], [ -97.136850793134883, 49.901163407336476 ], [ -97.13718648407999, 49.900763988562574 ], [ -97.137742417733591, 49.900071408475114 ], [ -97.138326818394518, 49.899361211314776 ], [ -97.138765706733963, 49.898810509655291 ], [ -97.138985918943405, 49.898517193623157 ], [ -97.138872294680795, 49.897849806332566 ], [ -97.138752884671121, 49.897335092375116 ], [ -97.138680079524605, 49.89705509706522 ], [ -97.138514681732545, 49.896442088943623 ], [ -97.13846068506146, 49.896242011404411 ], [ -97.138265085654339, 49.895537311172681 ], [ -97.138434494463141, 49.895477011148344 ], [ -97.139352117017211, 49.895149993216201 ] ] ] } },
{ "type": "Feature", "properties": { "CTUID": "6020120.04", "greenspace_per_capita": 1148.5403497628906 }, "geometry": { "type": "Polygon", "coordinates": [ [ [ -96.968701499682453, 49.915510591366093 ], [ -96.967949232814647, 49.915578055169654 ], [ -96.967946420473822, 49.915578304563027 ], [ -96.967578444163564, 49.91563864690945 ], [ -96.967203008851769, 49.915700202389743 ], [ -96.966826408831494, 49.915787805473634 ], [ -96.964769445247384, 49.915578615786579 ], [ -96.956031737255856, 49.900557068910736 ], [ -96.956636133079414, 49.893132307013715 ], [ -96.956636133079826, 49.89313230700855 ], [ -96.958791772251558, 49.893173550259164 ], [ -96.95909953606423, 49.893179422031459 ], [ -96.959096618627242, 49.893986107633332 ], [ -96.959082605497144, 49.897855008780979 ], [ -96.95910818818362, 49.898898895785649 ], [ -96.959259389141906, 49.899935991955992 ], [ -96.959465984953553, 49.900668409343503 ], [ -96.961039589098263, 49.900650993346694 ], [ -96.962820897589964, 49.900682305140016 ], [ -96.964046191817033, 49.900685904063131 ], [ -96.965549109105041, 49.900712291877142 ], [ -96.967066391082426, 49.900729895272775 ], [ -96.968040109462635, 49.90075588890344 ], [ -96.968332319170102, 49.900761094433513 ], [ -96.968485382779534, 49.900763801022123 ], [ -96.969975188513772, 49.900771900069337 ], [ -96.972314187199828, 49.900785789185576 ], [ -96.973789712689367, 49.900802588641312 ], [ -96.975265484035262, 49.900810406307265 ], [ -96.976476581471672, 49.900822604973392 ], [ -96.97771551468027, 49.900835202734278 ], [ -96.978141988511624, 49.900839006787649 ], [ -96.979803692856819, 49.900853607937741 ], [ -96.979754798965999, 49.901356487230288 ], [ -96.979575803339316, 49.901641193779263 ], [ -96.97934080708788, 49.901934011422064 ], [ -96.979235493768499, 49.902120991677137 ], [ -96.979141797990849, 49.902362290999783 ], [ -96.979104582715337, 49.902586507284802 ], [ -96.979076097048775, 49.903935300943111 ], [ -96.979057300548035, 49.904717496470326 ], [ -96.979052514822882, 49.90549999957085 ], [ -96.97908821779717, 49.906310187943184 ], [ -96.979157104873465, 49.906662190179922 ], [ -96.979351192101078, 49.907016393981699 ], [ -96.97958560630984, 49.907740094143819 ], [ -96.979692500580484, 49.908515502887369 ], [ -96.979565118388379, 49.911562712165441 ], [ -96.979559238141945, 49.912138648572935 ], [ -96.979543672045779, 49.913666100155176 ], [ -96.979524713629914, 49.915528800783008 ], [ -96.973798199586128, 49.915554800192062 ], [ -96.970760418124314, 49.915528496801343 ], [ -96.969239004459766, 49.915515298794965 ], [ -96.968701499682453, 49.915510591366093 ] ] ] } },
{ "type": "Feature", "properties": { "CTUID": "6020120.03", "greenspace_per_capita": 1130.1125281955406 }, "geometry": { "type": "Polygon", "coordinates": [ [ [ -96.979692500580484, 49.908515502887369 ], [ -96.97958560630984, 49.907740094143819 ], [ -96.979351192101078, 49.907016393981699 ], [ -96.979157104873465, 49.906662190179922 ], [ -96.97908821779717, 49.906310187943184 ], [ -96.979052514822882, 49.90549999957085 ], [ -96.979057300548035, 49.904717496470326 ], [ -96.979076097048775, 49.903935300943111 ], [ -96.979104582715337, 49.902586507284802 ], [ -96.979141797990849, 49.902362290999783 ], [ -96.979235493768499, 49.902120991677137 ], [ -96.97934080708788, 49.901934011422064 ], [ -96.979575803339316, 49.901641193779263 ], [ -96.979754798965999, 49.901356487230288 ], [ -96.979803692856819, 49.900853607937741 ], [ -96.979810338563496, 49.900694724160466 ], [ -96.979825783943767, 49.900323292070645 ], [ -96.979814809516782, 49.899719812065101 ], [ -96.979783608205793, 49.898001810683269 ], [ -96.979723011503751, 49.897784911115288 ], [ -96.979620283929265, 49.897576203172299 ], [ -96.97911630214027, 49.896973688413659 ], [ -96.978881583093198, 49.896591798984346 ], [ -96.978822588951786, 49.896338900161936 ], [ -96.978808288384329, 49.8960148939791 ], [ -96.980159515658485, 49.896002397986337 ], [ -96.980175917976226, 49.893942789596508 ], [ -96.980113402606918, 49.893437989483246 ], [ -96.984096579967257, 49.893417394154646 ], [ -96.988859290000704, 49.893401198617916 ], [ -96.988850518437346, 49.894282589270283 ], [ -96.988860683984768, 49.894705512306153 ], [ -96.988870608091545, 49.895137395504165 ], [ -96.988880217335023, 49.895911193701167 ], [ -96.988903782888883, 49.89668519732809 ], [ -96.988911081045742, 49.897512905758475 ], [ -96.988914994094003, 49.898088595260845 ], [ -96.988930011466934, 49.899069401760933 ], [ -96.988937704916523, 49.89988809773002 ], [ -96.988950713232313, 49.900913699076597 ], [ -96.988941400032417, 49.902478693763612 ], [ -96.988923520490275, 49.903243006538666 ], [ -96.988919595508548, 49.904007499000556 ], [ -96.988896596518771, 49.905563293954415 ], [ -96.988876203458574, 49.906390506191492 ], [ -96.988846498728009, 49.908108000061979 ], [ -96.997904690901294, 49.908327806161914 ], [ -96.997905009157918, 49.908327789544977 ], [ -97.001439586326882, 49.908380311193937 ], [ -97.00244171105544, 49.908395208070054 ], [ -97.002430295433399, 49.909368291818637 ], [ -97.00245128060071, 49.909720804206877 ], [ -97.002456141759751, 49.909802422855442 ], [ -97.002479597545587, 49.910196699909818 ], [ -97.002479596393442, 49.910197010290233 ], [ -97.002465890785601, 49.910954003624482 ], [ -97.002381283360776, 49.915610096330695 ], [ -97.000834064895614, 49.9156283958662 ], [ -96.99999899576197, 49.915614006626662 ], [ -96.996473814203114, 49.915634093853626 ], [ -96.992134208179991, 49.915598775179902 ], [ -96.990583213662703, 49.91558610411861 ], [ -96.979524713629914, 49.915528800783008 ], [ -96.979543672045779, 49.913666100155176 ], [ -96.979559238141945, 49.912138648572935 ], [ -96.979565118388379, 49.911562712165441 ], [ -96.979692500580484, 49.908515502887369 ] ] ] } },
{ "type": "Feature", "properties": { "CTUID": "6020026.00", "greenspace_per_capita": 165.37837580804032 }, "geometry": { "type": "Polygon", "coordinates": [ [ [ -97.151677506555728, 49.899098098775056 ], [ -97.152942505611747, 49.899523009341614 ], [ -97.153355203254549, 49.899655495588718 ], [ -97.154167010086852, 49.899911288857055 ], [ -97.154442613081912, 49.899987601078507 ], [ -97.155447319812268, 49.900300508069186 ], [ -97.156782214829008, 49.900717500145113 ], [ -97.157965703867944, 49.901087099670455 ], [ -97.156982218425682, 49.902411711614192 ], [ -97.156351501847311, 49.903247211039726 ], [ -97.155982208644858, 49.903751198744793 ], [ -97.15575380470645, 49.904062902423235 ], [ -97.155602284685656, 49.904269698722459 ], [ -97.155001412543911, 49.905051700938849 ], [ -97.154818992265334, 49.905453601266409 ], [ -97.154595388385701, 49.905836793462719 ], [ -97.153982314830685, 49.906573589912185 ], [ -97.153559116842544, 49.907079592370202 ], [ -97.152974396160076, 49.907439094334016 ], [ -97.152579586182739, 49.907927503695085 ], [ -97.151787084611797, 49.908985301411192 ], [ -97.151897118369916, 49.909022991445639 ], [ -97.151850506219603, 49.909148201587854 ], [ -97.151444203313787, 49.909573494656222 ], [ -97.151367897500435, 49.909691455821559 ], [ -97.15133170031784, 49.909747434340908 ], [ -97.151285083744881, 49.909819518025586 ], [ -97.151247586819352, 49.909877532161367 ], [ -97.151193517606856, 49.909961086808615 ], [ -97.151129267444546, 49.910060423400182 ], [ -97.151080240066094, 49.910136180174099 ], [ -97.151027081828659, 49.910218418396603 ], [ -97.150986736465413, 49.91028074991209 ], [ -97.150982897514865, 49.910286698376737 ], [ -97.150923818004259, 49.910377997345947 ], [ -97.150873089177026, 49.910456406188054 ], [ -97.150819157673709, 49.91053979812186 ], [ -97.149104865953348, 49.909998662921041 ], [ -97.14521757947179, 49.908758169276744 ], [ -97.145119350829987, 49.908726562858035 ], [ -97.145107071423936, 49.908722644424792 ], [ -97.145011152978071, 49.908691870806791 ], [ -97.144990047555524, 49.908685658939255 ], [ -97.14497759907438, 49.90868198235534 ], [ -97.144982191535789, 49.908674415979249 ], [ -97.145583289402509, 49.907680893772373 ], [ -97.145821191626169, 49.907288912572383 ], [ -97.14626731949997, 49.906549504783463 ], [ -97.146563298253881, 49.906095508732058 ], [ -97.146622394091807, 49.906006489129119 ], [ -97.146783820422158, 49.905793201147311 ], [ -97.147243221299746, 49.905071907006736 ], [ -97.147625390303205, 49.904547296838516 ], [ -97.148267217945701, 49.903832592278626 ], [ -97.148462092313622, 49.903520073488494 ], [ -97.148669304313771, 49.903041360010178 ], [ -97.148863706726999, 49.902759101576351 ], [ -97.149304601919667, 49.902154512948151 ], [ -97.150080480745444, 49.901168389102594 ], [ -97.150723400423331, 49.900378090010818 ], [ -97.151677506555728, 49.899098098775056 ] ] ] } },
{ "type": "Feature", "properties": { "CTUID": "6020031.00", "greenspace_per_capita": 366.98946088207236 }, "geometry": { "type": "Polygon", "coordinates": [ [ [ -97.183315108854671, 49.893679766767725 ], [ -97.184409881390621, 49.893705601538556 ], [ -97.185466482433725, 49.893749190903705 ], [ -97.186620796587334, 49.893785201082785 ], [ -97.187204894272739, 49.89380330370814 ], [ -97.188331779460469, 49.893829994048815 ], [ -97.189388695049502, 49.893864497885318 ], [ -97.190570504869399, 49.893909887212494 ], [ -97.192681599242121, 49.893975570242041 ], [ -97.192826966446546, 49.893980103544024 ], [ -97.195785987053114, 49.89407211152691 ], [ -97.198122483133517, 49.894144512829307 ], [ -97.200570387857937, 49.894218491689884 ], [ -97.200367805294064, 49.896670893217539 ], [ -97.200269991298399, 49.897802800694585 ], [ -97.20026429852112, 49.897871989679516 ], [ -97.199989394606447, 49.901225500926181 ], [ -97.199645498258391, 49.905600704372887 ], [ -97.199648618676363, 49.906266409667602 ], [ -97.199233407830079, 49.911432005708143 ], [ -97.199144002504298, 49.912707899236629 ], [ -97.19912307971039, 49.912896491625709 ], [ -97.199066797850406, 49.913660187350281 ], [ -97.198881785813924, 49.916382799204968 ], [ -97.198863199426114, 49.916508409793671 ], [ -97.19674560636814, 49.916511509967336 ], [ -97.195354195165919, 49.916513708670713 ], [ -97.195171397395725, 49.916513997521925 ], [ -97.19496249586534, 49.916510708978585 ], [ -97.194911920354542, 49.916375010695312 ], [ -97.194781412798307, 49.916139091664625 ], [ -97.194526611905388, 49.915874292403188 ], [ -97.194081597658268, 49.915480588687601 ], [ -97.192963719661364, 49.914455706227464 ], [ -97.192223906292298, 49.913751589168584 ], [ -97.191632880648982, 49.913166696980475 ], [ -97.190638000116621, 49.912206710638735 ], [ -97.190411101571982, 49.91194230955044 ], [ -97.189710086087842, 49.911319708690392 ], [ -97.189516787722241, 49.911218307312176 ], [ -97.189409591788291, 49.91116211213469 ], [ -97.189202167924392, 49.911065122563123 ], [ -97.189190608279517, 49.911059695961939 ], [ -97.188255381503694, 49.910739295532949 ], [ -97.187058784161451, 49.910333790584772 ], [ -97.186135895573543, 49.910058487688701 ], [ -97.185929085138227, 49.910001292966065 ], [ -97.184222584768321, 49.909452900964148 ], [ -97.183699694903012, 49.90928280378526 ], [ -97.183190418662264, 49.909121900126948 ], [ -97.18138799455599, 49.908545106635799 ], [ -97.181387487302544, 49.908544901279257 ], [ -97.180722886400986, 49.908349217262455 ], [ -97.180694528912198, 49.908340870121847 ], [ -97.180962368943696, 49.90828075743979 ], [ -97.180972489991504, 49.90827850291236 ], [ -97.181298689129648, 49.908205455703168 ], [ -97.181524654667101, 49.908123576942344 ], [ -97.181758579675275, 49.908014754627658 ], [ -97.181887063713106, 49.907931371077289 ], [ -97.182024178317491, 49.907803057155377 ], [ -97.182097758355951, 49.907696260230445 ], [ -97.182204861611496, 49.907441559786221 ], [ -97.18225949218882, 49.907100668128543 ], [ -97.182266386262725, 49.906916363851515 ], [ -97.182323190440869, 49.906332553824626 ], [ -97.182353959515098, 49.905883361442605 ], [ -97.182483972645187, 49.904200962532578 ], [ -97.182501553365384, 49.903972162248778 ], [ -97.182502200905589, 49.903964186512056 ], [ -97.182503153684877, 49.903951771264083 ], [ -97.182588684849563, 49.902788269004041 ], [ -97.182753476785749, 49.900996276411249 ], [ -97.182776675994404, 49.900749379212058 ], [ -97.182778088900946, 49.90073155923394 ], [ -97.182778679914833, 49.900723457312836 ], [ -97.182831354416038, 49.900035076697513 ], [ -97.182984656280027, 49.897995676550551 ], [ -97.183038753438865, 49.89729486160789 ], [ -97.183039453219777, 49.897286055538885 ], [ -97.183040054126138, 49.897278030767673 ], [ -97.183052879571534, 49.897106162881343 ], [ -97.183097160558518, 49.896513065010211 ], [ -97.183206882929554, 49.895044267712514 ], [ -97.183281578204088, 49.894074154367033 ], [ -97.183301957950889, 49.893808973788197 ], [ -97.18331268459643, 49.89371015953391 ], [ -97.183314478289532, 49.893687870644293 ], [ -97.183315108854671, 49.893679766767725 ] ] ] } },
{ "type": "Feature", "properties": { "CTUID": "6020027.00", "greenspace_per_capita": 70.167546822509692 }, "geometry": { "type": "Polygon", "coordinates": [ [ [ -97.162077049457949, 49.906906929191798 ], [ -97.161876744202615, 49.907200325469617 ], [ -97.161315529655425, 49.908022453120815 ], [ -97.16082379973362, 49.907854157696576 ], [ -97.159770119698891, 49.907466198830491 ], [ -97.158503919480609, 49.907068311425704 ], [ -97.154595388385701, 49.905836793462719 ], [ -97.154818992265334, 49.905453601266409 ], [ -97.155001412543911, 49.905051700938849 ], [ -97.155602284685656, 49.904269698722459 ], [ -97.15575380470645, 49.904062902423235 ], [ -97.155982208644858, 49.903751198744793 ], [ -97.156351501847311, 49.903247211039726 ], [ -97.156982218425682, 49.902411711614192 ], [ -97.157965703867944, 49.901087099670455 ], [ -97.158309899107635, 49.901191495376175 ], [ -97.158928999329788, 49.90139020438059 ], [ -97.159137993106711, 49.901455996687304 ], [ -97.160552880361337, 49.901901689224566 ], [ -97.161750406038465, 49.902271500860699 ], [ -97.162431893147598, 49.902491296052851 ], [ -97.163304981902414, 49.902772894846734 ], [ -97.164433417026956, 49.903132590464509 ], [ -97.164859721658289, 49.903274310108934 ], [ -97.165671711389507, 49.903530009620845 ], [ -97.166799700110744, 49.903898602929971 ], [ -97.168024200396118, 49.904295809008467 ], [ -97.169234987053102, 49.904683706129852 ], [ -97.169909215708969, 49.904901209227319 ], [ -97.171078708786865, 49.905279494798918 ], [ -97.171230218855058, 49.9053268996146 ], [ -97.171161217645633, 49.906045410936656 ], [ -97.171088192951089, 49.906871792670643 ], [ -97.171040590201969, 49.907392704579259 ], [ -97.17102120229778, 49.907905110577317 ], [ -97.170969589254156, 49.908533996356695 ], [ -97.170934595786392, 49.909091088803386 ], [ -97.170895494249891, 49.909579006631077 ], [ -97.165206316745341, 49.907887193855082 ], [ -97.164508464083127, 49.907693741816338 ], [ -97.163371930167798, 49.907325961467201 ], [ -97.162077049457949, 49.906906929191798 ] ] ] } },
{ "type": "Feature", "properties": { "CTUID": "6020140.04", "greenspace_per_capita": 192.37842109843669 }, "geometry": { "type": "Polygon", "coordinates": [ [ [ -97.035605398490858, 49.913990060060428 ], [ -97.029322866162246, 49.915006261632797 ], [ -97.025229825794923, 49.915668075183227 ], [ -97.025220207142254, 49.915669614454337 ], [ -97.025229298524678, 49.915396301154288 ], [ -97.025229298524025, 49.915396301154423 ], [ -97.025229298524195, 49.915396301149173 ], [ -97.025134914657755, 49.915205511134474 ], [ -97.025112581823421, 49.913740407883054 ], [ -97.025142795024877, 49.911079306683966 ], [ -97.025196181473575, 49.909266406397116 ], [ -97.02520219333401, 49.90914808857513 ], [ -97.025245603148761, 49.905655287275231 ], [ -97.025269465444069, 49.904388354050312 ], [ -97.025270699625494, 49.904321802588235 ], [ -97.025266801607728, 49.903810724971933 ], [ -97.025266309625138, 49.903741910985502 ], [ -97.025284224013333, 49.903167133647557 ], [ -97.025285233295605, 49.903135065821935 ], [ -97.025287431530828, 49.903064403998002 ], [ -97.025356592438783, 49.900846999973702 ], [ -97.025316288426126, 49.89840019179816 ], [ -97.025301509495932, 49.897599990497568 ], [ -97.025466292198672, 49.897609905810583 ], [ -97.025924194757849, 49.897637297056882 ], [ -97.026027689835828, 49.897671091532622 ], [ -97.028325738846917, 49.898422304185843 ], [ -97.031136721790489, 49.900168187258338 ], [ -97.033210161288395, 49.900675663152256 ], [ -97.034011460993014, 49.900879017159404 ], [ -97.034744619420351, 49.900988947441718 ], [ -97.036424842166412, 49.901082563233885 ], [ -97.037184439086047, 49.901167112384812 ], [ -97.037940329548235, 49.901370782831123 ], [ -97.038066608004172, 49.901004858635702 ], [ -97.038854430111314, 49.899987629481622 ], [ -97.0394711763239, 49.899191171880361 ], [ -97.039519583754299, 49.899128705178008 ], [ -97.040671641066325, 49.897439266547948 ], [ -97.040617917722614, 49.897397409393655 ], [ -97.040628015297813, 49.897342286944252 ], [ -97.040697093091907, 49.89726409451206 ], [ -97.040917315755067, 49.89711848985624 ], [ -97.041698784708515, 49.896148799154936 ], [ -97.041812411784903, 49.895850492201539 ], [ -97.041802102231571, 49.895378107672975 ], [ -97.044237911411386, 49.895401206876727 ], [ -97.046131107740777, 49.895415201357892 ], [ -97.051031400543053, 49.895443708756503 ], [ -97.051671889330436, 49.895445388720503 ], [ -97.05293418382422, 49.895565602667794 ], [ -97.054232060162889, 49.89580844000686 ], [ -97.054445195989615, 49.895848311892081 ], [ -97.057609402587872, 49.896345690662059 ], [ -97.057775300814214, 49.896375405724655 ], [ -97.059240186291476, 49.896651793509456 ], [ -97.059599504623165, 49.896720806023112 ], [ -97.060124682858458, 49.896819504806068 ], [ -97.06096781525433, 49.896977603039964 ], [ -97.061313508553809, 49.897037296047635 ], [ -97.064327010474742, 49.897591392989426 ], [ -97.064562111472355, 49.897631297668518 ], [ -97.066082513448464, 49.897917505449904 ], [ -97.068294006769563, 49.898332202534128 ], [ -97.068777805524235, 49.898421204245039 ], [ -97.06863888094685, 49.898760694704769 ], [ -97.067783080822849, 49.90066239873655 ], [ -97.066611483204952, 49.902100104373687 ], [ -97.066289216039763, 49.902499493824699 ], [ -97.066172092771794, 49.902641490038413 ], [ -97.0657855562783, 49.903061114807265 ], [ -97.064148283338227, 49.904838505124808 ], [ -97.06333190968283, 49.9057513040853 ], [ -97.062744600957359, 49.906155312001907 ], [ -97.060922708209475, 49.907132298103463 ], [ -97.058683891294592, 49.908084209553749 ], [ -97.058039085046588, 49.908532191227415 ], [ -97.057533217255894, 49.90899150202624 ], [ -97.056678204609653, 49.910164491998344 ], [ -97.056216702767173, 49.910903296160583 ], [ -97.056149009560173, 49.910912999968978 ], [ -97.055376113334518, 49.911024205431545 ], [ -97.054137011083938, 49.911252107881836 ], [ -97.053657521323473, 49.911323010378148 ], [ -97.052600707967173, 49.911607296815745 ], [ -97.052446019839408, 49.911648898540264 ], [ -97.052053099156325, 49.911788103518305 ], [ -97.051442717465207, 49.912069795237002 ], [ -97.051062811703446, 49.912296110304851 ], [ -97.050838095242682, 49.912492695051824 ], [ -97.049756183994148, 49.913002598818458 ], [ -97.04811148714893, 49.913777788919084 ], [ -97.047333804883436, 49.914144411234282 ], [ -97.044872801037471, 49.915343851237942 ], [ -97.043679592347743, 49.914177134728419 ], [ -97.043546571742567, 49.914000109308347 ], [ -97.043511501092311, 49.91400560306559 ], [ -97.043055188710852, 49.914070420889196 ], [ -97.042561369695477, 49.914101160532859 ], [ -97.041729511269651, 49.914087681056145 ], [ -97.040859020353949, 49.914069556098987 ], [ -97.039408086674257, 49.914039354153694 ], [ -97.039275104753372, 49.914058895800089 ], [ -97.039261660233223, 49.914060896447978 ], [ -97.037638269307095, 49.914301385699979 ], [ -97.036643581240156, 49.914409263568167 ], [ -97.036472997924534, 49.914501251858994 ], [ -97.036385048704773, 49.914631745988316 ], [ -97.036342911789944, 49.915821991923337 ], [ -97.035295868696068, 49.915861204418007 ], [ -97.035605398490858, 49.913990060060428 ] ] ] } },
{ "type": "Feature", "properties": { "CTUID": "6020036.00", "greenspace_per_capita": 382.98677112845814 }, "geometry": { "type": "Polygon", "coordinates": [ [ [ -97.12736979049393, 49.906128793592387 ], [ -97.12681451165362, 49.906443694879449 ], [ -97.123280899992096, 49.908491390659464 ], [ -97.122915011792685, 49.908583484979609 ], [ -97.122647733077741, 49.90865380245382 ], [ -97.121938983126284, 49.909232496648457 ], [ -97.121191152591663, 49.908836810331607 ], [ -97.120912385735608, 49.908733518431056 ], [ -97.120611976442831, 49.908622278936541 ], [ -97.12041262842834, 49.908566156802017 ], [ -97.120323400671069, 49.90853179534659 ], [ -97.119559271996096, 49.908146824560653 ], [ -97.11635947691363, 49.906502328214231 ], [ -97.115704760660819, 49.906254694528975 ], [ -97.113779697046525, 49.905701279378249 ], [ -97.113620217016347, 49.905635128072021 ], [ -97.11156111151044, 49.904907452932946 ], [ -97.110225387774605, 49.904506817765522 ], [ -97.109058012275312, 49.903845822220028 ], [ -97.108797545176515, 49.903490887023111 ], [ -97.108596952584719, 49.902850127889074 ], [ -97.108607246316453, 49.902694220451615 ], [ -97.110156743491643, 49.902781384028714 ], [ -97.110994656031536, 49.902827572774221 ], [ -97.111646954129952, 49.90290427575502 ], [ -97.11490794105022, 49.903083669122438 ], [ -97.115076234471161, 49.903092680464916 ], [ -97.115089055978572, 49.903093366338148 ], [ -97.115158406116137, 49.903097084626303 ], [ -97.116784061779185, 49.903186077699914 ], [ -97.117645366638044, 49.903240581949618 ], [ -97.118720658708725, 49.90334346252768 ], [ -97.11973266860889, 49.903463370792323 ], [ -97.121997558144471, 49.903809246069514 ], [ -97.122009563807069, 49.903811060961125 ], [ -97.122134869318629, 49.903830170497081 ], [ -97.124114545212507, 49.904132466698698 ], [ -97.12416235964578, 49.904139969185806 ], [ -97.125401953041376, 49.904333278032411 ], [ -97.125609451460804, 49.904364381868128 ], [ -97.125755541591687, 49.904386279978702 ], [ -97.126014815030246, 49.904426405603516 ], [ -97.126032056861732, 49.904429077754422 ], [ -97.126175545585397, 49.9044512955603 ], [ -97.126192866981384, 49.904453963425503 ], [ -97.126603842149834, 49.904517572518301 ], [ -97.126953044267566, 49.904572874273839 ], [ -97.128440370412662, 49.904814077332269 ], [ -97.129330873519237, 49.904916163358557 ], [ -97.129878252953958, 49.904961978728316 ], [ -97.13046755195019, 49.90503016781053 ], [ -97.1311618647578, 49.905115280380265 ], [ -97.132542071170903, 49.905315272244181 ], [ -97.13284616045425, 49.905359367296782 ], [ -97.134099743643844, 49.905567960990787 ], [ -97.134180565460568, 49.905581422720424 ], [ -97.134171615901593, 49.905635803043417 ], [ -97.133969404305518, 49.906149206571264 ], [ -97.133770187874646, 49.906654794020206 ], [ -97.133575368932867, 49.90741340745538 ], [ -97.13350791246792, 49.907676000754812 ], [ -97.133292209515716, 49.908571987878638 ], [ -97.133111698829822, 49.90927971267957 ], [ -97.131460111923246, 49.909127209775392 ], [ -97.131363694322459, 49.909098700250077 ], [ -97.131282297320837, 49.909043392391673 ], [ -97.13022608982692, 49.908261793850642 ], [ -97.1301446993143, 49.908206510901266 ], [ -97.12948138303031, 49.907710092815698 ], [ -97.128777406069361, 49.907186002424027 ], [ -97.127884094751053, 49.906514897744074 ], [ -97.12736979049393, 49.906128793592387 ] ] ] } },
{ "type": "Feature", "properties": { "CTUID": "6020038.00", "greenspace_per_capita": 205.62016569245134 }, "geometry": { "type": "Polygon", "coordinates": [ [ [ -97.089801897309144, 49.910139288765912 ], [ -97.085842488815842, 49.90882369670846 ], [ -97.084838804336698, 49.908492291490347 ], [ -97.080660194102563, 49.907091895734382 ], [ -97.080792305893397, 49.906923194614883 ], [ -97.080906487039897, 49.906853100880753 ], [ -97.080906954552688, 49.906852998486478 ], [ -97.080852706089573, 49.906798954079953 ], [ -97.080741003686128, 49.906687699080202 ], [ -97.081731438156353, 49.906527243203143 ], [ -97.08829735308656, 49.9054632829586 ], [ -97.088353455279488, 49.90545417230792 ], [ -97.088377543122959, 49.905450254308718 ], [ -97.089031092848288, 49.905343650570835 ], [ -97.090581317628804, 49.905090762858208 ], [ -97.090876665206338, 49.905042577516944 ], [ -97.092958053922999, 49.904708081279203 ], [ -97.09302574972422, 49.904697265014796 ], [ -97.093045334763602, 49.904694154310221 ], [ -97.09510233031051, 49.904365486409858 ], [ -97.095103331195915, 49.904365484877665 ], [ -97.09510934961574, 49.904365578437137 ], [ -97.095116765185452, 49.904364382112988 ], [ -97.099566967634331, 49.903633765173282 ], [ -97.100849353920012, 49.903425363007308 ], [ -97.100965446845848, 49.903405368001977 ], [ -97.100968546192902, 49.90340486668125 ], [ -97.100984361103841, 49.903402343126487 ], [ -97.101171833107003, 49.903372183162787 ], [ -97.101200062167877, 49.903367472330316 ], [ -97.1012141369239, 49.903365119029907 ], [ -97.10126996522925, 49.903355782609928 ], [ -97.102167056211343, 49.903208570303924 ], [ -97.102594532938653, 49.903139161365722 ], [ -97.104089365796014, 49.902899169887505 ], [ -97.105490733431324, 49.902674276640546 ], [ -97.105747850139792, 49.902632971712322 ], [ -97.105978571609157, 49.902609780925353 ], [ -97.106233518441442, 49.902516735540281 ], [ -97.106238279628073, 49.902517645469516 ], [ -97.106245668242806, 49.902519061857156 ], [ -97.10627433461238, 49.902524671309983 ], [ -97.106343431510851, 49.90253927157385 ], [ -97.10635820620665, 49.902541457899517 ], [ -97.106363428231774, 49.902542213933941 ], [ -97.106516483787544, 49.902564569848948 ], [ -97.106634253186868, 49.902579962282395 ], [ -97.106891265954133, 49.902597678731745 ], [ -97.108419858842822, 49.902683656442093 ], [ -97.108526859303453, 49.902689663976055 ], [ -97.108533357693972, 49.902690067314239 ], [ -97.108607246316453, 49.902694220451615 ], [ -97.108596952584719, 49.902850127889074 ], [ -97.108797545176515, 49.903490887023111 ], [ -97.109058012275312, 49.903845822220028 ], [ -97.110225387774605, 49.904506817765522 ], [ -97.11156111151044, 49.904907452932946 ], [ -97.113620217016347, 49.905635128072021 ], [ -97.113132194477032, 49.906221799428259 ], [ -97.112932082897444, 49.906353498214791 ], [ -97.112673488196364, 49.906556106702823 ], [ -97.112486883334697, 49.906696989151506 ], [ -97.112226186427051, 49.906953607962478 ], [ -97.111900081147667, 49.907218295397762 ], [ -97.111161799614635, 49.907817798671182 ], [ -97.110227203956228, 49.908567098465397 ], [ -97.109285293138456, 49.909145511843406 ], [ -97.108122090893502, 49.909684199255281 ], [ -97.10662441524515, 49.910226404995676 ], [ -97.106060594678738, 49.910397112646656 ], [ -97.104415057908511, 49.910811253879949 ], [ -97.10415147340413, 49.910850932791689 ], [ -97.103476149991252, 49.910902647111357 ], [ -97.103203022775304, 49.910930339898236 ], [ -97.102927346531999, 49.910944667024935 ], [ -97.102791068718503, 49.910955109403901 ], [ -97.10231632162791, 49.910955471151532 ], [ -97.101125990605567, 49.91078391209993 ], [ -97.100124603748739, 49.910957173681531 ], [ -97.099644450307338, 49.91095752596253 ], [ -97.097310930095887, 49.911180191829985 ], [ -97.096362008455969, 49.911352044032469 ], [ -97.096036747334381, 49.911410940434742 ], [ -97.095834903323791, 49.911463113623739 ], [ -97.095250803001107, 49.91161404188486 ], [ -97.094128946297261, 49.911450704101952 ], [ -97.09358104418753, 49.911423878916274 ], [ -97.09340420060812, 49.911332004445207 ], [ -97.089801897309144, 49.910139288765912 ] ] ] } },
{ "type": "Feature", "properties": { "CTUID": "6020122.02", "greenspace_per_capita": 915.53620338388373 }, "geometry": { "type": "Polygon", "coordinates": [ [ [ -97.025284224013333, 49.903167133647557 ], [ -97.025266309625138, 49.903741910985502 ], [ -97.025266801607728, 49.903810724971933 ], [ -97.025270699625494, 49.904321802588235 ], [ -97.025269465444069, 49.904388354050312 ], [ -97.025245603148761, 49.905655287275231 ], [ -97.02520219333401, 49.90914808857513 ], [ -97.025196181473575, 49.909266406397116 ], [ -97.025142795024877, 49.911079306683966 ], [ -97.025112581823421, 49.913740407883054 ], [ -97.025134914657755, 49.915205511134474 ], [ -97.025229298524195, 49.915396301149173 ], [ -97.02370490850825, 49.915705709816457 ], [ -97.023340813367469, 49.915753492536084 ], [ -97.022518005981169, 49.915775399080907 ], [ -97.019872302959186, 49.915748298227008 ], [ -97.013736140514524, 49.915703211925539 ], [ -97.010653110359343, 49.915680402923819 ], [ -97.002381283360776, 49.915610096330695 ], [ -97.002465890785601, 49.910954003624482 ], [ -97.002479596393442, 49.910197010290233 ], [ -97.002479597545587, 49.910196699909818 ], [ -97.002456141759751, 49.909802422855442 ], [ -97.002465034372662, 49.909799889353245 ], [ -97.002891719821363, 49.909676374983718 ], [ -97.008934513487745, 49.907927782736976 ], [ -97.016326151280339, 49.905772310250264 ], [ -97.016329704406743, 49.905771270671927 ], [ -97.016363616599989, 49.905761373487962 ], [ -97.017484212737727, 49.905434293380829 ], [ -97.023498536725896, 49.903685484773504 ], [ -97.025284224013333, 49.903167133647557 ] ] ] } },
{ "type": "Feature", "properties": { "CTUID": "6020130.02", "greenspace_per_capita": 282.46523897355263 }, "geometry": { "type": "Polygon", "coordinates": [ [ [ -97.06278289547771, 49.911804810578488 ], [ -97.062928987441325, 49.911636404797918 ], [ -97.06341570918012, 49.910960908852267 ], [ -97.063814204320252, 49.910400792519994 ], [ -97.063932812995773, 49.91022289936069 ], [ -97.064403403420116, 49.909601089313149 ], [ -97.064942909114222, 49.908847693095737 ], [ -97.06533278712196, 49.908303312793265 ], [ -97.065397817909385, 49.908070606661269 ], [ -97.065722415814918, 49.907617195654367 ], [ -97.066104391035807, 49.907119912209083 ], [ -97.066707418314891, 49.906320398895232 ], [ -97.067048001543625, 49.905813303307411 ], [ -97.067843102126275, 49.904738200871982 ], [ -97.067901982979009, 49.904658197439389 ], [ -97.068668807882119, 49.903591595523693 ], [ -97.068816204544945, 49.903387192193343 ], [ -97.069186882837997, 49.902875007102139 ], [ -97.069369757624187, 49.902926823088151 ], [ -97.073532666451172, 49.904106416973427 ], [ -97.073751640770027, 49.904558619615322 ], [ -97.074478888715788, 49.904382752193932 ], [ -97.077568906919922, 49.905673492251658 ], [ -97.081478072201421, 49.906475283528053 ], [ -97.081731438156353, 49.906527243203143 ], [ -97.080741003686128, 49.906687699080202 ], [ -97.080852706089573, 49.906798954079953 ], [ -97.080906954552688, 49.906852998486478 ], [ -97.080906487039897, 49.906853100880753 ], [ -97.080792305893397, 49.906923194614883 ], [ -97.080660194102563, 49.907091895734382 ], [ -97.080227082358604, 49.907650510354898 ], [ -97.080148402483545, 49.90770410761742 ], [ -97.079319002955103, 49.908248103799373 ], [ -97.078904611587831, 49.908511095682137 ], [ -97.078376010135869, 49.909194898548769 ], [ -97.077086810763078, 49.91079258678517 ], [ -97.076544918533642, 49.911458310531664 ], [ -97.076031984927525, 49.912097410172684 ], [ -97.075504016948827, 49.912763296534429 ], [ -97.074990296439054, 49.913420408231275 ], [ -97.071017081362214, 49.91210398829535 ], [ -97.070490214495734, 49.912742888178514 ], [ -97.069934297379234, 49.913408307024127 ], [ -97.069451215713002, 49.913993909249164 ], [ -97.069217301523423, 49.914268900410448 ], [ -97.068741792792849, 49.914665689777792 ], [ -97.068383700310591, 49.91491158714868 ], [ -97.068155203775206, 49.915051700135749 ], [ -97.067676079847146, 49.915538496737341 ], [ -97.067488287723293, 49.915706196258412 ], [ -97.066959800518802, 49.916381088988913 ], [ -97.066357686625167, 49.917153601229394 ], [ -97.066024389817301, 49.917575312677386 ], [ -97.063937915098236, 49.91675488928378 ], [ -97.059917010855344, 49.915526987682554 ], [ -97.06102951637935, 49.91419520089535 ], [ -97.061148911017881, 49.914028699544374 ], [ -97.061217121265415, 49.913933619485761 ], [ -97.06133968351493, 49.913762735003715 ], [ -97.061428481080114, 49.913638919924736 ], [ -97.061545903697976, 49.913475212153827 ], [ -97.06278289547771, 49.911804810578488 ] ] ] } },
{ "type": "Feature", "properties": { "CTUID": "6020033.00", "greenspace_per_capita": 140.51301818485109 }, "geometry": { "type": "Polygon", "coordinates": [ [ [ -97.152579586182739, 49.907927503695085 ], [ -97.152974396160076, 49.907439094334016 ], [ -97.153559116842544, 49.907079592370202 ], [ -97.153982314830685, 49.906573589912185 ], [ -97.154595388385701, 49.905836793462719 ], [ -97.158503919480609, 49.907068311425704 ], [ -97.159770119698891, 49.907466198830491 ], [ -97.16082379973362, 49.907854157696576 ], [ -97.161315529655425, 49.908022453120815 ], [ -97.161876744202615, 49.907200325469617 ], [ -97.162077049457949, 49.906906929191798 ], [ -97.163371930167798, 49.907325961467201 ], [ -97.164508464083127, 49.907693741816338 ], [ -97.165206316745341, 49.907887193855082 ], [ -97.170895494249891, 49.909579006631077 ], [ -97.170855388918966, 49.910079291450629 ], [ -97.170765718769417, 49.910977402670952 ], [ -97.170661390152688, 49.911893197960573 ], [ -97.170596503579546, 49.912503796764788 ], [ -97.170540503144295, 49.912880710275566 ], [ -97.170453802740568, 49.913697889654443 ], [ -97.170400785565803, 49.913993889912923 ], [ -97.170336086234059, 49.914424325714904 ], [ -97.17030768430142, 49.914613102613743 ], [ -97.170267994786329, 49.914927292453676 ], [ -97.17020238488422, 49.915555912878382 ], [ -97.170070897576281, 49.91655300955243 ], [ -97.170057290281278, 49.916656173986127 ], [ -97.170055038882097, 49.916673134376154 ], [ -97.170026465268052, 49.916663760742644 ], [ -97.170010358215691, 49.916658473760243 ], [ -97.169487264713027, 49.91649285850815 ], [ -97.16937088322689, 49.916456562336776 ], [ -97.167965860637437, 49.916019074628572 ], [ -97.166208657829273, 49.915452866272766 ], [ -97.164222666882097, 49.914812959481665 ], [ -97.160816185466516, 49.913729056519557 ], [ -97.160756258853525, 49.913711359551321 ], [ -97.160743349958722, 49.913707554346757 ], [ -97.160719776475176, 49.913700573134079 ], [ -97.160657877377403, 49.913681559762317 ], [ -97.160527054412398, 49.913639074461955 ], [ -97.151595866460298, 49.91078497580385 ], [ -97.150819157673709, 49.91053979812186 ], [ -97.150873089177026, 49.910456406188054 ], [ -97.150923818004259, 49.910377997345947 ], [ -97.150982897514865, 49.910286698376737 ], [ -97.150986736465413, 49.91028074991209 ], [ -97.151027081828659, 49.910218418396603 ], [ -97.151080240066094, 49.910136180174099 ], [ -97.151129267444546, 49.910060423400182 ], [ -97.151193517606856, 49.909961086808615 ], [ -97.151247586819352, 49.909877532161367 ], [ -97.151285083744881, 49.909819518025586 ], [ -97.15133170031784, 49.909747434340908 ], [ -97.151367897500435, 49.909691455821559 ], [ -97.151444203313787, 49.909573494656222 ], [ -97.151850506219603, 49.909148201587854 ], [ -97.151897118369916, 49.909022991445639 ], [ -97.151787084611797, 49.908985301411192 ], [ -97.152579586182739, 49.907927503695085 ] ] ] } },
{ "type": "Feature", "properties": { "CTUID": "6020039.00", "greenspace_per_capita": 193.30024718864027 }, "geometry": { "type": "Polygon", "coordinates": [ [ [ -97.096475597661254, 49.91150839460834 ], [ -97.096362008455969, 49.911352044032469 ], [ -97.097310930095887, 49.911180191829985 ], [ -97.099644450307338, 49.91095752596253 ], [ -97.100124603748739, 49.910957173681531 ], [ -97.101125990605567, 49.91078391209993 ], [ -97.10231632162791, 49.910955471151532 ], [ -97.102791068718503, 49.910955109403901 ], [ -97.102927346531999, 49.910944667024935 ], [ -97.103203022775304, 49.910930339898236 ], [ -97.103476149991252, 49.910902647111357 ], [ -97.10415147340413, 49.910850932791689 ], [ -97.104415057908511, 49.910811253879949 ], [ -97.106060594678738, 49.910397112646656 ], [ -97.10662441524515, 49.910226404995676 ], [ -97.108122090893502, 49.909684199255281 ], [ -97.109285293138456, 49.909145511843406 ], [ -97.110227203956228, 49.908567098465397 ], [ -97.111161799614635, 49.907817798671182 ], [ -97.111900081147667, 49.907218295397762 ], [ -97.112226186427051, 49.906953607962478 ], [ -97.112486883334697, 49.906696989151506 ], [ -97.112673488196364, 49.906556106702823 ], [ -97.112932082897444, 49.906353498214791 ], [ -97.113132194477032, 49.906221799428259 ], [ -97.113620217016347, 49.905635128072021 ], [ -97.113779697046525, 49.905701279378249 ], [ -97.115704760660819, 49.906254694528975 ], [ -97.11635947691363, 49.906502328214231 ], [ -97.119559271996096, 49.908146824560653 ], [ -97.120323400671069, 49.90853179534659 ], [ -97.12041262842834, 49.908566156802017 ], [ -97.120611976442831, 49.908622278936541 ], [ -97.120912385735608, 49.908733518431056 ], [ -97.121191152591663, 49.908836810331607 ], [ -97.121938983126284, 49.909232496648457 ], [ -97.122276887284116, 49.90943680325784 ], [ -97.124426180064333, 49.910579288779928 ], [ -97.124940774900111, 49.910882867735388 ], [ -97.125771493858565, 49.911633609363641 ], [ -97.126086195587533, 49.912004783273183 ], [ -97.126383058503137, 49.912410431900689 ], [ -97.125555818941251, 49.912359936239277 ], [ -97.125198200257557, 49.912284797340476 ], [ -97.125184492252131, 49.912281909841283 ], [ -97.117708613148935, 49.910710942338177 ], [ -97.11748569631861, 49.910664090723721 ], [ -97.117002598915661, 49.911268012184102 ], [ -97.116165300942626, 49.91237869905828 ], [ -97.115944604223714, 49.912680992133495 ], [ -97.115710298925279, 49.912974002331872 ], [ -97.115460707329945, 49.913302796711065 ], [ -97.115181803290042, 49.913667012137473 ], [ -97.114917606812085, 49.914013500575479 ], [ -97.114623699636979, 49.914404509446364 ], [ -97.114435201331645, 49.914745092585648 ], [ -97.114219112392774, 49.915135488916469 ], [ -97.114120887950591, 49.915511703528708 ], [ -97.113909512890913, 49.916333108775163 ], [ -97.113858107190708, 49.916532887375702 ], [ -97.113680216666495, 49.916808786780116 ], [ -97.113457989483337, 49.917147006385846 ], [ -97.109400613941588, 49.915812601441104 ], [ -97.105466995339867, 49.91452509446367 ], [ -97.101548591748923, 49.913210697725461 ], [ -97.096475597661254, 49.91150839460834 ] ] ] } },
{ "type": "Feature", "properties": { "CTUID": "6020034.00", "greenspace_per_capita": 155.12823388384899 }, "geometry": { "type": "Polygon", "coordinates": [ [ [ -97.134180565460568, 49.905581422720424 ], [ -97.134191163637368, 49.905583182327867 ], [ -97.134377278063567, 49.905614173408999 ], [ -97.134388041949919, 49.905615975840618 ], [ -97.134513268346595, 49.905636859207938 ], [ -97.134568343904718, 49.905645984988752 ], [ -97.135458548541962, 49.905811478196959 ], [ -97.135673075080177, 49.905863781432963 ], [ -97.136006760250368, 49.905947378198348 ], [ -97.136788678184018, 49.906120865645036 ], [ -97.137462755643583, 49.906322064895683 ], [ -97.137575480294785, 49.906359676876264 ], [ -97.138388564639172, 49.906622781503543 ], [ -97.139144725222152, 49.906833378178945 ], [ -97.13938426336, 49.906900083335728 ], [ -97.139507450144947, 49.906941477162029 ], [ -97.144563969260034, 49.908549865568624 ], [ -97.144914766771223, 49.908663372454633 ], [ -97.14497759907438, 49.90868198235534 ], [ -97.144936061202756, 49.908750659807708 ], [ -97.144904629996091, 49.908802654843115 ], [ -97.144349008557043, 49.909721001063936 ], [ -97.144170915754529, 49.910005999165875 ], [ -97.143746487534955, 49.910694292193924 ], [ -97.143725022000169, 49.910729146699012 ], [ -97.143264782833825, 49.911475695193516 ], [ -97.143129793754596, 49.911725400236293 ], [ -97.143084604152392, 49.911814603151186 ], [ -97.142950985772828, 49.912028308229665 ], [ -97.142561106380782, 49.912750696096005 ], [ -97.141864686304899, 49.913836905137281 ], [ -97.141698408539881, 49.914175997155994 ], [ -97.141378684418669, 49.914521695535569 ], [ -97.140835578928318, 49.91524159565995 ], [ -97.140307106938849, 49.915943689099571 ], [ -97.139750000416413, 49.916663404926531 ], [ -97.139353717486401, 49.917187692015602 ], [ -97.139251786842223, 49.917303009920815 ], [ -97.136747112225294, 49.916507211203665 ], [ -97.134256305463126, 49.915711595800389 ], [ -97.132041297027286, 49.914992296417445 ], [ -97.131780003997889, 49.914907103765358 ], [ -97.131813017843669, 49.914772804150125 ], [ -97.131963304306609, 49.914127497803847 ], [ -97.132132794493188, 49.913347702056051 ], [ -97.132178307864564, 49.913127095502631 ], [ -97.132302989733049, 49.912522012167308 ], [ -97.132321296822212, 49.912433195243793 ], [ -97.132441281727779, 49.911850504655945 ], [ -97.13249000098223, 49.911671394826037 ], [ -97.132652782007838, 49.911062409855816 ], [ -97.13296421132398, 49.909853010639999 ], [ -97.133111698829822, 49.90927971267957 ], [ -97.133292209515716, 49.908571987878638 ], [ -97.13350791246792, 49.907676000754812 ], [ -97.133575368932867, 49.90741340745538 ], [ -97.133770187874646, 49.906654794020206 ], [ -97.133969404305518, 49.906149206571264 ], [ -97.134171615901593, 49.905635803043417 ], [ -97.134180565460568, 49.905581422720424 ] ] ] } },
{ "type": "Feature", "properties": { "CTUID": "6020035.00", "greenspace_per_capita": 338.65432218193513 }, "geometry": { "type": "Polygon", "coordinates": [ [ [ -97.125310402753669, 49.918090584919796 ], [ -97.124377599326792, 49.918197908732829 ], [ -97.124567993930285, 49.918063029384143 ], [ -97.125172054071314, 49.917631205068545 ], [ -97.125869466287824, 49.917005181128737 ], [ -97.125869681912306, 49.917004988537364 ], [ -97.126154206375674, 49.916701629898142 ], [ -97.12638404570599, 49.916456599306038 ], [ -97.126478857893488, 49.916157314324479 ], [ -97.126524754085182, 49.916011516006343 ], [ -97.126809870256082, 49.915190495391741 ], [ -97.126884734045191, 49.91496270797537 ], [ -97.126905345076779, 49.914902349035351 ], [ -97.126913267242159, 49.914879190044047 ], [ -97.126903345395505, 49.914830604260885 ], [ -97.126984996294738, 49.914428850849468 ], [ -97.126924883010986, 49.913903138995671 ], [ -97.126812626026947, 49.913525060041387 ], [ -97.126532079261551, 49.913058143811753 ], [ -97.126489633903319, 49.912720893734722 ], [ -97.126383058503137, 49.912410431900689 ], [ -97.126086195587533, 49.912004783273183 ], [ -97.125771493858565, 49.911633609363641 ], [ -97.124940774900111, 49.910882867735388 ], [ -97.124426180064333, 49.910579288779928 ], [ -97.122276887284116, 49.90943680325784 ], [ -97.121938983126284, 49.909232496648457 ], [ -97.122647733077741, 49.90865380245382 ], [ -97.122915011792685, 49.908583484979609 ], [ -97.123280899992096, 49.908491390659464 ], [ -97.12681451165362, 49.906443694879449 ], [ -97.12736979049393, 49.906128793592387 ], [ -97.127884094751053, 49.906514897744074 ], [ -97.128777406069361, 49.907186002424027 ], [ -97.12948138303031, 49.907710092815698 ], [ -97.1301446993143, 49.908206510901266 ], [ -97.13022608982692, 49.908261793850642 ], [ -97.131282297320837, 49.909043392391673 ], [ -97.131363694322459, 49.909098700250077 ], [ -97.131460111923246, 49.909127209775392 ], [ -97.133111698829822, 49.90927971267957 ], [ -97.13296421132398, 49.909853010639999 ], [ -97.132652782007838, 49.911062409855816 ], [ -97.13249000098223, 49.911671394826037 ], [ -97.132441281727779, 49.911850504655945 ], [ -97.132321296822212, 49.912433195243793 ], [ -97.132302989733049, 49.912522012167308 ], [ -97.132178307864564, 49.913127095502631 ], [ -97.132132794493188, 49.913347702056051 ], [ -97.131963304306609, 49.914127497803847 ], [ -97.131813017843669, 49.914772804150125 ], [ -97.131780003997889, 49.914907103765358 ], [ -97.131610920120792, 49.915678009054815 ], [ -97.131390315137324, 49.916340094621518 ], [ -97.130927019410166, 49.917151100362538 ], [ -97.130809794129178, 49.917302196851274 ], [ -97.130662900180596, 49.91749768874736 ], [ -97.130336584755113, 49.917922693569281 ], [ -97.129885414628873, 49.918510608270779 ], [ -97.129137386033307, 49.919479010007898 ], [ -97.125754238012632, 49.918252494891362 ], [ -97.125606307775257, 49.918198851918802 ], [ -97.125310402753669, 49.918090584919796 ] ] ] } },
{ "type": "Feature", "properties": { "CTUID": "6020130.01", "greenspace_per_capita": 563.52966032527377 }, "geometry": { "type": "Polygon", "coordinates": [ [ [ -97.069934297379234, 49.913408307024127 ], [ -97.070490214495734, 49.912742888178514 ], [ -97.071017081362214, 49.91210398829535 ], [ -97.074990296439054, 49.913420408231275 ], [ -97.075504016948827, 49.912763296534429 ], [ -97.076031984927525, 49.912097410172684 ], [ -97.076544918533642, 49.911458310531664 ], [ -97.077086810763078, 49.91079258678517 ], [ -97.078376010135869, 49.909194898548769 ], [ -97.078904611587831, 49.908511095682137 ], [ -97.079319002955103, 49.908248103799373 ], [ -97.080148402483545, 49.90770410761742 ], [ -97.080227082358604, 49.907650510354898 ], [ -97.080660194102563, 49.907091895734382 ], [ -97.084838804336698, 49.908492291490347 ], [ -97.085842488815842, 49.90882369670846 ], [ -97.089801897309144, 49.910139288765912 ], [ -97.09340420060812, 49.911332004445207 ], [ -97.09358104418753, 49.911423878916274 ], [ -97.091895841710439, 49.91275309013875 ], [ -97.090296789218129, 49.913995759187578 ], [ -97.089939338980614, 49.914273053665312 ], [ -97.089658787487565, 49.914490654147464 ], [ -97.089336625750207, 49.914743828671469 ], [ -97.089161179530691, 49.914881692324727 ], [ -97.088983690839569, 49.91502113840702 ], [ -97.088690063217499, 49.915251871227582 ], [ -97.087874237331675, 49.916026655905675 ], [ -97.086601884096794, 49.917049606739432 ], [ -97.084932754217519, 49.918390882318903 ], [ -97.083237681881911, 49.919716747350073 ], [ -97.082350906175364, 49.920350391600095 ], [ -97.081465107306414, 49.92110837997825 ], [ -97.080749251595407, 49.921637841501607 ], [ -97.08038124872958, 49.921910023222665 ], [ -97.080107013144513, 49.921844003119588 ], [ -97.075831182753134, 49.92051389026043 ], [ -97.066024389817301, 49.917575312677386 ], [ -97.066357686625167, 49.917153601229394 ], [ -97.066959800518802, 49.916381088988913 ], [ -97.067488287723293, 49.915706196258412 ], [ -97.067676079847146, 49.915538496737341 ], [ -97.068155203775206, 49.915051700135749 ], [ -97.068383700310591, 49.91491158714868 ], [ -97.068741792792849, 49.914665689777792 ], [ -97.069217301523423, 49.914268900410448 ], [ -97.069451215713002, 49.913993909249164 ], [ -97.069934297379234, 49.913408307024127 ] ] ] } },
{ "type": "Feature", "properties": { "CTUID": "6020032.00", "greenspace_per_capita": 156.52214898348916 }, "geometry": { "type": "Polygon", "coordinates": [ [ [ -97.171230218855058, 49.9053268996146 ], [ -97.171436584546342, 49.905393095270085 ], [ -97.171951294180175, 49.905555906064627 ], [ -97.172124680344638, 49.905610793334503 ], [ -97.1730739121993, 49.905922605193837 ], [ -97.174243813883791, 49.90629180858015 ], [ -97.174464086462692, 49.906358307910459 ], [ -97.175385889084069, 49.906660589061666 ], [ -97.176583300672775, 49.907039300282605 ], [ -97.177257887068393, 49.907247790222435 ], [ -97.177767193050343, 49.907408693516111 ], [ -97.178400285843878, 49.907607495272742 ], [ -97.180161397651972, 49.908183906874484 ], [ -97.180694528912198, 49.908340870121847 ], [ -97.180722886400986, 49.908349217262455 ], [ -97.181387487302544, 49.908544901279257 ], [ -97.18138799455599, 49.908545106635799 ], [ -97.183190418662264, 49.909121900126948 ], [ -97.183699694903012, 49.90928280378526 ], [ -97.184222584768321, 49.909452900964148 ], [ -97.185929085138227, 49.910001292966065 ], [ -97.186135895573543, 49.910058487688701 ], [ -97.187058784161451, 49.910333790584772 ], [ -97.188255381503694, 49.910739295532949 ], [ -97.189190608279517, 49.911059695961939 ], [ -97.189202167924392, 49.911065122563123 ], [ -97.189409591788291, 49.91116211213469 ], [ -97.189516787722241, 49.911218307312176 ], [ -97.189710086087842, 49.911319708690392 ], [ -97.190411101571982, 49.91194230955044 ], [ -97.190638000116621, 49.912206710638735 ], [ -97.191632880648982, 49.913166696980475 ], [ -97.192223906292298, 49.913751589168584 ], [ -97.192963719661364, 49.914455706227464 ], [ -97.194081597658268, 49.915480588687601 ], [ -97.194526611905388, 49.915874292403188 ], [ -97.194781412798307, 49.916139091664625 ], [ -97.194911920354542, 49.916375010695312 ], [ -97.19496249586534, 49.916510708978585 ], [ -97.195009715346146, 49.917114110754127 ], [ -97.195006986062822, 49.91793259128869 ], [ -97.19498900454316, 49.918786899442054 ], [ -97.194998199984511, 49.919659499360151 ], [ -97.194999236237408, 49.919814414359855 ], [ -97.19499940743971, 49.919836987265143 ], [ -97.195000410051733, 49.919974391987076 ], [ -97.195000172179306, 49.920444518531433 ], [ -97.195000102229073, 49.920563201955943 ], [ -97.194999986256789, 49.920729897853313 ], [ -97.194996506716151, 49.921197588763185 ], [ -97.195011591212037, 49.921539696158973 ], [ -97.195021942888516, 49.922362653710387 ], [ -97.195032703097297, 49.923213088808488 ], [ -97.195028096644606, 49.923786410929885 ], [ -97.195027877591102, 49.923813376947088 ], [ -97.194999563309523, 49.923805470146725 ], [ -97.194696689028035, 49.923719478204028 ], [ -97.194585398737615, 49.923687873341137 ], [ -97.194559472435003, 49.923680457809525 ], [ -97.194258895158256, 49.923595167913504 ], [ -97.186090169423096, 49.921442244665826 ], [ -97.183714888215064, 49.920816070876022 ], [ -97.181570674533177, 49.920231463658986 ], [ -97.180340275277871, 49.919907272419081 ], [ -97.178901493215037, 49.91949965814316 ], [ -97.178369977685279, 49.919330866660204 ], [ -97.177787668028344, 49.919137657491547 ], [ -97.175877690436764, 49.918530865389073 ], [ -97.174332381583113, 49.918039861759262 ], [ -97.173712959182424, 49.917841263724945 ], [ -97.173246591421375, 49.917694770496681 ], [ -97.172446373620275, 49.91744345980397 ], [ -97.172081362717236, 49.917324158984002 ], [ -97.171474383399413, 49.917132067656802 ], [ -97.170851864640696, 49.916930982520761 ], [ -97.170313064002713, 49.916757657129928 ], [ -97.170309758359679, 49.916756568074774 ], [ -97.170244457903095, 49.916735182835957 ], [ -97.17023420611109, 49.916731804403739 ], [ -97.170065283995555, 49.916676461452724 ], [ -97.170055038882097, 49.916673134376154 ], [ -97.170057290281278, 49.916656173986127 ], [ -97.170070897576281, 49.91655300955243 ], [ -97.17020238488422, 49.915555912878382 ], [ -97.170267994786329, 49.914927292453676 ], [ -97.17030768430142, 49.914613102613743 ], [ -97.170336086234059, 49.914424325714904 ], [ -97.170400785565803, 49.913993889912923 ], [ -97.170453802740568, 49.913697889654443 ], [ -97.170540503144295, 49.912880710275566 ], [ -97.170596503579546, 49.912503796764788 ], [ -97.170661390152688, 49.911893197960573 ], [ -97.170765718769417, 49.910977402670952 ], [ -97.170855388918966, 49.910079291450629 ], [ -97.170895494249891, 49.909579006631077 ], [ -97.170934595786392, 49.909091088803386 ], [ -97.170969589254156, 49.908533996356695 ], [ -97.17102120229778, 49.907905110577317 ], [ -97.171040590201969, 49.907392704579259 ], [ -97.171088192951089, 49.906871792670643 ], [ -97.171161217645633, 49.906045410936656 ], [ -97.171230218855058, 49.9053268996146 ] ] ] } },
{ "type": "Feature", "properties": { "CTUID": "6020040.00", "greenspace_per_capita": 539.92489931740658 }, "geometry": { "type": "Polygon", "coordinates": [ [ [ -97.11748569631861, 49.910664090723721 ], [ -97.117708613148935, 49.910710942338177 ], [ -97.125184492252131, 49.912281909841283 ], [ -97.125198200257557, 49.912284797340476 ], [ -97.125555818941251, 49.912359936239277 ], [ -97.126383058503137, 49.912410431900689 ], [ -97.126489633903319, 49.912720893734722 ], [ -97.126532079261551, 49.913058143811753 ], [ -97.126812626026947, 49.913525060041387 ], [ -97.126924883010986, 49.913903138995671 ], [ -97.126984996294738, 49.914428850849468 ], [ -97.126903345395505, 49.914830604260885 ], [ -97.126913267242159, 49.914879190044047 ], [ -97.126905345076779, 49.914902349035351 ], [ -97.126884734045191, 49.91496270797537 ], [ -97.126809870256082, 49.915190495391741 ], [ -97.126524754085182, 49.916011516006343 ], [ -97.126478857893488, 49.916157314324479 ], [ -97.12638404570599, 49.916456599306038 ], [ -97.126154206375674, 49.916701629898142 ], [ -97.125869681912306, 49.917004988537364 ], [ -97.125869466287824, 49.917005181128737 ], [ -97.125172054071314, 49.917631205068545 ], [ -97.124567993930285, 49.918063029384143 ], [ -97.124377599326792, 49.918197908732829 ], [ -97.12406698877642, 49.9184186490304 ], [ -97.123306614113844, 49.918746004390755 ], [ -97.121316906891067, 49.919350502389918 ], [ -97.118101894914815, 49.919713494680359 ], [ -97.117553629890423, 49.919266384333412 ], [ -97.117552423974132, 49.919265414170646 ], [ -97.117482237959749, 49.919213813330948 ], [ -97.116895690162281, 49.918660088841349 ], [ -97.117819812446172, 49.918540187756577 ], [ -97.113652583570982, 49.917159197623917 ], [ -97.113457989483337, 49.917147006385846 ], [ -97.113680216666495, 49.916808786780116 ], [ -97.113858107190708, 49.916532887375702 ], [ -97.113909512890913, 49.916333108775163 ], [ -97.114120887950591, 49.915511703528708 ], [ -97.114219112392774, 49.915135488916469 ], [ -97.114435201331645, 49.914745092585648 ], [ -97.114623699636979, 49.914404509446364 ], [ -97.114917606812085, 49.914013500575479 ], [ -97.115181803290042, 49.913667012137473 ], [ -97.115460707329945, 49.913302796711065 ], [ -97.115710298925279, 49.912974002331872 ], [ -97.115944604223714, 49.912680992133495 ], [ -97.116165300942626, 49.91237869905828 ], [ -97.117002598915661, 49.911268012184102 ], [ -97.11748569631861, 49.910664090723721 ] ] ] } },
{ "type": "Feature", "properties": { "CTUID": "6020043.00", "greenspace_per_capita": 127.81558624024105 }, "geometry": { "type": "Polygon", "coordinates": [ [ [ -97.14497759907438, 49.90868198235534 ], [ -97.144990047555524, 49.908685658939255 ], [ -97.145011152978071, 49.908691870806791 ], [ -97.145107071423936, 49.908722644424792 ], [ -97.145119350829987, 49.908726562858035 ], [ -97.14521757947179, 49.908758169276744 ], [ -97.149104865953348, 49.909998662921041 ], [ -97.150819157673709, 49.91053979812186 ], [ -97.151595866460298, 49.91078497580385 ], [ -97.160527054412398, 49.913639074461955 ], [ -97.160657877377403, 49.913681559762317 ], [ -97.160719776475176, 49.913700573134079 ], [ -97.160743349958722, 49.913707554346757 ], [ -97.160728147201326, 49.913727850142635 ], [ -97.160711545789084, 49.913750031876496 ], [ -97.160662218706861, 49.913815930586566 ], [ -97.159247498530107, 49.91570629728821 ], [ -97.15850021009372, 49.916674886701976 ], [ -97.157766016056087, 49.917661700699277 ], [ -97.157032905954622, 49.91862150007308 ], [ -97.156475400458703, 49.91935920002868 ], [ -97.155947384692155, 49.920052398930345 ], [ -97.155375911824592, 49.92078988884785 ], [ -97.154818990406866, 49.921509599313389 ], [ -97.154408609142791, 49.922042792406877 ], [ -97.154320594529892, 49.9221583120299 ], [ -97.151788913001639, 49.921326409839416 ], [ -97.149283706991625, 49.920530895171389 ], [ -97.146778997688202, 49.919726296279961 ], [ -97.144260389130594, 49.918921508154313 ], [ -97.141797294567098, 49.918126409423323 ], [ -97.139251786842223, 49.917303009920815 ], [ -97.139353717486401, 49.917187692015602 ], [ -97.139750000416413, 49.916663404926531 ], [ -97.140307106938849, 49.915943689099571 ], [ -97.140835578928318, 49.91524159565995 ], [ -97.141378684418669, 49.914521695535569 ], [ -97.141698408539881, 49.914175997155994 ], [ -97.141864686304899, 49.913836905137281 ], [ -97.142561106380782, 49.912750696096005 ], [ -97.142950985772828, 49.912028308229665 ], [ -97.143084604152392, 49.911814603151186 ], [ -97.143129793754596, 49.911725400236293 ], [ -97.143264782833825, 49.911475695193516 ], [ -97.143725022000169, 49.910729146699012 ], [ -97.143746487534955, 49.910694292193924 ], [ -97.144170915754529, 49.910005999165875 ], [ -97.144349008557043, 49.909721001063936 ], [ -97.144904629996091, 49.908802654843115 ], [ -97.144936061202756, 49.908750659807708 ], [ -97.14497759907438, 49.90868198235534 ] ] ] } },
{ "type": "Feature", "properties": { "CTUID": "6020131.00", "greenspace_per_capita": 301.56252256294232 }, "geometry": { "type": "Polygon", "coordinates": [ [ [ -97.09358104418753, 49.911423878916274 ], [ -97.094128946297261, 49.911450704101952 ], [ -97.095250803001107, 49.91161404188486 ], [ -97.095834903323791, 49.911463113623739 ], [ -97.096036747334381, 49.911410940434742 ], [ -97.096362008455969, 49.911352044032469 ], [ -97.096475597661254, 49.91150839460834 ], [ -97.101548591748923, 49.913210697725461 ], [ -97.105466995339867, 49.91452509446367 ], [ -97.109400613941588, 49.915812601441104 ], [ -97.113457989483337, 49.917147006385846 ], [ -97.113652583570982, 49.917159197623917 ], [ -97.117819812446172, 49.918540187756577 ], [ -97.116895690162281, 49.918660088841349 ], [ -97.117482237959749, 49.919213813330948 ], [ -97.117552423974132, 49.919265414170646 ], [ -97.117553629890423, 49.919266384333412 ], [ -97.118101894914815, 49.919713494680359 ], [ -97.117750451607748, 49.919796312071156 ], [ -97.117166792444465, 49.919916725274383 ], [ -97.115651213792532, 49.920335388450084 ], [ -97.11402392011199, 49.921011499538814 ], [ -97.112738033399609, 49.92192084454198 ], [ -97.111617997559762, 49.923146029891036 ], [ -97.111606598788654, 49.923170588926148 ], [ -97.111557764715528, 49.923261988524217 ], [ -97.111459710820156, 49.923363851357905 ], [ -97.111427246084318, 49.923392534701478 ], [ -97.111250339067468, 49.923551601627111 ], [ -97.111215760853682, 49.923634196538352 ], [ -97.111208296161507, 49.923647553092778 ], [ -97.111196598037296, 49.923678852934913 ], [ -97.111140560183998, 49.923776896046313 ], [ -97.111013762631089, 49.923990683282831 ], [ -97.110988171448867, 49.924021741466802 ], [ -97.110942937329114, 49.924108732869321 ], [ -97.110928123929227, 49.924141362832138 ], [ -97.109939288866912, 49.923854351636258 ], [ -97.109717543194478, 49.923789257389934 ], [ -97.108176590022467, 49.923240492185606 ], [ -97.108052705596336, 49.923202507233512 ], [ -97.103198681641786, 49.921567103466515 ], [ -97.100613714123654, 49.920697211834536 ], [ -97.09654241772823, 49.919362203793717 ], [ -97.093599921445971, 49.91837831056646 ], [ -97.094347709103204, 49.918138794813423 ], [ -97.091238599225676, 49.917143194607448 ], [ -97.08822780794425, 49.916131111452046 ], [ -97.087874237331675, 49.916026655905675 ], [ -97.088690063217499, 49.915251871227582 ], [ -97.088983690839569, 49.91502113840702 ], [ -97.089161179530691, 49.914881692324727 ], [ -97.089336625750207, 49.914743828671469 ], [ -97.089658787487565, 49.914490654147464 ], [ -97.089939338980614, 49.914273053665312 ], [ -97.090296789218129, 49.913995759187578 ], [ -97.091895841710439, 49.91275309013875 ], [ -97.09358104418753, 49.911423878916274 ] ] ] } },
{ "type": "Feature", "properties": { "CTUID": "6020042.00", "greenspace_per_capita": 243.08330304687343 }, "geometry": { "type": "Polygon", "coordinates": [ [ [ -97.128819295382243, 49.922658087799753 ], [ -97.128567599001983, 49.922681002757251 ], [ -97.128557224893086, 49.922680083777713 ], [ -97.128442592465063, 49.922670002619931 ], [ -97.127162381228658, 49.922271501199383 ], [ -97.126997387763922, 49.922214892090906 ], [ -97.127101487157091, 49.92204559402591 ], [ -97.127745804436714, 49.921237506725859 ], [ -97.128360516685476, 49.920473911222601 ], [ -97.128492796329553, 49.920296094170034 ], [ -97.129137386033307, 49.919479010007898 ], [ -97.129885414628873, 49.918510608270779 ], [ -97.130336584755113, 49.917922693569281 ], [ -97.130662900180596, 49.91749768874736 ], [ -97.130809794129178, 49.917302196851274 ], [ -97.130927019410166, 49.917151100362538 ], [ -97.131390315137324, 49.916340094621518 ], [ -97.131610920120792, 49.915678009054815 ], [ -97.131780003997889, 49.914907103765358 ], [ -97.132041297027286, 49.914992296417445 ], [ -97.134256305463126, 49.915711595800389 ], [ -97.136747112225294, 49.916507211203665 ], [ -97.139251786842223, 49.917303009920815 ], [ -97.138780692641447, 49.917961100386051 ], [ -97.13828200363541, 49.918609702483764 ], [ -97.137636484132329, 49.919453907775342 ], [ -97.137152507102911, 49.920084800659495 ], [ -97.136668100108196, 49.920724612523465 ], [ -97.135920181223895, 49.921692996183523 ], [ -97.135304217946626, 49.922492694698953 ], [ -97.134527394602088, 49.923487605769239 ], [ -97.13391129770055, 49.924287304853031 ], [ -97.131379901825937, 49.923454897735631 ], [ -97.128819295382243, 49.922658087799753 ] ] ] } },
{ "type": "Feature", "properties": { "CTUID": "6020044.00", "greenspace_per_capita": 201.24604957304481 }, "geometry": { "type": "Polygon", "coordinates": [ [ [ -97.160743349958722, 49.913707554346757 ], [ -97.160756258853525, 49.913711359551321 ], [ -97.160816185466516, 49.913729056519557 ], [ -97.164222666882097, 49.914812959481665 ], [ -97.166208657829273, 49.915452866272766 ], [ -97.167965860637437, 49.916019074628572 ], [ -97.16937088322689, 49.916456562336776 ], [ -97.169487264713027, 49.91649285850815 ], [ -97.170010358215691, 49.916658473760243 ], [ -97.170026465268052, 49.916663760742644 ], [ -97.170055038882097, 49.916673134376154 ], [ -97.169912794440975, 49.918420705399875 ], [ -97.169866109794341, 49.91901890138881 ], [ -97.169790096703252, 49.919821991460253 ], [ -97.169702812858603, 49.920657197134467 ], [ -97.16958579276826, 49.921905599340299 ], [ -97.169500881884048, 49.922677800404934 ], [ -97.169453389499679, 49.923122502918645 ], [ -97.169414498353959, 49.923486011734127 ], [ -97.16932579247387, 49.924357103397426 ], [ -97.169236409340996, 49.925246211492443 ], [ -97.169133407225345, 49.926126097896756 ], [ -97.169066404906673, 49.926790693008094 ], [ -97.169047005882874, 49.92693429294885 ], [ -97.165398814712162, 49.92577020350484 ], [ -97.162907799507934, 49.924957208887932 ], [ -97.161820383132763, 49.924607203360139 ], [ -97.159316016565299, 49.923784889496609 ], [ -97.156810908927483, 49.922980510849406 ], [ -97.155764369570377, 49.922634997575464 ], [ -97.155531483461701, 49.922558083389795 ], [ -97.154320594529892, 49.9221583120299 ], [ -97.154408609142791, 49.922042792406877 ], [ -97.154818990406866, 49.921509599313389 ], [ -97.155375911824592, 49.92078988884785 ], [ -97.155947384692155, 49.920052398930345 ], [ -97.156475400458703, 49.91935920002868 ], [ -97.157032905954622, 49.91862150007308 ], [ -97.157766016056087, 49.917661700699277 ], [ -97.15850021009372, 49.916674886701976 ], [ -97.159247498530107, 49.91570629728821 ], [ -97.160662218706861, 49.913815930586566 ], [ -97.160711545789084, 49.913750031876496 ], [ -97.160728147201326, 49.913727850142635 ], [ -97.160743349958722, 49.913707554346757 ] ] ] } },
{ "type": "Feature", "properties": { "CTUID": "6020140.05", "greenspace_per_capita": 814.70307475046332 }, "geometry": { "type": "Polygon", "coordinates": [ [ [ -96.999959066412117, 49.931442435102269 ], [ -96.997704782760209, 49.930440494700214 ], [ -96.999997797487467, 49.930455905723548 ], [ -97.002142913395787, 49.930474902400306 ], [ -97.011072109779732, 49.930547487539904 ], [ -97.012994002702001, 49.930561195058743 ], [ -97.015571709999989, 49.930579601179609 ], [ -97.016713913019657, 49.93059009857182 ], [ -97.019097001213197, 49.930585890743231 ], [ -97.023136702281178, 49.930618896859791 ], [ -97.024843977162007, 49.930641948177914 ], [ -97.024781772801717, 49.928316863142221 ], [ -97.024776715992346, 49.928098177563236 ], [ -97.024688651297893, 49.925742970251989 ], [ -97.02480038093006, 49.923981357619105 ], [ -97.025095904394959, 49.922574711315882 ], [ -97.025126710533939, 49.92216139980026 ], [ -97.025149912917584, 49.921595101523764 ], [ -97.02514991291703, 49.921595101519131 ], [ -97.025149912917058, 49.921595101518655 ], [ -97.025076583869918, 49.921000197989699 ], [ -97.025219197983034, 49.915706778333089 ], [ -97.025220207142084, 49.91566961445956 ], [ -97.025220207142254, 49.915669614454337 ], [ -97.025229825794923, 49.915668075183227 ], [ -97.029322866162246, 49.915006261632797 ], [ -97.035605398490858, 49.913990060060428 ], [ -97.035295868696068, 49.915861204418007 ], [ -97.036342911789944, 49.915821991923337 ], [ -97.036385048704773, 49.914631745988316 ], [ -97.036472997924534, 49.914501251858994 ], [ -97.036643581240156, 49.914409263568167 ], [ -97.037638269307095, 49.914301385699979 ], [ -97.039261660233223, 49.914060896447978 ], [ -97.039275104753372, 49.914058895800089 ], [ -97.039408086674257, 49.914039354153694 ], [ -97.040859020353949, 49.914069556098987 ], [ -97.041729511269651, 49.914087681056145 ], [ -97.042561369695477, 49.914101160532859 ], [ -97.043055188710852, 49.914070420889196 ], [ -97.043511501092311, 49.91400560306559 ], [ -97.043546571742567, 49.914000109308347 ], [ -97.043679592347743, 49.914177134728419 ], [ -97.044872801037471, 49.915343851237942 ], [ -97.047333804883436, 49.914144411234282 ], [ -97.04811148714893, 49.913777788919084 ], [ -97.049756183994148, 49.913002598818458 ], [ -97.050838095242682, 49.912492695051824 ], [ -97.051062811703446, 49.912296110304851 ], [ -97.051442717465207, 49.912069795237002 ], [ -97.052053099156325, 49.911788103518305 ], [ -97.052446019839408, 49.911648898540264 ], [ -97.052600707967173, 49.911607296815745 ], [ -97.053657521323473, 49.911323010378148 ], [ -97.054137011083938, 49.911252107881836 ], [ -97.055376113334518, 49.911024205431545 ], [ -97.056149009560173, 49.910912999968978 ], [ -97.056216702767173, 49.910903296160583 ], [ -97.056678204609653, 49.910164491998344 ], [ -97.057533217255894, 49.90899150202624 ], [ -97.058039085046588, 49.908532191227415 ], [ -97.058683891294592, 49.908084209553749 ], [ -97.060922708209475, 49.907132298103463 ], [ -97.062744600957359, 49.906155312001907 ], [ -97.06333190968283, 49.9057513040853 ], [ -97.064148283338227, 49.904838505124808 ], [ -97.0657855562783, 49.903061114807265 ], [ -97.066172092771794, 49.902641490038413 ], [ -97.066289216039763, 49.902499493824699 ], [ -97.066611483204952, 49.902100104373687 ], [ -97.067783080822849, 49.90066239873655 ], [ -97.06863888094685, 49.898760694704769 ], [ -97.068777805524235, 49.898421204245039 ], [ -97.069026806031729, 49.898461397359654 ], [ -97.069607681028401, 49.8985610044165 ], [ -97.071626609745991, 49.898918408124125 ], [ -97.072013806682719, 49.898987789003272 ], [ -97.071823917577163, 49.899209498110721 ], [ -97.070747003179932, 49.900720806297201 ], [ -97.069523797590861, 49.902409504474058 ], [ -97.069186882837997, 49.902875007102139 ], [ -97.068816204544945, 49.903387192193343 ], [ -97.068668807882119, 49.903591595523693 ], [ -97.067901982979009, 49.904658197439389 ], [ -97.067843102126275, 49.904738200871982 ], [ -97.067048001543625, 49.905813303307411 ], [ -97.066707418314891, 49.906320398895232 ], [ -97.066104391035807, 49.907119912209083 ], [ -97.065722415814918, 49.907617195654367 ], [ -97.065397817909385, 49.908070606661269 ], [ -97.06533278712196, 49.908303312793265 ], [ -97.064942909114222, 49.908847693095737 ], [ -97.064403403420116, 49.909601089313149 ], [ -97.063932812995773, 49.91022289936069 ], [ -97.063814204320252, 49.910400792519994 ], [ -97.06341570918012, 49.910960908852267 ], [ -97.062928987441325, 49.911636404797918 ], [ -97.06278289547771, 49.911804810578488 ], [ -97.061545903697976, 49.913475212153827 ], [ -97.061428481080114, 49.913638919924736 ], [ -97.06133968351493, 49.913762735003715 ], [ -97.061217121265415, 49.913933619485761 ], [ -97.061148911017881, 49.914028699544374 ], [ -97.06102951637935, 49.91419520089535 ], [ -97.059917010855344, 49.915526987682554 ], [ -97.058702685904024, 49.916980705095625 ], [ -97.057251812184703, 49.918473799355588 ], [ -97.057115088121776, 49.918614392654035 ], [ -97.056422162921734, 49.919327494635631 ], [ -97.055331204747176, 49.920450190413227 ], [ -97.054721099374433, 49.921098132629204 ], [ -97.054426553931535, 49.921412289100374 ], [ -97.054094087547185, 49.921768041858108 ], [ -97.053367287302677, 49.92251309414273 ], [ -97.052598599825615, 49.923264799789628 ], [ -97.051420405976543, 49.924495303397137 ], [ -97.049609780708579, 49.926396662476726 ], [ -97.048967155933681, 49.927071426426167 ], [ -97.048170449069929, 49.927907934556991 ], [ -97.048094625066952, 49.927987580441666 ], [ -97.047939611188994, 49.928150359925674 ], [ -97.047750711973734, 49.928348702223381 ], [ -97.046702196494337, 49.929449549272988 ], [ -97.046167608565341, 49.930010806875501 ], [ -97.045365306252947, 49.930896807530026 ], [ -97.045405009304332, 49.931293295896225 ], [ -97.04497698831706, 49.931196092746042 ], [ -97.0446867136165, 49.931137204634844 ], [ -97.044340790687912, 49.931077392654558 ], [ -97.044137104362306, 49.931289904326889 ], [ -97.040091911464231, 49.935512202943933 ], [ -97.038614917773714, 49.937565104213306 ], [ -97.034969126645535, 49.942411858892392 ], [ -97.034399425718505, 49.943169093203636 ], [ -97.034296152057692, 49.943306374803491 ], [ -97.033590509229271, 49.944244296641898 ], [ -97.032406900824938, 49.945878910558285 ], [ -97.031920795408226, 49.945739324375559 ], [ -97.023689247731838, 49.94208132046132 ], [ -97.023667769267732, 49.942071790966509 ], [ -97.023331486638597, 49.941921207925397 ], [ -97.023122834848024, 49.941827814864787 ], [ -96.999959066412117, 49.931442435102269 ] ] ] } },
{ "type": "Feature", "properties": { "CTUID": "6020140.01", "greenspace_per_capita": 441.34125387692723 }, "geometry": { "type": "Polygon", "coordinates": [ [ [ -97.055590306275093, 49.924052606503437 ], [ -97.05515470925053, 49.924144187058126 ], [ -97.052598599825615, 49.923264799789628 ], [ -97.053367287302677, 49.92251309414273 ], [ -97.054094087547185, 49.921768041858108 ], [ -97.054426553931535, 49.921412289100374 ], [ -97.054721099374433, 49.921098132629204 ], [ -97.055331204747176, 49.920450190413227 ], [ -97.056422162921734, 49.919327494635631 ], [ -97.057115088121776, 49.918614392654035 ], [ -97.057251812184703, 49.918473799355588 ], [ -97.058702685904024, 49.916980705095625 ], [ -97.059917010855344, 49.915526987682554 ], [ -97.063937915098236, 49.91675488928378 ], [ -97.066024389817301, 49.917575312677386 ], [ -97.075831182753134, 49.92051389026043 ], [ -97.080107013144513, 49.921844003119588 ], [ -97.08038124872958, 49.921910023222665 ], [ -97.079145120058129, 49.922912258408758 ], [ -97.078797329293863, 49.923194225243527 ], [ -97.07873777252091, 49.923242515275575 ], [ -97.078551897330627, 49.923402871579945 ], [ -97.07852994216158, 49.923419864241964 ], [ -97.07817258015686, 49.92369656876506 ], [ -97.076979778036858, 49.924620078742329 ], [ -97.076627974014968, 49.924892448376944 ], [ -97.075756832025206, 49.925566871467339 ], [ -97.074618926790023, 49.92655463861044 ], [ -97.074065249427775, 49.926968228532104 ], [ -97.070983011733603, 49.929370097499579 ], [ -97.070707694345302, 49.929279404821877 ], [ -97.068616891937182, 49.928596990577546 ], [ -97.063611701972135, 49.926930410429406 ], [ -97.061934213271442, 49.92637160753366 ], [ -97.059060194751112, 49.925423998576548 ], [ -97.058125611156541, 49.925102608191295 ], [ -97.056943385455625, 49.924705005772388 ], [ -97.056228416147405, 49.924468111689833 ], [ -97.055914293345225, 49.924309911340799 ], [ -97.055590306275093, 49.924052606503437 ] ] ] } },
{ "type": "Feature", "properties": { "CTUID": "6020133.00", "greenspace_per_capita": 559.33306512235333 }, "geometry": { "type": "Polygon", "coordinates": [ [ [ -97.087874237331675, 49.916026655905675 ], [ -97.08822780794425, 49.916131111452046 ], [ -97.091238599225676, 49.917143194607448 ], [ -97.094347709103204, 49.918138794813423 ], [ -97.093599921445971, 49.91837831056646 ], [ -97.09654241772823, 49.919362203793717 ], [ -97.100613714123654, 49.920697211834536 ], [ -97.103198681641786, 49.921567103466515 ], [ -97.108052705596336, 49.923202507233512 ], [ -97.107558905197394, 49.923716204905659 ], [ -97.107326183764613, 49.923964291857239 ], [ -97.106584399894246, 49.924761699262916 ], [ -97.106463208302173, 49.924889206524206 ], [ -97.10600311273123, 49.925372908049482 ], [ -97.10566858652831, 49.925707607194759 ], [ -97.105277990616585, 49.92609860077031 ], [ -97.105117804676581, 49.926275905239976 ], [ -97.104623588072172, 49.92679850949412 ], [ -97.104480607795139, 49.926950609145649 ], [ -97.103881990280954, 49.927586888001059 ], [ -97.103155386518566, 49.928348597909832 ], [ -97.103022004076735, 49.928480889158678 ], [ -97.102343494003676, 49.929153901502978 ], [ -97.098231113027694, 49.927782189487544 ], [ -97.094559286610732, 49.926552613358048 ], [ -97.089938601269438, 49.925010411313693 ], [ -97.085388888583054, 49.923442189459522 ], [ -97.080879085993146, 49.921928412395062 ], [ -97.08038124872958, 49.921910023222665 ], [ -97.080749251595407, 49.921637841501607 ], [ -97.081465107306414, 49.92110837997825 ], [ -97.082350906175364, 49.920350391600095 ], [ -97.083237681881911, 49.919716747350073 ], [ -97.084932754217519, 49.918390882318903 ], [ -97.086601884096794, 49.917049606739432 ], [ -97.087874237331675, 49.916026655905675 ] ] ] } },
{ "type": "Feature", "properties": { "CTUID": "6020045.00", "greenspace_per_capita": 224.01740339350184 }, "geometry": { "type": "Polygon", "coordinates": [ [ [ -97.139251786842223, 49.917303009920815 ], [ -97.141797294567098, 49.918126409423323 ], [ -97.144260389130594, 49.918921508154313 ], [ -97.146778997688202, 49.919726296279961 ], [ -97.149283706991625, 49.920530895171389 ], [ -97.151788913001639, 49.921326409839416 ], [ -97.154320594529892, 49.9221583120299 ], [ -97.15379319988233, 49.922833595306024 ], [ -97.153295093721056, 49.923473312926141 ], [ -97.152678984059037, 49.92428199592748 ], [ -97.152166511309744, 49.924930500338753 ], [ -97.151653686752539, 49.925587893767606 ], [ -97.150977110654438, 49.926521598735327 ], [ -97.148983093745343, 49.929107297992303 ], [ -97.147937083352886, 49.928766808349522 ], [ -97.146904817256384, 49.92843550342365 ], [ -97.143958890999031, 49.927497787491546 ], [ -97.141412487374694, 49.926683510474831 ], [ -97.138865892756655, 49.925878109388563 ], [ -97.136374592584971, 49.925082489422415 ], [ -97.13391129770055, 49.924287304853031 ], [ -97.134527394602088, 49.923487605769239 ], [ -97.135304217946626, 49.922492694698953 ], [ -97.135920181223895, 49.921692996183523 ], [ -97.136668100108196, 49.920724612523465 ], [ -97.137152507102911, 49.920084800659495 ], [ -97.137636484132329, 49.919453907775342 ], [ -97.13828200363541, 49.918609702483764 ], [ -97.138780692641447, 49.917961100386051 ], [ -97.139251786842223, 49.917303009920815 ] ] ] } },
{ "type": "Feature", "properties": { "CTUID": "6020041.00", "greenspace_per_capita": 447.37721837504836 }, "geometry": { "type": "Polygon", "coordinates": [ [ [ -97.125310402753669, 49.918090584919796 ], [ -97.125606307775257, 49.918198851918802 ], [ -97.125754238012632, 49.918252494891362 ], [ -97.129137386033307, 49.919479010007898 ], [ -97.128492796329553, 49.920296094170034 ], [ -97.128360516685476, 49.920473911222601 ], [ -97.127745804436714, 49.921237506725859 ], [ -97.127101487157091, 49.92204559402591 ], [ -97.126997387763922, 49.922214892090906 ], [ -97.126449079792081, 49.923060490135718 ], [ -97.125956082174071, 49.92391611153198 ], [ -97.125448216465472, 49.924798392755804 ], [ -97.125193698660752, 49.925252988433357 ], [ -97.124999098640103, 49.925600709880698 ], [ -97.124819400209034, 49.925921587537061 ], [ -97.124640110139381, 49.926233493758694 ], [ -97.124429799581605, 49.926625897207117 ], [ -97.124025299696768, 49.927356894647737 ], [ -97.12395071073918, 49.92748159848076 ], [ -97.123488297087633, 49.928265690464862 ], [ -97.123218786061258, 49.928747106872663 ], [ -97.123009182675347, 49.929121494817515 ], [ -97.122934706813865, 49.929246192266291 ], [ -97.1225007841728, 49.93001279984054 ], [ -97.122013788554426, 49.930860901836866 ], [ -97.12193279662246, 49.931002009980944 ], [ -97.119166601141146, 49.930111611953805 ], [ -97.116730883317643, 49.929325505046414 ], [ -97.114626593813242, 49.92861670839202 ], [ -97.112205190555173, 49.927821694831835 ], [ -97.110768662652148, 49.927412535768632 ], [ -97.110756811435536, 49.927409158866205 ], [ -97.110459974268707, 49.92732194628487 ], [ -97.109891828722496, 49.927140027086836 ], [ -97.109893558984183, 49.926983554347082 ], [ -97.10990930516779, 49.926936597028082 ], [ -97.1099135254359, 49.926828695545971 ], [ -97.109918610078878, 49.926788281731824 ], [ -97.109923658205446, 49.926747895735332 ], [ -97.109946758929411, 49.926692036563018 ], [ -97.109941938645647, 49.926458085476035 ], [ -97.109957309891271, 49.926332440873722 ], [ -97.110002652768486, 49.926153286567242 ], [ -97.110032699804663, 49.926097548397671 ], [ -97.110064661255649, 49.925989150389434 ], [ -97.11008424628649, 49.925936505030663 ], [ -97.110098014303162, 49.925851243795769 ], [ -97.110140988545155, 49.925732791827372 ], [ -97.110183134813582, 49.925634481137756 ], [ -97.110225586597863, 49.925529480990917 ], [ -97.11025061351701, 49.925424194671137 ], [ -97.110327009287403, 49.925252281785141 ], [ -97.110365745011947, 49.925151747619289 ], [ -97.110439800655911, 49.92495060288104 ], [ -97.110476872355633, 49.924894981440303 ], [ -97.110567527101736, 49.924714289814865 ], [ -97.110679647627393, 49.924518201480943 ], [ -97.11079256409711, 49.924391879987979 ], [ -97.110893102574607, 49.924224886651714 ], [ -97.110928123929227, 49.924141362832138 ], [ -97.110942937329114, 49.924108732869321 ], [ -97.110988171448867, 49.924021741466802 ], [ -97.111013762631089, 49.923990683282831 ], [ -97.111140560183998, 49.923776896046313 ], [ -97.111196598037296, 49.923678852934913 ], [ -97.111208296161507, 49.923647553092778 ], [ -97.111215760853682, 49.923634196538352 ], [ -97.111250339067468, 49.923551601627111 ], [ -97.111427246084318, 49.923392534701478 ], [ -97.111459710820156, 49.923363851357905 ], [ -97.111557764715528, 49.923261988524217 ], [ -97.111606598788654, 49.923170588926148 ], [ -97.111617997559762, 49.923146029891036 ], [ -97.112738033399609, 49.92192084454198 ], [ -97.11402392011199, 49.921011499538814 ], [ -97.115651213792532, 49.920335388450084 ], [ -97.117166792444465, 49.919916725274383 ], [ -97.117750451607748, 49.919796312071156 ], [ -97.118101894914815, 49.919713494680359 ], [ -97.121316906891067, 49.919350502389918 ], [ -97.123306614113844, 49.918746004390755 ], [ -97.12406698877642, 49.9184186490304 ], [ -97.124377599326792, 49.918197908732829 ], [ -97.125310402753669, 49.918090584919796 ] ] ] } },
{ "type": "Feature", "properties": { "CTUID": "6020542.00", "greenspace_per_capita": 800.2724423619951 }, "geometry": { "type": "Polygon", "coordinates": [ [ [ -97.221612899826681, 49.930879945770741 ], [ -97.221192243827161, 49.930914733487803 ], [ -97.218317491745353, 49.931152428167749 ], [ -97.21230041227237, 49.93125531853979 ], [ -97.211843804307449, 49.931263099256299 ], [ -97.211608926057082, 49.931262521709442 ], [ -97.210450400292942, 49.931259590955435 ], [ -97.210004393342629, 49.931261690694861 ], [ -97.209767720281505, 49.931258102051935 ], [ -97.20675921975598, 49.931220599315829 ], [ -97.205504812982454, 49.931228199530317 ], [ -97.204376391169518, 49.931219708100123 ], [ -97.203289415591072, 49.931220801675885 ], [ -97.202133212943991, 49.931211904287665 ], [ -97.201004404435864, 49.931212397555804 ], [ -97.199875406779171, 49.93122189040276 ], [ -97.198802681999027, 49.931214193857315 ], [ -97.197646081904111, 49.931214190057297 ], [ -97.196448080775113, 49.931204595423281 ], [ -97.195180083065082, 49.931202789908404 ], [ -97.194998984512964, 49.931200007944554 ], [ -97.194995714293114, 49.930543310522268 ], [ -97.195009185268262, 49.928690596625778 ], [ -97.195010219498229, 49.927170506816601 ], [ -97.195005891415875, 49.92654080451446 ], [ -97.195022511419452, 49.924484987184968 ], [ -97.195027877591102, 49.923813376947088 ], [ -97.195028096644606, 49.923786410929885 ], [ -97.195032703097297, 49.923213088808488 ], [ -97.195021942888516, 49.922362653710387 ], [ -97.195011591212037, 49.921539696158973 ], [ -97.194996506716151, 49.921197588763185 ], [ -97.194999986256789, 49.920729897853313 ], [ -97.195000102229073, 49.920563201955943 ], [ -97.195000172179306, 49.920444518531433 ], [ -97.195000410051733, 49.919974391987076 ], [ -97.19499940743971, 49.919836987265143 ], [ -97.194999236237408, 49.919814414359855 ], [ -97.194998199984511, 49.919659499360151 ], [ -97.19498900454316, 49.918786899442054 ], [ -97.195006986062822, 49.91793259128869 ], [ -97.195009715346146, 49.917114110754127 ], [ -97.19496249586534, 49.916510708978585 ], [ -97.195171397395725, 49.916513997521925 ], [ -97.195354195165919, 49.916513708670713 ], [ -97.19674560636814, 49.916511509967336 ], [ -97.198863199426114, 49.916508409793671 ], [ -97.200172488857092, 49.91651079941942 ], [ -97.201273118430478, 49.916509909211818 ], [ -97.202582520696495, 49.916512208955623 ], [ -97.204142411540786, 49.916518399453999 ], [ -97.206677679938608, 49.916521598426655 ], [ -97.206858988332002, 49.91651539377218 ], [ -97.207904215476674, 49.916504609708632 ], [ -97.209338787841531, 49.916508811555175 ], [ -97.209896102564613, 49.916508388868436 ], [ -97.210760599960054, 49.916485801167369 ], [ -97.211124880840671, 49.916428405650713 ], [ -97.211617483322783, 49.91642849173698 ], [ -97.21227910575044, 49.916428590606792 ], [ -97.215248296203001, 49.916428995125735 ], [ -97.215415718759942, 49.916422599128325 ], [ -97.216265008333281, 49.916435712049072 ], [ -97.216571594191009, 49.916431387254057 ], [ -97.217978383158382, 49.916435009718285 ], [ -97.219051112566831, 49.916433499893998 ], [ -97.221043083465474, 49.916437100689336 ], [ -97.229565982185946, 49.916504602072649 ], [ -97.229631487895034, 49.925316096989128 ], [ -97.229630430514277, 49.926559914066083 ], [ -97.229628380540859, 49.928873589498302 ], [ -97.229631108768459, 49.929179397533048 ], [ -97.229642411493458, 49.930771691819288 ], [ -97.229641509540443, 49.931176495737716 ], [ -97.229616178478281, 49.933005386158364 ], [ -97.22959271954268, 49.932999163693253 ], [ -97.221612899826681, 49.930879945770741 ] ] ] } },
{ "type": "Feature", "properties": { "CTUID": "6020046.00", "greenspace_per_capita": 270.10486726929042 }, "geometry": { "type": "Polygon", "coordinates": [ [ [ -97.122241712739907, 49.930944007577089 ], [ -97.122166782981125, 49.931077704663949 ], [ -97.12193279662246, 49.931002009980944 ], [ -97.122013788554426, 49.930860901836866 ], [ -97.1225007841728, 49.93001279984054 ], [ -97.122934706813865, 49.929246192266291 ], [ -97.123009182675347, 49.929121494817515 ], [ -97.123218786061258, 49.928747106872663 ], [ -97.123488297087633, 49.928265690464862 ], [ -97.12395071073918, 49.92748159848076 ], [ -97.124025299696768, 49.927356894647737 ], [ -97.124429799581605, 49.926625897207117 ], [ -97.124640110139381, 49.926233493758694 ], [ -97.124819400209034, 49.925921587537061 ], [ -97.124999098640103, 49.925600709880698 ], [ -97.125193698660752, 49.925252988433357 ], [ -97.125448216465472, 49.924798392755804 ], [ -97.125956082174071, 49.92391611153198 ], [ -97.126449079792081, 49.923060490135718 ], [ -97.126997387763922, 49.922214892090906 ], [ -97.127162381228658, 49.922271501199383 ], [ -97.128442592465063, 49.922670002619931 ], [ -97.128557224893086, 49.922680083777713 ], [ -97.128567599001983, 49.922681002757251 ], [ -97.128819295382243, 49.922658087799753 ], [ -97.131379901825937, 49.923454897735631 ], [ -97.13391129770055, 49.924287304853031 ], [ -97.133120882805159, 49.925273003282875 ], [ -97.132520084160433, 49.926036905615888 ], [ -97.131873992820232, 49.926890010922314 ], [ -97.131287807942158, 49.927636105078314 ], [ -97.130818912072172, 49.928231196108634 ], [ -97.130537007841795, 49.92859118757648 ], [ -97.129998111813094, 49.929279390601927 ], [ -97.129895390961153, 49.929412693987551 ], [ -97.129336997097624, 49.930159205489851 ], [ -97.129013488923036, 49.930594802746469 ], [ -97.128675784353419, 49.931039099972871 ], [ -97.128101699995099, 49.931830392731115 ], [ -97.127512999173589, 49.932639407638987 ], [ -97.124939097032708, 49.93181519493541 ], [ -97.122241712739907, 49.930944007577089 ] ] ] } },
{ "type": "Feature", "properties": { "CTUID": "6020048.00", "greenspace_per_capita": 285.59886073054895 }, "geometry": { "type": "Polygon", "coordinates": [ [ [ -97.154320594529892, 49.9221583120299 ], [ -97.155531483461701, 49.922558083389795 ], [ -97.155764369570377, 49.922634997575464 ], [ -97.156810908927483, 49.922980510849406 ], [ -97.159316016565299, 49.923784889496609 ], [ -97.161820383132763, 49.924607203360139 ], [ -97.162907799507934, 49.924957208887932 ], [ -97.165398814712162, 49.92577020350484 ], [ -97.169047005882874, 49.92693429294885 ], [ -97.168961317907375, 49.927724499730672 ], [ -97.168875985043201, 49.928505713356557 ], [ -97.168785217539423, 49.929061995485583 ], [ -97.168522005212523, 49.929390608554286 ], [ -97.167953583968881, 49.930047304081484 ], [ -97.167400218962356, 49.930677110707983 ], [ -97.166672216885232, 49.931502187235779 ], [ -97.166092216191572, 49.932161205202313 ], [ -97.164837212668374, 49.933586994621642 ], [ -97.16438911196758, 49.934094089287228 ], [ -97.16432760856064, 49.934163598542817 ], [ -97.16384868949072, 49.933931090161046 ], [ -97.163038881581684, 49.933603494428695 ], [ -97.162873509638416, 49.933555908597334 ], [ -97.161771682540532, 49.933214597382673 ], [ -97.160724803992338, 49.932892096637559 ], [ -97.159637602970392, 49.932533111197877 ], [ -97.158591493227433, 49.932192700622394 ], [ -97.157503716954764, 49.931851599681302 ], [ -97.156485095548888, 49.931520502520939 ], [ -97.15535588358749, 49.931169788889605 ], [ -97.154323809092986, 49.93082948870267 ], [ -97.153236313694677, 49.930479406945636 ], [ -97.152190306039103, 49.930138905167759 ], [ -97.151143996536177, 49.929807411477739 ], [ -97.150098306294126, 49.92945789734253 ], [ -97.148983093745343, 49.929107297992303 ], [ -97.150977110654438, 49.926521598735327 ], [ -97.151653686752539, 49.925587893767606 ], [ -97.152166511309744, 49.924930500338753 ], [ -97.152678984059037, 49.92428199592748 ], [ -97.153295093721056, 49.923473312926141 ], [ -97.15379319988233, 49.922833595306024 ], [ -97.154320594529892, 49.9221583120299 ] ] ] } },
{ "type": "Feature", "properties": { "CTUID": "6020134.00", "greenspace_per_capita": 604.16018318996464 }, "geometry": { "type": "Polygon", "coordinates": [ [ [ -97.08038124872958, 49.921910023222665 ], [ -97.080879085993146, 49.921928412395062 ], [ -97.085388888583054, 49.923442189459522 ], [ -97.089938601269438, 49.925010411313693 ], [ -97.094559286610732, 49.926552613358048 ], [ -97.098231113027694, 49.927782189487544 ], [ -97.102343494003676, 49.929153901502978 ], [ -97.101789607356721, 49.929774492218812 ], [ -97.101207088046593, 49.9304125894311 ], [ -97.100624713108061, 49.931050701836348 ], [ -97.100070682165466, 49.931671188474461 ], [ -97.099473301583217, 49.932336088297021 ], [ -97.098810397508331, 49.932891906298877 ], [ -97.098120318701689, 49.933429301358736 ], [ -97.097689091090771, 49.933763999857263 ], [ -97.096855503320342, 49.934406999062674 ], [ -97.095504215413726, 49.935455210159731 ], [ -97.094584100635146, 49.936168696763289 ], [ -97.093621214105681, 49.936908399972623 ], [ -97.093066413835771, 49.937546893358984 ], [ -97.092439010904599, 49.937336897144064 ], [ -97.09186511384992, 49.937144798163303 ], [ -97.091490781122914, 49.937019507285967 ], [ -97.091003214159755, 49.936856312229182 ], [ -97.089751788753475, 49.936430992389958 ], [ -97.088472213167123, 49.936014111392339 ], [ -97.087289412718633, 49.935616804526397 ], [ -97.082680615661957, 49.934110503260065 ], [ -97.080534911872874, 49.933400311049162 ], [ -97.078058892027059, 49.932585712901194 ], [ -97.075955415723314, 49.931867194380409 ], [ -97.073452398533576, 49.931034087124296 ], [ -97.0705496982402, 49.930095294710995 ], [ -97.070248562730654, 49.929836065999346 ], [ -97.070983011733603, 49.929370097499579 ], [ -97.074065249427775, 49.926968228532104 ], [ -97.074618926790023, 49.92655463861044 ], [ -97.075756832025206, 49.925566871467339 ], [ -97.076627974014968, 49.924892448376944 ], [ -97.076979778036858, 49.924620078742329 ], [ -97.07817258015686, 49.92369656876506 ], [ -97.07852994216158, 49.923419864241964 ], [ -97.078551897330627, 49.923402871579945 ], [ -97.07873777252091, 49.923242515275575 ], [ -97.078797329293863, 49.923194225243527 ], [ -97.079145120058129, 49.922912258408758 ], [ -97.08038124872958, 49.921910023222665 ] ] ] } },
{ "type": "Feature", "properties": { "CTUID": "6020047.00", "greenspace_per_capita": 382.03123199887483 }, "geometry": { "type": "Polygon", "coordinates": [ [ [ -97.136527998996826, 49.933027496948156 ], [ -97.136176097270678, 49.933480606556799 ], [ -97.135588795913435, 49.934253703740836 ], [ -97.134986890387012, 49.935044601143701 ], [ -97.129935114406038, 49.933425101543499 ], [ -97.127512999173589, 49.932639407638987 ], [ -97.128101699995099, 49.931830392731115 ], [ -97.128675784353419, 49.931039099972871 ], [ -97.129013488923036, 49.930594802746469 ], [ -97.129336997097624, 49.930159205489851 ], [ -97.129895390961153, 49.929412693987551 ], [ -97.129998111813094, 49.929279390601927 ], [ -97.130537007841795, 49.92859118757648 ], [ -97.130818912072172, 49.928231196108634 ], [ -97.131287807942158, 49.927636105078314 ], [ -97.131873992820232, 49.926890010922314 ], [ -97.132520084160433, 49.926036905615888 ], [ -97.133120882805159, 49.925273003282875 ], [ -97.13391129770055, 49.924287304853031 ], [ -97.136374592584971, 49.925082489422415 ], [ -97.138865892756655, 49.925878109388563 ], [ -97.141412487374694, 49.926683510474831 ], [ -97.143958890999031, 49.927497787491546 ], [ -97.146904817256384, 49.92843550342365 ], [ -97.147937083352886, 49.928766808349522 ], [ -97.148983093745343, 49.929107297992303 ], [ -97.148220414927763, 49.930102599860412 ], [ -97.147620093500024, 49.93085748770465 ], [ -97.146959984525509, 49.931719490730472 ], [ -97.146388194444285, 49.932457009927269 ], [ -97.145934082115502, 49.933034403244207 ], [ -97.145634899390132, 49.933435910503206 ], [ -97.145125993669268, 49.93411880533511 ], [ -97.144994379390937, 49.934278589793763 ], [ -97.14443761932796, 49.93498929722265 ], [ -97.144099595424507, 49.935442602396186 ], [ -97.141594584974385, 49.934629007857502 ], [ -97.139075681388164, 49.933814990055652 ], [ -97.136527998996826, 49.933027496948156 ] ] ] } },
{ "type": "Feature", "properties": { "CTUID": "6020132.00", "greenspace_per_capita": 645.03760949934156 }, "geometry": { "type": "Polygon", "coordinates": [ [ [ -97.108052705596336, 49.923202507233512 ], [ -97.108176590022467, 49.923240492185606 ], [ -97.109717543194478, 49.923789257389934 ], [ -97.109939288866912, 49.923854351636258 ], [ -97.110928123929227, 49.924141362832138 ], [ -97.110893102574607, 49.924224886651714 ], [ -97.11079256409711, 49.924391879987979 ], [ -97.110679647627393, 49.924518201480943 ], [ -97.110567527101736, 49.924714289814865 ], [ -97.110476872355633, 49.924894981440303 ], [ -97.110439800655911, 49.92495060288104 ], [ -97.110365745011947, 49.925151747619289 ], [ -97.110327009287403, 49.925252281785141 ], [ -97.11025061351701, 49.925424194671137 ], [ -97.110225586597863, 49.925529480990917 ], [ -97.110183134813582, 49.925634481137756 ], [ -97.110140988545155, 49.925732791827372 ], [ -97.110098014303162, 49.925851243795769 ], [ -97.11008424628649, 49.925936505030663 ], [ -97.110064661255649, 49.925989150389434 ], [ -97.110032699804663, 49.926097548397671 ], [ -97.110002652768486, 49.926153286567242 ], [ -97.109957309891271, 49.926332440873722 ], [ -97.109941938645647, 49.926458085476035 ], [ -97.109946758929411, 49.926692036563018 ], [ -97.109923658205446, 49.926747895735332 ], [ -97.109918610078878, 49.926788281731824 ], [ -97.1099135254359, 49.926828695545971 ], [ -97.10990930516779, 49.926936597028082 ], [ -97.109893558984183, 49.926983554347082 ], [ -97.109891828722496, 49.927140027086836 ], [ -97.109891895381992, 49.927142739368755 ], [ -97.109895149993207, 49.92729840315441 ], [ -97.109896464336941, 49.927442350140289 ], [ -97.109895423388707, 49.927469279546273 ], [ -97.109906946133208, 49.927530198163218 ], [ -97.109890568979509, 49.927592889370366 ], [ -97.109896614079119, 49.927795401591908 ], [ -97.109886221578563, 49.927882940479144 ], [ -97.109929388414002, 49.928205194685106 ], [ -97.109958924907772, 49.928250642309479 ], [ -97.110001263727668, 49.928503182540275 ], [ -97.110000114206429, 49.92853239398184 ], [ -97.110015431733402, 49.928586644126575 ], [ -97.110029405925516, 49.928674539034859 ], [ -97.110035650309385, 49.928692647916947 ], [ -97.110070920380423, 49.928771931959979 ], [ -97.110102356452913, 49.928857886830755 ], [ -97.110107163449996, 49.929001881141957 ], [ -97.110128574998598, 49.929078697132802 ], [ -97.110134415900333, 49.929108053101189 ], [ -97.110167676072095, 49.929236743741463 ], [ -97.11022835862741, 49.929377137267963 ], [ -97.110312986910671, 49.929619146004143 ], [ -97.11035516588052, 49.929698553211125 ], [ -97.110386599969132, 49.929784482579286 ], [ -97.110431827891148, 49.929875185554678 ], [ -97.110464940980918, 49.929920701269658 ], [ -97.110520306192697, 49.930018286923406 ], [ -97.11054892580114, 49.9300884851299 ], [ -97.110564907435915, 49.930124749535999 ], [ -97.110624450287943, 49.930220534604139 ], [ -97.110656651692793, 49.930272384263461 ], [ -97.110705931141055, 49.930349653981231 ], [ -97.110728522553586, 49.93039498085551 ], [ -97.110753687287399, 49.930465104759492 ], [ -97.110761828716505, 49.93052369544057 ], [ -97.110774315409714, 49.930559887656436 ], [ -97.110791865848952, 49.930645652513512 ], [ -97.110842822107543, 49.930767942245197 ], [ -97.110883151851411, 49.930894549355067 ], [ -97.110914998888333, 49.930971481666049 ], [ -97.110923626923636, 49.931018846735832 ], [ -97.110974915357218, 49.931132143551814 ], [ -97.111015279086914, 49.931258697265434 ], [ -97.111034548865689, 49.931477138438517 ], [ -97.111046298132294, 49.931533545235297 ], [ -97.111122051296334, 49.931734954481939 ], [ -97.11119864836138, 49.93191384163422 ], [ -97.111228415906695, 49.931954802610221 ], [ -97.111248308006267, 49.932069800435045 ], [ -97.1112508020814, 49.932094601836916 ], [ -97.111274226261955, 49.932209644093739 ], [ -97.11131545122727, 49.93240143719153 ], [ -97.111336246166331, 49.932581697816872 ], [ -97.111339719022965, 49.932671731983618 ], [ -97.111366855389775, 49.932780084171327 ], [ -97.111379714346782, 49.932807281411634 ], [ -97.111407559765041, 49.932897696769047 ], [ -97.111404768742688, 49.932968226201247 ], [ -97.111415470546916, 49.933140696859944 ], [ -97.111429970975067, 49.933215140829972 ], [ -97.111440907176487, 49.933291792480389 ], [ -97.11146615354383, 49.933447347240666 ], [ -97.111468215656188, 49.933573306878564 ], [ -97.111462958702617, 49.933708140976961 ], [ -97.11144609200592, 49.933782033916422 ], [ -97.111449995766748, 49.934038491812665 ], [ -97.111447557689104, 49.93410144988605 ], [ -97.111398050928813, 49.934298498163237 ], [ -97.111394644656457, 49.934386132195336 ], [ -97.111364711636867, 49.934527300921211 ], [ -97.111336955317853, 49.934792199279741 ], [ -97.111295573529532, 49.934870245368288 ], [ -97.111244945696583, 49.935006594867311 ], [ -97.111187703833323, 49.935133856135252 ], [ -97.111118636609746, 49.935352175338451 ], [ -97.11107916351169, 49.935415401928289 ], [ -97.111033690975759, 49.93550908229529 ], [ -97.111014119008459, 49.935564987831967 ], [ -97.110935435600226, 49.93570539455748 ], [ -97.11087596032219, 49.935801140938693 ], [ -97.110850134632287, 49.935836687283583 ], [ -97.110717689642954, 49.936016690964863 ], [ -97.110641267343183, 49.936100899593995 ], [ -97.110549938412134, 49.93620734606219 ], [ -97.110519740494681, 49.936267594723681 ], [ -97.110490317320469, 49.936307600746105 ], [ -97.110456620160008, 49.936367751496263 ], [ -97.110362536955023, 49.936456135075858 ], [ -97.110300010152841, 49.936540585340886 ], [ -97.110260520130325, 49.936571454295567 ], [ -97.11019527210928, 49.93663558963361 ], [ -97.110062819632972, 49.936768930791871 ], [ -97.110060923452352, 49.936771023591014 ], [ -97.109904417743309, 49.936945636071584 ], [ -97.10985778689718, 49.936978644545988 ], [ -97.109736547374652, 49.937050886785364 ], [ -97.109619952689542, 49.937181648777056 ], [ -97.109420638410612, 49.937288601461248 ], [ -97.109222807852916, 49.937447232529536 ], [ -97.109133743953677, 49.937497531244396 ], [ -97.109033939119485, 49.93755440345555 ], [ -97.10882989623029, 49.937692697985817 ], [ -97.108762601703887, 49.937720832532015 ], [ -97.108601779402107, 49.937823894898642 ], [ -97.108483987999733, 49.937896184531141 ], [ -97.108349516308365, 49.937950248212381 ], [ -97.108288791446753, 49.937987447442126 ], [ -97.108118936387356, 49.938054390057893 ], [ -97.107991181823905, 49.938113035579455 ], [ -97.107885056790735, 49.938154051335097 ], [ -97.107784952765243, 49.938208610238135 ], [ -97.107721438624154, 49.9382390515444 ], [ -97.107636564566604, 49.938271381422553 ], [ -97.107453036286486, 49.938331395277189 ], [ -97.107227106260467, 49.938406446465372 ], [ -97.107032637972125, 49.938477440711331 ], [ -97.106908932981426, 49.938522651396042 ], [ -97.106834383845495, 49.938557379033853 ], [ -97.106626513834513, 49.938616981336914 ], [ -97.106538142152971, 49.938649237951594 ], [ -97.106361852754674, 49.938702578476978 ], [ -97.106108419064569, 49.938768177098197 ], [ -97.105981944640916, 49.93879770411602 ], [ -97.105869103388812, 49.938829479158166 ], [ -97.105686199268646, 49.938873729762605 ], [ -97.105605295587964, 49.93889262872225 ], [ -97.105447102758816, 49.938928293908532 ], [ -97.105369546819077, 49.938951747791066 ], [ -97.105243126601223, 49.938976692646079 ], [ -97.105151856546996, 49.938993194763185 ], [ -97.104926212211211, 49.939061448312707 ], [ -97.104817070403811, 49.939091136800549 ], [ -97.104735536287251, 49.939125795143589 ], [ -97.104622710217072, 49.939159895829057 ], [ -97.10455950286547, 49.939172393497621 ], [ -97.104345158472128, 49.939218393866973 ], [ -97.104170159358432, 49.939237984011605 ], [ -97.104117311148968, 49.93925282660895 ], [ -97.103991377512145, 49.93926654389346 ], [ -97.103886211660466, 49.939282827872084 ], [ -97.103801741132571, 49.939303932814234 ], [ -97.103665206856732, 49.939319688625211 ], [ -97.103465085113982, 49.9393568851998 ], [ -97.1032757155333, 49.939389784045446 ], [ -97.103219413857843, 49.939404577261158 ], [ -97.103103617501475, 49.939425177065672 ], [ -97.103015541204442, 49.939448490873197 ], [ -97.102709245204025, 49.939528897225188 ], [ -97.102558217817943, 49.939560140942405 ], [ -97.10244937298873, 49.939580887117991 ], [ -97.102319710456428, 49.939598991038082 ], [ -97.102140810101588, 49.939629778231172 ], [ -97.102052587692938, 49.939657599602803 ], [ -97.101964774857251, 49.939676397723652 ], [ -97.101908505079948, 49.939688938120433 ], [ -97.101602066508846, 49.939773900890771 ], [ -97.101450518903079, 49.939818646713704 ], [ -97.101330141013165, 49.939866130212224 ], [ -97.101043614824661, 49.939913741178067 ], [ -97.100905445436879, 49.939944634069079 ], [ -97.10079268656736, 49.939976476261528 ], [ -97.100718846549867, 49.939993287902439 ], [ -97.100676829513247, 49.940005715569498 ], [ -97.099680079810312, 49.939759134159367 ], [ -97.099296283433802, 49.939613499113449 ], [ -97.098399731453981, 49.939273293973336 ], [ -97.098254818803966, 49.939215304782955 ], [ -97.095879688399776, 49.938303806196863 ], [ -97.095019849748638, 49.938085285876952 ], [ -97.093217790289884, 49.937594406283928 ], [ -97.093066413835771, 49.937546893358984 ], [ -97.093621214105681, 49.936908399972623 ], [ -97.094584100635146, 49.936168696763289 ], [ -97.095504215413726, 49.935455210159731 ], [ -97.096855503320342, 49.934406999062674 ], [ -97.097689091090771, 49.933763999857263 ], [ -97.098120318701689, 49.933429301358736 ], [ -97.098810397508331, 49.932891906298877 ], [ -97.099473301583217, 49.932336088297021 ], [ -97.100070682165466, 49.931671188474461 ], [ -97.100624713108061, 49.931050701836348 ], [ -97.101207088046593, 49.9304125894311 ], [ -97.101789607356721, 49.929774492218812 ], [ -97.102343494003676, 49.929153901502978 ], [ -97.103022004076735, 49.928480889158678 ], [ -97.103155386518566, 49.928348597909832 ], [ -97.103881990280954, 49.927586888001059 ], [ -97.104480607795139, 49.926950609145649 ], [ -97.104623588072172, 49.92679850949412 ], [ -97.105117804676581, 49.926275905239976 ], [ -97.105277990616585, 49.92609860077031 ], [ -97.10566858652831, 49.925707607194759 ], [ -97.10600311273123, 49.925372908049482 ], [ -97.106463208302173, 49.924889206524206 ], [ -97.106584399894246, 49.924761699262916 ], [ -97.107326183764613, 49.923964291857239 ], [ -97.107558905197394, 49.923716204905659 ], [ -97.108052705596336, 49.923202507233512 ] ] ] } },
{ "type": "Feature", "properties": { "CTUID": "6020050.01", "greenspace_per_capita": 416.96551798166803 }, "geometry": { "type": "Polygon", "coordinates": [ [ [ -97.170055038882097, 49.916673134376154 ], [ -97.170065283995555, 49.916676461452724 ], [ -97.17023420611109, 49.916731804403739 ], [ -97.170244457903095, 49.916735182835957 ], [ -97.170309758359679, 49.916756568074774 ], [ -97.170313064002713, 49.916757657129928 ], [ -97.170851864640696, 49.916930982520761 ], [ -97.171474383399413, 49.917132067656802 ], [ -97.172081362717236, 49.917324158984002 ], [ -97.172446373620275, 49.91744345980397 ], [ -97.173246591421375, 49.917694770496681 ], [ -97.173712959182424, 49.917841263724945 ], [ -97.174332381583113, 49.918039861759262 ], [ -97.175877690436764, 49.918530865389073 ], [ -97.177787668028344, 49.919137657491547 ], [ -97.178369977685279, 49.919330866660204 ], [ -97.178901493215037, 49.91949965814316 ], [ -97.180340275277871, 49.919907272419081 ], [ -97.181570674533177, 49.920231463658986 ], [ -97.183714888215064, 49.920816070876022 ], [ -97.186090169423096, 49.921442244665826 ], [ -97.194258895158256, 49.923595167913504 ], [ -97.194559472435003, 49.923680457809525 ], [ -97.194585398737615, 49.923687873341137 ], [ -97.194696689028035, 49.923719478204028 ], [ -97.194999563309523, 49.923805470146725 ], [ -97.195027877591102, 49.923813376947088 ], [ -97.195022511419452, 49.924484987184968 ], [ -97.195005891415875, 49.92654080451446 ], [ -97.195010219498229, 49.927170506816601 ], [ -97.195009185268262, 49.928690596625778 ], [ -97.194995714293114, 49.930543310522268 ], [ -97.194998984512964, 49.931200007944554 ], [ -97.195004505387317, 49.93217161075458 ], [ -97.194999804467145, 49.933043995936778 ], [ -97.195003194341169, 49.933700692620469 ], [ -97.195027910340329, 49.935275194465184 ], [ -97.195033599077206, 49.937362112677903 ], [ -97.195033696140058, 49.938477499980749 ], [ -97.19502968505131, 49.938585306648044 ], [ -97.195034081052739, 49.941076991585284 ], [ -97.195031241689477, 49.943228104811382 ], [ -97.195031005746785, 49.943397588434927 ], [ -97.195022006594485, 49.945502306349439 ], [ -97.195023495862969, 49.945835090737937 ], [ -97.195030681532899, 49.946015090776726 ], [ -97.195033595589948, 49.946311994852913 ], [ -97.195035410384151, 49.947382388012215 ], [ -97.195065008193453, 49.949199904710959 ], [ -97.195061711870849, 49.949289800460789 ], [ -97.195089291107138, 49.950414610662271 ], [ -97.195092835139505, 49.951650184419087 ], [ -97.193609782452214, 49.951101361633405 ], [ -97.192173289671132, 49.950636456111702 ], [ -97.190324895799591, 49.950038170802067 ], [ -97.190043099862748, 49.949930361539366 ], [ -97.189872198182059, 49.949842263846129 ], [ -97.189715470273555, 49.949745379094324 ], [ -97.189658612998755, 49.949699070995678 ], [ -97.18903218244418, 49.949528913815833 ], [ -97.18772693082785, 49.949174349316323 ], [ -97.187420021449427, 49.949090994033838 ], [ -97.185868984068463, 49.948678589005446 ], [ -97.185703110701439, 49.948675996931073 ], [ -97.185126093091483, 49.948451095061635 ], [ -97.183335998662074, 49.94786539919793 ], [ -97.182577589035802, 49.947646591543396 ], [ -97.180749368468966, 49.947005304208169 ], [ -97.176063122976316, 49.94533893963748 ], [ -97.175788239225284, 49.945241198893569 ], [ -97.175632394637816, 49.945229564220327 ], [ -97.175438590074151, 49.945195066790525 ], [ -97.175148770649116, 49.945118463746383 ], [ -97.174968691749925, 49.945050681386128 ], [ -97.174956219111408, 49.945045999800698 ], [ -97.175671002221421, 49.944129111235377 ], [ -97.175789887608602, 49.943932996223332 ], [ -97.179468103940977, 49.939169587644066 ], [ -97.180611090832258, 49.937685388712467 ], [ -97.181884714711998, 49.936059291478145 ], [ -97.181934986098028, 49.935992989287151 ], [ -97.18333628849966, 49.934148113376139 ], [ -97.183528512370444, 49.933854305665001 ], [ -97.18357739673425, 49.933666212754979 ], [ -97.183575588980531, 49.93334231150704 ], [ -97.183021599459138, 49.931399701538645 ], [ -97.182971005280834, 49.93126399222237 ], [ -97.182643015499139, 49.93035040640509 ], [ -97.182317482162802, 49.929373805816986 ], [ -97.18195290246986, 49.928324691392461 ], [ -97.181652109264874, 49.927429509858541 ], [ -97.179284382028086, 49.926663703492949 ], [ -97.175967516472426, 49.925577198174821 ], [ -97.172939002611301, 49.924602993145797 ], [ -97.169620988840791, 49.923552187561278 ], [ -97.169414498353959, 49.923486011734127 ], [ -97.169453389499679, 49.923122502918645 ], [ -97.169500881884048, 49.922677800404934 ], [ -97.16958579276826, 49.921905599340299 ], [ -97.169702812858603, 49.920657197134467 ], [ -97.169790096703252, 49.919821991460253 ], [ -97.169866109794341, 49.91901890138881 ], [ -97.169912794440975, 49.918420705399875 ], [ -97.170055038882097, 49.916673134376154 ] ] ] } },
{ "type": "Feature", "properties": { "CTUID": "6020050.02", "greenspace_per_capita": 257.10642499930429 }, "geometry": { "type": "Polygon", "coordinates": [ [ [ -97.169414498353959, 49.923486011734127 ], [ -97.169620988840791, 49.923552187561278 ], [ -97.172939002611301, 49.924602993145797 ], [ -97.175967516472426, 49.925577198174821 ], [ -97.179284382028086, 49.926663703492949 ], [ -97.181652109264874, 49.927429509858541 ], [ -97.18195290246986, 49.928324691392461 ], [ -97.182317482162802, 49.929373805816986 ], [ -97.182643015499139, 49.93035040640509 ], [ -97.182971005280834, 49.93126399222237 ], [ -97.183021599459138, 49.931399701538645 ], [ -97.183575588980531, 49.93334231150704 ], [ -97.18357739673425, 49.933666212754979 ], [ -97.183528512370444, 49.933854305665001 ], [ -97.18333628849966, 49.934148113376139 ], [ -97.181934986098028, 49.935992989287151 ], [ -97.181884714711998, 49.936059291478145 ], [ -97.180611090832258, 49.937685388712467 ], [ -97.179468103940977, 49.939169587644066 ], [ -97.175789887608602, 49.943932996223332 ], [ -97.175671002221421, 49.944129111235377 ], [ -97.174956219111408, 49.945045999800698 ], [ -97.174949476785784, 49.945043466436118 ], [ -97.17429556822978, 49.944826282218465 ], [ -97.174191384116568, 49.944791653440674 ], [ -97.174170746879796, 49.944785834437049 ], [ -97.169836684087258, 49.943560562949934 ], [ -97.169835230949204, 49.94356017568267 ], [ -97.168347642931764, 49.943142006505177 ], [ -97.168345343796261, 49.943141276802315 ], [ -97.165569544124494, 49.942389045021592 ], [ -97.1654098866277, 49.942357112764128 ], [ -97.163875902494055, 49.941890008358079 ], [ -97.163651243142453, 49.941821582857955 ], [ -97.163411772313395, 49.941748651756967 ], [ -97.162627946903257, 49.941583769685131 ], [ -97.162610284605393, 49.941575201454796 ], [ -97.162415600090497, 49.941563103756913 ], [ -97.162291319897733, 49.941534098887132 ], [ -97.161230119978683, 49.941229607825278 ], [ -97.159217000933083, 49.940280110595566 ], [ -97.159038015530754, 49.94022318612295 ], [ -97.159460379439537, 49.939744193182527 ], [ -97.160014388730559, 49.93910541351616 ], [ -97.160188679269311, 49.9389191975879 ], [ -97.160791888638613, 49.938229909853007 ], [ -97.16101929116752, 49.937970006756977 ], [ -97.161386007921578, 49.937551998841862 ], [ -97.161587490026349, 49.937322307186776 ], [ -97.161944306188076, 49.936914298294688 ], [ -97.161962744053355, 49.936893231905557 ], [ -97.162184799407029, 49.936639201951841 ], [ -97.162563681698742, 49.936204497093257 ], [ -97.162898419180493, 49.935832000974266 ], [ -97.163568512259786, 49.935068994480638 ], [ -97.16432760856064, 49.934163598542817 ], [ -97.16438911196758, 49.934094089287228 ], [ -97.164837212668374, 49.933586994621642 ], [ -97.166092216191572, 49.932161205202313 ], [ -97.166672216885232, 49.931502187235779 ], [ -97.167400218962356, 49.930677110707983 ], [ -97.167953583968881, 49.930047304081484 ], [ -97.168522005212523, 49.929390608554286 ], [ -97.168785217539423, 49.929061995485583 ], [ -97.168875985043201, 49.928505713356557 ], [ -97.168961317907375, 49.927724499730672 ], [ -97.169047005882874, 49.92693429294885 ], [ -97.169066404906673, 49.926790693008094 ], [ -97.169133407225345, 49.926126097896756 ], [ -97.169236409340996, 49.925246211492443 ], [ -97.16932579247387, 49.924357103397426 ], [ -97.169414498353959, 49.923486011734127 ] ] ] } },
{ "type": "Feature", "properties": { "CTUID": "6020049.00", "greenspace_per_capita": 446.8887979542979 }, "geometry": { "type": "Polygon", "coordinates": [ [ [ -97.148983093745343, 49.929107297992303 ], [ -97.150098306294126, 49.92945789734253 ], [ -97.151143996536177, 49.929807411477739 ], [ -97.152190306039103, 49.930138905167759 ], [ -97.153236313694677, 49.930479406945636 ], [ -97.154323809092986, 49.93082948870267 ], [ -97.15535588358749, 49.931169788889605 ], [ -97.156485095548888, 49.931520502520939 ], [ -97.157503716954764, 49.931851599681302 ], [ -97.158591493227433, 49.932192700622394 ], [ -97.159637602970392, 49.932533111197877 ], [ -97.160724803992338, 49.932892096637559 ], [ -97.161771682540532, 49.933214597382673 ], [ -97.162873509638416, 49.933555908597334 ], [ -97.163038881581684, 49.933603494428695 ], [ -97.16384868949072, 49.933931090161046 ], [ -97.16432760856064, 49.934163598542817 ], [ -97.163568512259786, 49.935068994480638 ], [ -97.162898419180493, 49.935832000974266 ], [ -97.162563681698742, 49.936204497093257 ], [ -97.162184799407029, 49.936639201951841 ], [ -97.161962744053355, 49.936893231905557 ], [ -97.161944306188076, 49.936914298294688 ], [ -97.161587490026349, 49.937322307186776 ], [ -97.161386007921578, 49.937551998841862 ], [ -97.16101929116752, 49.937970006756977 ], [ -97.160791888638613, 49.938229909853007 ], [ -97.160188679269311, 49.9389191975879 ], [ -97.160014388730559, 49.93910541351616 ], [ -97.159460379439537, 49.939744193182527 ], [ -97.159038015530754, 49.94022318612295 ], [ -97.158583065104963, 49.940071614954007 ], [ -97.156657104602203, 49.939429790015815 ], [ -97.155539913914481, 49.939124196173708 ], [ -97.151850405976361, 49.937932096155592 ], [ -97.146577587766529, 49.936237906871916 ], [ -97.145109894281362, 49.935766803198433 ], [ -97.145025324573197, 49.935739682090002 ], [ -97.144099595424507, 49.935442602396186 ], [ -97.14443761932796, 49.93498929722265 ], [ -97.144994379390937, 49.934278589793763 ], [ -97.145125993669268, 49.93411880533511 ], [ -97.145634899390132, 49.933435910503206 ], [ -97.145934082115502, 49.933034403244207 ], [ -97.146388194444285, 49.932457009927269 ], [ -97.146959984525509, 49.931719490730472 ], [ -97.147620093500024, 49.93085748770465 ], [ -97.148220414927763, 49.930102599860412 ], [ -97.148983093745343, 49.929107297992303 ] ] ] } },
{ "type": "Feature", "properties": { "CTUID": "6020141.01", "greenspace_per_capita": 390.89112223545857 }, "geometry": { "type": "Polygon", "coordinates": [ [ [ -97.070248562730654, 49.929836065999346 ], [ -97.0705496982402, 49.930095294710995 ], [ -97.073452398533576, 49.931034087124296 ], [ -97.075955415723314, 49.931867194380409 ], [ -97.078058892027059, 49.932585712901194 ], [ -97.080534911872874, 49.933400311049162 ], [ -97.082680615661957, 49.934110503260065 ], [ -97.082065392971515, 49.934864897677748 ], [ -97.081450107866729, 49.935619292351646 ], [ -97.08111158574485, 49.936072397378894 ], [ -97.080982415191457, 49.936232523243675 ], [ -97.080803719416124, 49.936454092205992 ], [ -97.080129901452196, 49.937279505744591 ], [ -97.079513400559378, 49.938060803296182 ], [ -97.078764905814808, 49.939010906613184 ], [ -97.078179481210384, 49.939711791100414 ], [ -97.077738973007015, 49.940263174279032 ], [ -97.077534097397219, 49.940519595528308 ], [ -97.073572203213644, 49.939212601720875 ], [ -97.070449386399474, 49.938189213068583 ], [ -97.067648993850725, 49.937256901323693 ], [ -97.066268294065168, 49.936797292476726 ], [ -97.06332500792827, 49.935821708628758 ], [ -97.062986010372768, 49.935709992271704 ], [ -97.062886940296877, 49.935677362448537 ], [ -97.063062185331432, 49.935538133050024 ], [ -97.064325596965944, 49.934534343754684 ], [ -97.065849461744364, 49.933323896943314 ], [ -97.066429530061498, 49.932863125899495 ], [ -97.066603335753598, 49.93272505271694 ], [ -97.066781983895297, 49.93258315386278 ], [ -97.067883279878842, 49.931708265578777 ], [ -97.068351380418491, 49.931336378734805 ], [ -97.070248562730654, 49.929836065999346 ] ] ] } },
{ "type": "Feature", "properties": { "CTUID": "6020550.00", "greenspace_per_capita": 227.50330721791241 }, "geometry": { "type": "Polygon", "coordinates": [ [ [ -97.109891828722496, 49.927140027086836 ], [ -97.110459974268707, 49.92732194628487 ], [ -97.110756811435536, 49.927409158866205 ], [ -97.110768662652148, 49.927412535768632 ], [ -97.112205190555173, 49.927821694831835 ], [ -97.114626593813242, 49.92861670839202 ], [ -97.116730883317643, 49.929325505046414 ], [ -97.119166601141146, 49.930111611953805 ], [ -97.12193279662246, 49.931002009980944 ], [ -97.121543912183938, 49.931688300409924 ], [ -97.121484316385278, 49.931786310260456 ], [ -97.121410117004601, 49.931901991088004 ], [ -97.121079304499617, 49.932526306115484 ], [ -97.121001700394189, 49.932621398377556 ], [ -97.120914807067678, 49.932727799014792 ], [ -97.120332984257416, 49.93344069337622 ], [ -97.119968411031607, 49.933857605699146 ], [ -97.119720812664454, 49.934132392613918 ], [ -97.119298016311561, 49.934611310664039 ], [ -97.119093612517787, 49.934850809319336 ], [ -97.118641197211801, 49.935374193314516 ], [ -97.118538493957772, 49.935507406371393 ], [ -97.117983987367879, 49.936146094621755 ], [ -97.117428506888047, 49.936811707287802 ], [ -97.116888295825063, 49.937441504999924 ], [ -97.116288503692672, 49.938169410662823 ], [ -97.115698811882623, 49.938996308033282 ], [ -97.115360487349292, 49.939449595866051 ], [ -97.11514040306939, 49.939733794305468 ], [ -97.114890190952522, 49.940071591948211 ], [ -97.11465439942944, 49.940400600901803 ], [ -97.114418590959843, 49.940729506905605 ], [ -97.114168816957061, 49.941058304187116 ], [ -97.113844804189611, 49.94150280590928 ], [ -97.113285589837048, 49.942258304790585 ], [ -97.112726500975185, 49.943013691230611 ], [ -97.11222511231631, 49.943716204214503 ], [ -97.109236895633742, 49.942786003032587 ], [ -97.103525098066555, 49.94093871056787 ], [ -97.103433985753227, 49.940775303539702 ], [ -97.102263945110323, 49.940345375502424 ], [ -97.101879112222818, 49.940199908088751 ], [ -97.101043614824661, 49.939913741178067 ], [ -97.101330141013165, 49.939866130212224 ], [ -97.101450518903079, 49.939818646713704 ], [ -97.101602066508846, 49.939773900890771 ], [ -97.101908505079948, 49.939688938120433 ], [ -97.101964774857251, 49.939676397723652 ], [ -97.102052587692938, 49.939657599602803 ], [ -97.102140810101588, 49.939629778231172 ], [ -97.102319710456428, 49.939598991038082 ], [ -97.10244937298873, 49.939580887117991 ], [ -97.102558217817943, 49.939560140942405 ], [ -97.102709245204025, 49.939528897225188 ], [ -97.103015541204442, 49.939448490873197 ], [ -97.103103617501475, 49.939425177065672 ], [ -97.103219413857843, 49.939404577261158 ], [ -97.1032757155333, 49.939389784045446 ], [ -97.103465085113982, 49.9393568851998 ], [ -97.103665206856732, 49.939319688625211 ], [ -97.103801741132571, 49.939303932814234 ], [ -97.103886211660466, 49.939282827872084 ], [ -97.103991377512145, 49.93926654389346 ], [ -97.104117311148968, 49.93925282660895 ], [ -97.104170159358432, 49.939237984011605 ], [ -97.104345158472128, 49.939218393866973 ], [ -97.10455950286547, 49.939172393497621 ], [ -97.104622710217072, 49.939159895829057 ], [ -97.104735536287251, 49.939125795143589 ], [ -97.104817070403811, 49.939091136800549 ], [ -97.104926212211211, 49.939061448312707 ], [ -97.105151856546996, 49.938993194763185 ], [ -97.105243126601223, 49.938976692646079 ], [ -97.105369546819077, 49.938951747791066 ], [ -97.105447102758816, 49.938928293908532 ], [ -97.105605295587964, 49.93889262872225 ], [ -97.105686199268646, 49.938873729762605 ], [ -97.105869103388812, 49.938829479158166 ], [ -97.105981944640916, 49.93879770411602 ], [ -97.106108419064569, 49.938768177098197 ], [ -97.106361852754674, 49.938702578476978 ], [ -97.106538142152971, 49.938649237951594 ], [ -97.106626513834513, 49.938616981336914 ], [ -97.106834383845495, 49.938557379033853 ], [ -97.106908932981426, 49.938522651396042 ], [ -97.107032637972125, 49.938477440711331 ], [ -97.107227106260467, 49.938406446465372 ], [ -97.107453036286486, 49.938331395277189 ], [ -97.107636564566604, 49.938271381422553 ], [ -97.107721438624154, 49.9382390515444 ], [ -97.107784952765243, 49.938208610238135 ], [ -97.107885056790735, 49.938154051335097 ], [ -97.107991181823905, 49.938113035579455 ], [ -97.108118936387356, 49.938054390057893 ], [ -97.108288791446753, 49.937987447442126 ], [ -97.108349516308365, 49.937950248212381 ], [ -97.108483987999733, 49.937896184531141 ], [ -97.108601779402107, 49.937823894898642 ], [ -97.108762601703887, 49.937720832532015 ], [ -97.10882989623029, 49.937692697985817 ], [ -97.109033939119485, 49.93755440345555 ], [ -97.109133743953677, 49.937497531244396 ], [ -97.109222807852916, 49.937447232529536 ], [ -97.109420638410612, 49.937288601461248 ], [ -97.109619952689542, 49.937181648777056 ], [ -97.109736547374652, 49.937050886785364 ], [ -97.10985778689718, 49.936978644545988 ], [ -97.109904417743309, 49.936945636071584 ], [ -97.110060923452352, 49.936771023591014 ], [ -97.110062819632972, 49.936768930791871 ], [ -97.11019527210928, 49.93663558963361 ], [ -97.110260520130325, 49.936571454295567 ], [ -97.110300010152841, 49.936540585340886 ], [ -97.110362536955023, 49.936456135075858 ], [ -97.110456620160008, 49.936367751496263 ], [ -97.110490317320469, 49.936307600746105 ], [ -97.110519740494681, 49.936267594723681 ], [ -97.110549938412134, 49.93620734606219 ], [ -97.110641267343183, 49.936100899593995 ], [ -97.110717689642954, 49.936016690964863 ], [ -97.110850134632287, 49.935836687283583 ], [ -97.11087596032219, 49.935801140938693 ], [ -97.110935435600226, 49.93570539455748 ], [ -97.111014119008459, 49.935564987831967 ], [ -97.111033690975759, 49.93550908229529 ], [ -97.11107916351169, 49.935415401928289 ], [ -97.111118636609746, 49.935352175338451 ], [ -97.111187703833323, 49.935133856135252 ], [ -97.111244945696583, 49.935006594867311 ], [ -97.111295573529532, 49.934870245368288 ], [ -97.111336955317853, 49.934792199279741 ], [ -97.111364711636867, 49.934527300921211 ], [ -97.111394644656457, 49.934386132195336 ], [ -97.111398050928813, 49.934298498163237 ], [ -97.111447557689104, 49.93410144988605 ], [ -97.111449995766748, 49.934038491812665 ], [ -97.11144609200592, 49.933782033916422 ], [ -97.111462958702617, 49.933708140976961 ], [ -97.111468215656188, 49.933573306878564 ], [ -97.11146615354383, 49.933447347240666 ], [ -97.111440907176487, 49.933291792480389 ], [ -97.111429970975067, 49.933215140829972 ], [ -97.111415470546916, 49.933140696859944 ], [ -97.111404768742688, 49.932968226201247 ], [ -97.111407559765041, 49.932897696769047 ], [ -97.111379714346782, 49.932807281411634 ], [ -97.111366855389775, 49.932780084171327 ], [ -97.111339719022965, 49.932671731983618 ], [ -97.111336246166331, 49.932581697816872 ], [ -97.11131545122727, 49.93240143719153 ], [ -97.111274226261955, 49.932209644093739 ], [ -97.1112508020814, 49.932094601836916 ], [ -97.111248308006267, 49.932069800435045 ], [ -97.111228415906695, 49.931954802610221 ], [ -97.11119864836138, 49.93191384163422 ], [ -97.111122051296334, 49.931734954481939 ], [ -97.111046298132294, 49.931533545235297 ], [ -97.111034548865689, 49.931477138438517 ], [ -97.111015279086914, 49.931258697265434 ], [ -97.110974915357218, 49.931132143551814 ], [ -97.110923626923636, 49.931018846735832 ], [ -97.110914998888333, 49.930971481666049 ], [ -97.110883151851411, 49.930894549355067 ], [ -97.110842822107543, 49.930767942245197 ], [ -97.110791865848952, 49.930645652513512 ], [ -97.110774315409714, 49.930559887656436 ], [ -97.110761828716505, 49.93052369544057 ], [ -97.110753687287399, 49.930465104759492 ], [ -97.110728522553586, 49.93039498085551 ], [ -97.110705931141055, 49.930349653981231 ], [ -97.110656651692793, 49.930272384263461 ], [ -97.110624450287943, 49.930220534604139 ], [ -97.110564907435915, 49.930124749535999 ], [ -97.11054892580114, 49.9300884851299 ], [ -97.110520306192697, 49.930018286923406 ], [ -97.110464940980918, 49.929920701269658 ], [ -97.110431827891148, 49.929875185554678 ], [ -97.110386599969132, 49.929784482579286 ], [ -97.11035516588052, 49.929698553211125 ], [ -97.110312986910671, 49.929619146004143 ], [ -97.11022835862741, 49.929377137267963 ], [ -97.110167676072095, 49.929236743741463 ], [ -97.110134415900333, 49.929108053101189 ], [ -97.110128574998598, 49.929078697132802 ], [ -97.110107163449996, 49.929001881141957 ], [ -97.110102356452913, 49.928857886830755 ], [ -97.110070920380423, 49.928771931959979 ], [ -97.110035650309385, 49.928692647916947 ], [ -97.110029405925516, 49.928674539034859 ], [ -97.110015431733402, 49.928586644126575 ], [ -97.110000114206429, 49.92853239398184 ], [ -97.110001263727668, 49.928503182540275 ], [ -97.109958924907772, 49.928250642309479 ], [ -97.109929388414002, 49.928205194685106 ], [ -97.109886221578563, 49.927882940479144 ], [ -97.109896614079119, 49.927795401591908 ], [ -97.109890568979509, 49.927592889370366 ], [ -97.109906946133208, 49.927530198163218 ], [ -97.109895423388707, 49.927469279546273 ], [ -97.109896464336941, 49.927442350140289 ], [ -97.109895149993207, 49.92729840315441 ], [ -97.109891895381992, 49.927142739368755 ], [ -97.109891828722496, 49.927140027086836 ] ] ] } },
{ "type": "Feature", "properties": { "CTUID": "6020140.02", "greenspace_per_capita": 654.47388017048252 }, "geometry": { "type": "Polygon", "coordinates": [ [ [ -97.033040991651035, 49.946165001340731 ], [ -97.032695510520725, 49.946009108276492 ], [ -97.032406900824938, 49.945878910558285 ], [ -97.033590509229271, 49.944244296641898 ], [ -97.034296152057692, 49.943306374803491 ], [ -97.034399425718505, 49.943169093203636 ], [ -97.034969126645535, 49.942411858892392 ], [ -97.038614917773714, 49.937565104213306 ], [ -97.040091911464231, 49.935512202943933 ], [ -97.044137104362306, 49.931289904326889 ], [ -97.044340790687912, 49.931077392654558 ], [ -97.0446867136165, 49.931137204634844 ], [ -97.04497698831706, 49.931196092746042 ], [ -97.045405009304332, 49.931293295896225 ], [ -97.045365306252947, 49.930896807530026 ], [ -97.046167608565341, 49.930010806875501 ], [ -97.046702196494337, 49.929449549272988 ], [ -97.047750711973734, 49.928348702223381 ], [ -97.047939611188994, 49.928150359925674 ], [ -97.048094625066952, 49.927987580441666 ], [ -97.048170449069929, 49.927907934556991 ], [ -97.048967155933681, 49.927071426426167 ], [ -97.049609780708579, 49.926396662476726 ], [ -97.051420405976543, 49.924495303397137 ], [ -97.052598599825615, 49.923264799789628 ], [ -97.05515470925053, 49.924144187058126 ], [ -97.055590306275093, 49.924052606503437 ], [ -97.055914293345225, 49.924309911340799 ], [ -97.056228416147405, 49.924468111689833 ], [ -97.056943385455625, 49.924705005772388 ], [ -97.058125611156541, 49.925102608191295 ], [ -97.059060194751112, 49.925423998576548 ], [ -97.061934213271442, 49.92637160753366 ], [ -97.063611701972135, 49.926930410429406 ], [ -97.068616891937182, 49.928596990577546 ], [ -97.070707694345302, 49.929279404821877 ], [ -97.070983011733603, 49.929370097499579 ], [ -97.070248562730654, 49.929836065999346 ], [ -97.068351380418491, 49.931336378734805 ], [ -97.067883279878842, 49.931708265578777 ], [ -97.066781983895297, 49.93258315386278 ], [ -97.066603335753598, 49.93272505271694 ], [ -97.066429530061498, 49.932863125899495 ], [ -97.065849461744364, 49.933323896943314 ], [ -97.064325596965944, 49.934534343754684 ], [ -97.063062185331432, 49.935538133050024 ], [ -97.062886940296877, 49.935677362448537 ], [ -97.062710710579353, 49.93581736777621 ], [ -97.060376153790898, 49.937672014789484 ], [ -97.060023805103455, 49.937951906987514 ], [ -97.059443828575255, 49.938412610197368 ], [ -97.058594629226164, 49.939087147094753 ], [ -97.058383782240071, 49.939254630111996 ], [ -97.058187715310694, 49.939410365838299 ], [ -97.058010250550623, 49.939551307487271 ], [ -97.057834605717986, 49.939690807792616 ], [ -97.05714367270329, 49.940239604183773 ], [ -97.056947956429212, 49.940357065315958 ], [ -97.056799424149801, 49.940462310672764 ], [ -97.056702655709586, 49.940542140627024 ], [ -97.0566029441799, 49.940622151679783 ], [ -97.056064111789851, 49.940985896044275 ], [ -97.055830545127776, 49.94113426888638 ], [ -97.055702693505069, 49.941303781091783 ], [ -97.055853037062093, 49.941499065979073 ], [ -97.055473926706583, 49.941764344235445 ], [ -97.052680734001996, 49.943783894689354 ], [ -97.05251200998346, 49.943917873624038 ], [ -97.051694213592853, 49.944616483256674 ], [ -97.048424911545382, 49.947208105678918 ], [ -97.048176814392406, 49.947359967507104 ], [ -97.047072702897651, 49.948236494399559 ], [ -97.046885013971888, 49.94836691052128 ], [ -97.046725565442628, 49.948512082124452 ], [ -97.045563143794936, 49.949434831965846 ], [ -97.045474790422347, 49.949545401213122 ], [ -97.045387623981767, 49.949606402307722 ], [ -97.045228561632328, 49.949727445073556 ], [ -97.043911278273811, 49.950729587202147 ], [ -97.043805866111953, 49.950706865128055 ], [ -97.043056539186978, 49.950962120774719 ], [ -97.033040991651035, 49.946165001340731 ] ] ] } },
{ "type": "Feature", "properties": { "CTUID": "6020551.00", "greenspace_per_capita": 398.6936754398705 }, "geometry": { "type": "Polygon", "coordinates": [ [ [ -97.118538493957772, 49.935507406371393 ], [ -97.118641197211801, 49.935374193314516 ], [ -97.119093612517787, 49.934850809319336 ], [ -97.119298016311561, 49.934611310664039 ], [ -97.119720812664454, 49.934132392613918 ], [ -97.119968411031607, 49.933857605699146 ], [ -97.120332984257416, 49.93344069337622 ], [ -97.120914807067678, 49.932727799014792 ], [ -97.121001700394189, 49.932621398377556 ], [ -97.121079304499617, 49.932526306115484 ], [ -97.121410117004601, 49.931901991088004 ], [ -97.121484316385278, 49.931786310260456 ], [ -97.121543912183938, 49.931688300409924 ], [ -97.12193279662246, 49.931002009980944 ], [ -97.122166782981125, 49.931077704663949 ], [ -97.122241712739907, 49.930944007577089 ], [ -97.124939097032708, 49.93181519493541 ], [ -97.127512999173589, 49.932639407638987 ], [ -97.129935114406038, 49.933425101543499 ], [ -97.134986890387012, 49.935044601143701 ], [ -97.135588795913435, 49.934253703740836 ], [ -97.136176097270678, 49.933480606556799 ], [ -97.136527998996826, 49.933027496948156 ], [ -97.139075681388164, 49.933814990055652 ], [ -97.141594584974385, 49.934629007857502 ], [ -97.144099595424507, 49.935442602396186 ], [ -97.145025324573197, 49.935739682090002 ], [ -97.145109894281362, 49.935766803198433 ], [ -97.145107369886176, 49.935768361413359 ], [ -97.145104248399548, 49.935770262088795 ], [ -97.143419672835321, 49.936815181161876 ], [ -97.143337988897983, 49.936865841206135 ], [ -97.140311676396593, 49.93874257581809 ], [ -97.138570347088944, 49.939822322007473 ], [ -97.138564779709085, 49.93982577630382 ], [ -97.138546969378268, 49.939836871154135 ], [ -97.135452223321138, 49.941754473743728 ], [ -97.135446582412044, 49.941757983533471 ], [ -97.135419884368105, 49.94177446880056 ], [ -97.131616388787094, 49.944139865183409 ], [ -97.131097427368303, 49.944462329710419 ], [ -97.130833510323342, 49.944422394894318 ], [ -97.128355686346239, 49.943617909588063 ], [ -97.12586511771012, 49.942786088752221 ], [ -97.123345417898634, 49.941989707447362 ], [ -97.120812515826245, 49.941175195326451 ], [ -97.119435404090183, 49.940748091781295 ], [ -97.118306498619944, 49.940387901871752 ], [ -97.115676983506418, 49.939553704493136 ], [ -97.115360487349292, 49.939449595866051 ], [ -97.115698811882623, 49.938996308033282 ], [ -97.116288503692672, 49.938169410662823 ], [ -97.116888295825063, 49.937441504999924 ], [ -97.117428506888047, 49.936811707287802 ], [ -97.117983987367879, 49.936146094621755 ], [ -97.118538493957772, 49.935507406371393 ] ] ] } },
{ "type": "Feature", "properties": { "CTUID": "6020051.02", "greenspace_per_capita": 226.84752802178761 }, "geometry": { "type": "Polygon", "coordinates": [ [ [ -97.20675921975598, 49.931220599315829 ], [ -97.209767720281505, 49.931258102051935 ], [ -97.210004393342629, 49.931261690694861 ], [ -97.210450400292942, 49.931259590955435 ], [ -97.211608926057082, 49.931262521709442 ], [ -97.211843804307449, 49.931263099256299 ], [ -97.21230041227237, 49.93125531853979 ], [ -97.218317491745353, 49.931152428167749 ], [ -97.221192243827161, 49.930914733487803 ], [ -97.221612899826681, 49.930879945770741 ], [ -97.22959271954268, 49.932999163693253 ], [ -97.229616178478281, 49.933005386158364 ], [ -97.229616149361831, 49.933007612542283 ], [ -97.22963401033725, 49.934423500159838 ], [ -97.229646903588133, 49.935592995747193 ], [ -97.229641491861543, 49.936727690510615 ], [ -97.229626114313604, 49.93996419261105 ], [ -97.229626114314129, 49.939964192611882 ], [ -97.229626114314129, 49.939964192616074 ], [ -97.229642816410092, 49.939990109141817 ], [ -97.229512988836035, 49.940246994679136 ], [ -97.229182591167287, 49.94041219171671 ], [ -97.229182591169604, 49.940412191720888 ], [ -97.229182591167827, 49.940412191721784 ], [ -97.229334686108714, 49.940688392967054 ], [ -97.22942069514167, 49.941004495040666 ], [ -97.229442918962178, 49.942300092958618 ], [ -97.229470287146839, 49.943451911685941 ], [ -97.229453894527282, 49.945421491566385 ], [ -97.229450018507464, 49.945907091885353 ], [ -97.22944641602804, 49.946006011624981 ], [ -97.228596284322194, 49.946002000517488 ], [ -97.226407094992553, 49.946022598702854 ], [ -97.22586408544646, 49.946005290434151 ], [ -97.225697885112879, 49.945975697279295 ], [ -97.223912386807143, 49.946011389175226 ], [ -97.223410197167851, 49.946021698341895 ], [ -97.222769416501038, 49.946011794623864 ], [ -97.219842610165898, 49.946002906394547 ], [ -97.217662984872703, 49.946004188609066 ], [ -97.217584408822447, 49.946004195747207 ], [ -97.217375401930553, 49.946001003610682 ], [ -97.216728998320107, 49.946001093971084 ], [ -97.216498492119641, 49.946001191055309 ], [ -97.215647004707336, 49.946001410710856 ], [ -97.215034386431313, 49.945982991655328 ], [ -97.214559687853168, 49.946002703573676 ], [ -97.212970909662872, 49.94599619493934 ], [ -97.209194293852761, 49.945973894894287 ], [ -97.206866483828804, 49.945973908700559 ], [ -97.206741114810299, 49.945971998657114 ], [ -97.206744385287195, 49.945882103558354 ], [ -97.206764215777682, 49.944973893266216 ], [ -97.20679839933203, 49.944803493808202 ], [ -97.206807401543116, 49.944560810111341 ], [ -97.206801482467185, 49.944344806899842 ], [ -97.20687390806674, 49.943896195286342 ], [ -97.207122812049704, 49.943576196593042 ], [ -97.206772282439118, 49.938749508278313 ], [ -97.206776302506981, 49.938641698911482 ], [ -97.206777513808078, 49.937859109471923 ], [ -97.206776006574302, 49.937148508877918 ], [ -97.206761612564193, 49.93641069709124 ], [ -97.206761813366398, 49.935655098448144 ], [ -97.206771898197744, 49.935007589306778 ], [ -97.206774090396735, 49.934198104445528 ], [ -97.206773590660305, 49.933460502743287 ], [ -97.206758497694125, 49.932740691513516 ], [ -97.206758711930974, 49.931985205296463 ], [ -97.20675921975598, 49.931220599315829 ] ] ] } },
{ "type": "Feature", "properties": { "CTUID": "6020051.03", "greenspace_per_capita": 276.44327136299466 }, "geometry": { "type": "Polygon", "coordinates": [ [ [ -97.194998984512964, 49.931200007944554 ], [ -97.195180083065082, 49.931202789908404 ], [ -97.196448080775113, 49.931204595423281 ], [ -97.197646081904111, 49.931214190057297 ], [ -97.198802681999027, 49.931214193857315 ], [ -97.199875406779171, 49.93122189040276 ], [ -97.201004404435864, 49.931212397555804 ], [ -97.202133212943991, 49.931211904287665 ], [ -97.203289415591072, 49.931220801675885 ], [ -97.204376391169518, 49.931219708100123 ], [ -97.205504812982454, 49.931228199530317 ], [ -97.20675921975598, 49.931220599315829 ], [ -97.206758711930974, 49.931985205296463 ], [ -97.206758497694125, 49.932740691513516 ], [ -97.206773590660305, 49.933460502743287 ], [ -97.206774090396735, 49.934198104445528 ], [ -97.206771898197744, 49.935007589306778 ], [ -97.206761813366398, 49.935655098448144 ], [ -97.206761612564193, 49.93641069709124 ], [ -97.206776006574302, 49.937148508877918 ], [ -97.206777513808078, 49.937859109471923 ], [ -97.206776302506981, 49.938641698911482 ], [ -97.206772282439118, 49.938749508278313 ], [ -97.207122812049704, 49.943576196593042 ], [ -97.20687390806674, 49.943896195286342 ], [ -97.206801482467185, 49.944344806899842 ], [ -97.206807401543116, 49.944560810111341 ], [ -97.20679839933203, 49.944803493808202 ], [ -97.206764215777682, 49.944973893266216 ], [ -97.206744385287195, 49.945882103558354 ], [ -97.206741114810299, 49.945971998657114 ], [ -97.20502688383678, 49.94596340472053 ], [ -97.198614685972473, 49.945971905925639 ], [ -97.19738641479357, 49.946015809035281 ], [ -97.195755082112655, 49.946026411897407 ], [ -97.195295415823225, 49.946019294426151 ], [ -97.195030681532899, 49.946015090776726 ], [ -97.195023495862969, 49.945835090737937 ], [ -97.195022006594485, 49.945502306349439 ], [ -97.195031005746785, 49.943397588434927 ], [ -97.195031241689477, 49.943228104811382 ], [ -97.195034081052739, 49.941076991585284 ], [ -97.19502968505131, 49.938585306648044 ], [ -97.195033696140058, 49.938477499980749 ], [ -97.195033599077206, 49.937362112677903 ], [ -97.195027910340329, 49.935275194465184 ], [ -97.195003194341169, 49.933700692620469 ], [ -97.194999804467145, 49.933043995936778 ], [ -97.195004505387317, 49.93217161075458 ], [ -97.194998984512964, 49.931200007944554 ] ] ] } },
{ "type": "Feature", "properties": { "CTUID": "6020142.04", "greenspace_per_capita": 433.61435107675754 }, "geometry": { "type": "Polygon", "coordinates": [ [ [ -97.062886940296877, 49.935677362448537 ], [ -97.062986010372768, 49.935709992271704 ], [ -97.06332500792827, 49.935821708628758 ], [ -97.066268294065168, 49.936797292476726 ], [ -97.067648993850725, 49.937256901323693 ], [ -97.070449386399474, 49.938189213068583 ], [ -97.073572203213644, 49.939212601720875 ], [ -97.077534097397219, 49.940519595528308 ], [ -97.076975795770522, 49.941239005056886 ], [ -97.076459988177234, 49.941941003863626 ], [ -97.075889604222851, 49.94261518955868 ], [ -97.07564030791724, 49.942925898457069 ], [ -97.075057996779293, 49.943545903119549 ], [ -97.074627190174084, 49.943862498117234 ], [ -97.073182622476494, 49.944993573904497 ], [ -97.072825744382868, 49.94527301000484 ], [ -97.072623095895025, 49.945431662323983 ], [ -97.072512203232051, 49.945518491446713 ], [ -97.071962511295624, 49.945320410503065 ], [ -97.070132199454008, 49.944732301120858 ], [ -97.059565805354481, 49.941281792882521 ], [ -97.057794717219664, 49.940613406984582 ], [ -97.056947956429212, 49.940357065315958 ], [ -97.05714367270329, 49.940239604183773 ], [ -97.057834605717986, 49.939690807792616 ], [ -97.058010250550623, 49.939551307487271 ], [ -97.058187715310694, 49.939410365838299 ], [ -97.058383782240071, 49.939254630111996 ], [ -97.058594629226164, 49.939087147094753 ], [ -97.059443828575255, 49.938412610197368 ], [ -97.060023805103455, 49.937951906987514 ], [ -97.060376153790898, 49.937672014789484 ], [ -97.062710710579353, 49.93581736777621 ], [ -97.062886940296877, 49.935677362448537 ] ] ] } },
{ "type": "Feature", "properties": { "CTUID": "6020141.02", "greenspace_per_capita": 183.52740200159474 }, "geometry": { "type": "Polygon", "coordinates": [ [ [ -97.082680615661957, 49.934110503260065 ], [ -97.087289412718633, 49.935616804526397 ], [ -97.088472213167123, 49.936014111392339 ], [ -97.089751788753475, 49.936430992389958 ], [ -97.091003214159755, 49.936856312229182 ], [ -97.091490781122914, 49.937019507285967 ], [ -97.09186511384992, 49.937144798163303 ], [ -97.092439010904599, 49.937336897144064 ], [ -97.093066413835771, 49.937546893358984 ], [ -97.093217790289884, 49.937594406283928 ], [ -97.095019849748638, 49.938085285876952 ], [ -97.095879688399776, 49.938303806196863 ], [ -97.098254818803966, 49.939215304782955 ], [ -97.098399731453981, 49.939273293973336 ], [ -97.099296283433802, 49.939613499113449 ], [ -97.099680079810312, 49.939759134159367 ], [ -97.100676829513247, 49.940005715569498 ], [ -97.100553131003124, 49.940042278320909 ], [ -97.100355686259761, 49.940102036169158 ], [ -97.100292625151312, 49.940112247007214 ], [ -97.100123270461253, 49.940165698242588 ], [ -97.099950419227852, 49.940219076599654 ], [ -97.099875864407423, 49.940253824870339 ], [ -97.099781093249888, 49.940270249487028 ], [ -97.099668451681723, 49.940299885486056 ], [ -97.09957331683367, 49.940327580942856 ], [ -97.099332712342104, 49.940420336321516 ], [ -97.099251283481493, 49.940452733961379 ], [ -97.099183868948401, 49.940485342844582 ], [ -97.099130570807716, 49.940511432420301 ], [ -97.098950506363067, 49.940571426461908 ], [ -97.098854953452161, 49.940608093059915 ], [ -97.098749216379673, 49.940637826169137 ], [ -97.098508015992721, 49.940746337650012 ], [ -97.09844435106001, 49.940770029678021 ], [ -97.098394667365994, 49.940793986586982 ], [ -97.098302791660657, 49.940826189100392 ], [ -97.098106853580347, 49.94093544712787 ], [ -97.098003902996027, 49.940983240796442 ], [ -97.097889573473253, 49.941055539845522 ], [ -97.097768856825695, 49.941112038166025 ], [ -97.097715672865803, 49.94113589639489 ], [ -97.097619034941218, 49.941199545934644 ], [ -97.097540950458708, 49.941236497664441 ], [ -97.097458770460207, 49.941289083305669 ], [ -97.09738740641383, 49.941330643694357 ], [ -97.097269548673481, 49.941402948615142 ], [ -97.097233722565505, 49.941429349327571 ], [ -97.097122396476195, 49.941512946337539 ], [ -97.096981815273693, 49.941632035429244 ], [ -97.096952113430888, 49.941678777231637 ], [ -97.096854542400905, 49.94176715180383 ], [ -97.096724739704314, 49.941877441885886 ], [ -97.096644337604872, 49.941972843993653 ], [ -97.09650169941132, 49.942143644542455 ], [ -97.096441352895923, 49.942259578045203 ], [ -97.096374695999643, 49.942359680858686 ], [ -97.09635934247018, 49.942395442391891 ], [ -97.096329788410955, 49.942437701379461 ], [ -97.096309891563251, 49.942500346554631 ], [ -97.096244745482394, 49.942649954212101 ], [ -97.0961961693977, 49.942822296433199 ], [ -97.096158820835271, 49.942974590357352 ], [ -97.096143198555509, 49.943017039653846 ], [ -97.096142076139614, 49.943223898795857 ], [ -97.096134259113626, 49.943421647086787 ], [ -97.096143704801321, 49.943534231511194 ], [ -97.09616078284634, 49.943631252551661 ], [ -97.096181463509382, 49.943726038621818 ], [ -97.096173357734088, 49.94380349908311 ], [ -97.096173128352987, 49.943915020321732 ], [ -97.096366735427679, 49.94465055093729 ], [ -97.096469850613019, 49.945042140407921 ], [ -97.097010991538127, 49.946196643663995 ], [ -97.09720356506277, 49.946607533117565 ], [ -97.097318004308462, 49.946851678784917 ], [ -97.09762963481991, 49.947516427977547 ], [ -97.097615311341556, 49.947664448088894 ], [ -97.096757104878321, 49.947455615598471 ], [ -97.096629337519261, 49.947449218173468 ], [ -97.095852205286761, 49.947105803594077 ], [ -97.091268599121818, 49.945657807621139 ], [ -97.087291981779202, 49.944351014085143 ], [ -97.087085513022174, 49.944284609559759 ], [ -97.087479787132068, 49.943832391229805 ], [ -97.085884309486445, 49.943293300142123 ], [ -97.082115094215013, 49.942034709147748 ], [ -97.077534097397219, 49.940519595528308 ], [ -97.077738973007015, 49.940263174279032 ], [ -97.078179481210384, 49.939711791100414 ], [ -97.078764905814808, 49.939010906613184 ], [ -97.079513400559378, 49.938060803296182 ], [ -97.080129901452196, 49.937279505744591 ], [ -97.080803719416124, 49.936454092205992 ], [ -97.080982415191457, 49.936232523243675 ], [ -97.08111158574485, 49.936072397378894 ], [ -97.081450107866729, 49.935619292351646 ], [ -97.082065392971515, 49.934864897677748 ], [ -97.082680615661957, 49.934110503260065 ] ] ] } },
{ "type": "Feature", "properties": { "CTUID": "6020552.02", "greenspace_per_capita": 234.65872290535671 }, "geometry": { "type": "Polygon", "coordinates": [ [ [ -97.130833510323342, 49.944422394894318 ], [ -97.131097427368303, 49.944462329710419 ], [ -97.131616388787094, 49.944139865183409 ], [ -97.135419884368105, 49.94177446880056 ], [ -97.135446582412044, 49.941757983533471 ], [ -97.135452223321138, 49.941754473743728 ], [ -97.138546969378268, 49.939836871154135 ], [ -97.138564779709085, 49.93982577630382 ], [ -97.138570347088944, 49.939822322007473 ], [ -97.140311676396593, 49.93874257581809 ], [ -97.143337988897983, 49.936865841206135 ], [ -97.143419672835321, 49.936815181161876 ], [ -97.145104248399548, 49.935770262088795 ], [ -97.145107369886176, 49.935768361413359 ], [ -97.145109894281362, 49.935766803198433 ], [ -97.146577587766529, 49.936237906871916 ], [ -97.146255011181879, 49.936655497747303 ], [ -97.145624300540263, 49.937472906899529 ], [ -97.145037487034912, 49.938237101367108 ], [ -97.144494889507186, 49.938939011076251 ], [ -97.144363012857909, 49.939107786474629 ], [ -97.143834985441501, 49.9397919941254 ], [ -97.143292591502814, 49.940484911885761 ], [ -97.142793081172229, 49.941151495476468 ], [ -97.14231394623134, 49.941772569505034 ], [ -97.142189335053473, 49.94193409799658 ], [ -97.141428893615569, 49.942919705041149 ], [ -97.140903884444924, 49.943522902544657 ], [ -97.140335412339496, 49.943855007331322 ], [ -97.140019803617832, 49.944039399590885 ], [ -97.138665603296971, 49.944818196032131 ], [ -97.138579291612459, 49.944888811648127 ], [ -97.138108590683999, 49.945528893832716 ], [ -97.137330412390824, 49.946550810669052 ], [ -97.137121086295735, 49.946916211181041 ], [ -97.137024097751166, 49.947625298975765 ], [ -97.136961089018456, 49.947813191251967 ], [ -97.135807097481077, 49.949539602129768 ], [ -97.135690486270249, 49.949672706341509 ], [ -97.135249605319942, 49.950259291296845 ], [ -97.134178400339366, 49.951645202315447 ], [ -97.132886009083037, 49.953342501783624 ], [ -97.131782211813587, 49.952982400487777 ], [ -97.130709808097407, 49.952641794122876 ], [ -97.129494998076638, 49.952247697143335 ], [ -97.128282416028341, 49.951841102907544 ], [ -97.126382492614653, 49.951227812876702 ], [ -97.124405192177647, 49.950588103127302 ], [ -97.123207097912029, 49.950208901237403 ], [ -97.12227370294282, 49.949918779548966 ], [ -97.122280581138043, 49.949914273183133 ], [ -97.123373346908693, 49.94923486936213 ], [ -97.125298454137763, 49.948035945979754 ], [ -97.125328555977759, 49.948017186258056 ], [ -97.125683738277218, 49.947795935684034 ], [ -97.125892267382653, 49.947666052612099 ], [ -97.127211477348865, 49.946844278328022 ], [ -97.127215931458622, 49.946841505060071 ], [ -97.12722324653609, 49.946836974971859 ], [ -97.127579658648074, 49.946631379022129 ], [ -97.127616884040449, 49.946608486724195 ], [ -97.127618218277235, 49.946607639324505 ], [ -97.1305657251703, 49.94479082796839 ], [ -97.130833510323342, 49.944422394894318 ] ] ] } },
{ "type": "Feature", "properties": { "CTUID": "6020052.00", "greenspace_per_capita": -1.0 }, "geometry": { "type": "Polygon", "coordinates": [ [ [ -97.097351880191184, 49.948924893205444 ], [ -97.097615311341556, 49.947664448088894 ], [ -97.09762963481991, 49.947516427977547 ], [ -97.097318004308462, 49.946851678784917 ], [ -97.09720356506277, 49.946607533117565 ], [ -97.097010991538127, 49.946196643663995 ], [ -97.096469850613019, 49.945042140407921 ], [ -97.096366735427679, 49.94465055093729 ], [ -97.096173128352987, 49.943915020321732 ], [ -97.096173357734088, 49.94380349908311 ], [ -97.096181463509382, 49.943726038621818 ], [ -97.09616078284634, 49.943631252551661 ], [ -97.096143704801321, 49.943534231511194 ], [ -97.096134259113626, 49.943421647086787 ], [ -97.096142076139614, 49.943223898795857 ], [ -97.096143198555509, 49.943017039653846 ], [ -97.096158820835271, 49.942974590357352 ], [ -97.0961961693977, 49.942822296433199 ], [ -97.096244745482394, 49.942649954212101 ], [ -97.096309891563251, 49.942500346554631 ], [ -97.096329788410955, 49.942437701379461 ], [ -97.09635934247018, 49.942395442391891 ], [ -97.096374695999643, 49.942359680858686 ], [ -97.096441352895923, 49.942259578045203 ], [ -97.09650169941132, 49.942143644542455 ], [ -97.096644337604872, 49.941972843993653 ], [ -97.096724739704314, 49.941877441885886 ], [ -97.096854542400905, 49.94176715180383 ], [ -97.096952113430888, 49.941678777231637 ], [ -97.096981815273693, 49.941632035429244 ], [ -97.097122396476195, 49.941512946337539 ], [ -97.097233722565505, 49.941429349327571 ], [ -97.097269548673481, 49.941402948615142 ], [ -97.09738740641383, 49.941330643694357 ], [ -97.097458770460207, 49.941289083305669 ], [ -97.097540950458708, 49.941236497664441 ], [ -97.097619034941218, 49.941199545934644 ], [ -97.097715672865803, 49.94113589639489 ], [ -97.097768856825695, 49.941112038166025 ], [ -97.097889573473253, 49.941055539845522 ], [ -97.098003902996027, 49.940983240796442 ], [ -97.098106853580347, 49.94093544712787 ], [ -97.098302791660657, 49.940826189100392 ], [ -97.098394667365994, 49.940793986586982 ], [ -97.09844435106001, 49.940770029678021 ], [ -97.098508015992721, 49.940746337650012 ], [ -97.098749216379673, 49.940637826169137 ], [ -97.098854953452161, 49.940608093059915 ], [ -97.098950506363067, 49.940571426461908 ], [ -97.099130570807716, 49.940511432420301 ], [ -97.099183868948401, 49.940485342844582 ], [ -97.099251283481493, 49.940452733961379 ], [ -97.099332712342104, 49.940420336321516 ], [ -97.09957331683367, 49.940327580942856 ], [ -97.099668451681723, 49.940299885486056 ], [ -97.099781093249888, 49.940270249487028 ], [ -97.099875864407423, 49.940253824870339 ], [ -97.099950419227852, 49.940219076599654 ], [ -97.100123270461253, 49.940165698242588 ], [ -97.100292625151312, 49.940112247007214 ], [ -97.100355686259761, 49.940102036169158 ], [ -97.100553131003124, 49.940042278320909 ], [ -97.100676829513247, 49.940005715569498 ], [ -97.100718846549867, 49.939993287902439 ], [ -97.10079268656736, 49.939976476261528 ], [ -97.100905445436879, 49.939944634069079 ], [ -97.101043614824661, 49.939913741178067 ], [ -97.101879112222818, 49.940199908088751 ], [ -97.102263945110323, 49.940345375502424 ], [ -97.103433985753227, 49.940775303539702 ], [ -97.103525098066555, 49.94093871056787 ], [ -97.109236895633742, 49.942786003032587 ], [ -97.11222511231631, 49.943716204214503 ], [ -97.111517794935025, 49.944694108413401 ], [ -97.110514689473305, 49.946107988137605 ], [ -97.11001469787962, 49.946774412214431 ], [ -97.109755800856831, 49.946977095145151 ], [ -97.108807495609355, 49.947699203739575 ], [ -97.10749970878777, 49.948703294228494 ], [ -97.106079217119387, 49.94973248728202 ], [ -97.104930183979533, 49.9505953110462 ], [ -97.103129211117945, 49.951726205774719 ], [ -97.098407999818733, 49.95041524108364 ], [ -97.098191974827856, 49.950355080732223 ], [ -97.097128230037143, 49.950058781754954 ], [ -97.097351880191184, 49.948924893205444 ] ] ] } },
{ "type": "Feature", "properties": { "CTUID": "6020560.05", "greenspace_per_capita": 266.95067985084444 }, "geometry": { "type": "Polygon", "coordinates": [ [ [ -97.159038015530754, 49.94022318612295 ], [ -97.159217000933083, 49.940280110595566 ], [ -97.161230119978683, 49.941229607825278 ], [ -97.162291319897733, 49.941534098887132 ], [ -97.162415600090497, 49.941563103756913 ], [ -97.162610284605393, 49.941575201454796 ], [ -97.162627946903257, 49.941583769685131 ], [ -97.163411772313395, 49.941748651756967 ], [ -97.163651243142453, 49.941821582857955 ], [ -97.163875902494055, 49.941890008358079 ], [ -97.1654098866277, 49.942357112764128 ], [ -97.165569544124494, 49.942389045021592 ], [ -97.168345343796261, 49.943141276802315 ], [ -97.168347642931764, 49.943142006505177 ], [ -97.169835230949204, 49.94356017568267 ], [ -97.169836684087258, 49.943560562949934 ], [ -97.174170746879796, 49.944785834437049 ], [ -97.174191384116568, 49.944791653440674 ], [ -97.17429556822978, 49.944826282218465 ], [ -97.174949476785784, 49.945043466436118 ], [ -97.174956219111408, 49.945045999800698 ], [ -97.174909783631946, 49.945105573282852 ], [ -97.173883818813408, 49.946421596062287 ], [ -97.173370802314494, 49.947088194749298 ], [ -97.172813114216851, 49.947825987678605 ], [ -97.172155587367797, 49.948625093562946 ], [ -97.171566685464043, 49.949083599661307 ], [ -97.1725384908259, 49.949557612961385 ], [ -97.171615196633326, 49.950379592954086 ], [ -97.171031718255037, 49.95069420386158 ], [ -97.171028687488246, 49.95077510544855 ], [ -97.171440512268063, 49.95131229202665 ], [ -97.170409807168198, 49.951655910032642 ], [ -97.170226981081399, 49.951698002342795 ], [ -97.169165217374086, 49.95065580725511 ], [ -97.167699399864631, 49.949607190051218 ], [ -97.167003882172793, 49.949200401839619 ], [ -97.166099813346634, 49.948781410982669 ], [ -97.165052313521286, 49.948468003068989 ], [ -97.163964005741789, 49.948126904848579 ], [ -97.162889386721943, 49.947795095875975 ], [ -97.161787900811632, 49.947435801910693 ], [ -97.161126686526515, 49.947227511980245 ], [ -97.160837603458091, 49.947132900368047 ], [ -97.159336309873879, 49.946659397967046 ], [ -97.157973212778856, 49.946214888300709 ], [ -97.156513398816003, 49.945750989708557 ], [ -97.155287988801021, 49.945353700721718 ], [ -97.154904513601494, 49.945176689473492 ], [ -97.154754298666489, 49.945093400607711 ], [ -97.155410396395439, 49.944339212960379 ], [ -97.1565901834215, 49.943008808630324 ], [ -97.156735315486983, 49.942858209036288 ], [ -97.15737640187227, 49.94213078942547 ], [ -97.157959303460757, 49.941465398785766 ], [ -97.159038015530754, 49.94022318612295 ] ] ] } },
{ "type": "Feature", "properties": { "CTUID": "6020553.00", "greenspace_per_capita": 117.13349938212349 }, "geometry": { "type": "Polygon", "coordinates": [ [ [ -97.115360487349292, 49.939449595866051 ], [ -97.115676983506418, 49.939553704493136 ], [ -97.118306498619944, 49.940387901871752 ], [ -97.119435404090183, 49.940748091781295 ], [ -97.120812515826245, 49.941175195326451 ], [ -97.123345417898634, 49.941989707447362 ], [ -97.12586511771012, 49.942786088752221 ], [ -97.128355686346239, 49.943617909588063 ], [ -97.130833510323342, 49.944422394894318 ], [ -97.1305657251703, 49.94479082796839 ], [ -97.127618218277235, 49.946607639324505 ], [ -97.127616884040449, 49.946608486724195 ], [ -97.127579658648074, 49.946631379022129 ], [ -97.12722324653609, 49.946836974971859 ], [ -97.127215931458622, 49.946841505060071 ], [ -97.127211477348865, 49.946844278328022 ], [ -97.125892267382653, 49.947666052612099 ], [ -97.125683738277218, 49.947795935684034 ], [ -97.125328555977759, 49.948017186258056 ], [ -97.125298454137763, 49.948035945979754 ], [ -97.123373346908693, 49.94923486936213 ], [ -97.122280581138043, 49.949914273183133 ], [ -97.12227370294282, 49.949918779548966 ], [ -97.122268082866455, 49.949922468523958 ], [ -97.121727871912114, 49.950275067204366 ], [ -97.118476155828503, 49.952281578321625 ], [ -97.117592769095737, 49.952826670214769 ], [ -97.11742777227137, 49.952788063144347 ], [ -97.116558983854418, 49.952584790404181 ], [ -97.116226803802931, 49.952596182653799 ], [ -97.11267807197197, 49.95149962473554 ], [ -97.110523416905536, 49.950515604195232 ], [ -97.107668242067149, 49.949934922619555 ], [ -97.106327185819126, 49.949808492603111 ], [ -97.106079217119387, 49.94973248728202 ], [ -97.10749970878777, 49.948703294228494 ], [ -97.108807495609355, 49.947699203739575 ], [ -97.109755800856831, 49.946977095145151 ], [ -97.11001469787962, 49.946774412214431 ], [ -97.110514689473305, 49.946107988137605 ], [ -97.111517794935025, 49.944694108413401 ], [ -97.11222511231631, 49.943716204214503 ], [ -97.112726500975185, 49.943013691230611 ], [ -97.113285589837048, 49.942258304790585 ], [ -97.113844804189611, 49.94150280590928 ], [ -97.114168816957061, 49.941058304187116 ], [ -97.114418590959843, 49.940729506905605 ], [ -97.11465439942944, 49.940400600901803 ], [ -97.114890190952522, 49.940071591948211 ], [ -97.11514040306939, 49.939733794305468 ], [ -97.115360487349292, 49.939449595866051 ] ] ] } },
{ "type": "Feature", "properties": { "CTUID": "6020552.01", "greenspace_per_capita": 401.87443669122126 }, "geometry": { "type": "Polygon", "coordinates": [ [ [ -97.146577587766529, 49.936237906871916 ], [ -97.151850405976361, 49.937932096155592 ], [ -97.155539913914481, 49.939124196173708 ], [ -97.156657104602203, 49.939429790015815 ], [ -97.158583065104963, 49.940071614954007 ], [ -97.159038015530754, 49.94022318612295 ], [ -97.157959303460757, 49.941465398785766 ], [ -97.15737640187227, 49.94213078942547 ], [ -97.156735315486983, 49.942858209036288 ], [ -97.1565901834215, 49.943008808630324 ], [ -97.155410396395439, 49.944339212960379 ], [ -97.154754298666489, 49.945093400607711 ], [ -97.153763792284636, 49.946211009405133 ], [ -97.153472103473476, 49.946548104962666 ], [ -97.152772494489255, 49.947346501431433 ], [ -97.152395087961992, 49.947777137248167 ], [ -97.152305984904132, 49.947878803466558 ], [ -97.151796096973698, 49.948455289967519 ], [ -97.15141699085936, 49.94888999768736 ], [ -97.149871683271854, 49.950655408608299 ], [ -97.149186918698277, 49.951426988156342 ], [ -97.148997606846734, 49.951639888497446 ], [ -97.148196514122503, 49.95253559329376 ], [ -97.14805059344225, 49.952704202974374 ], [ -97.147835788047175, 49.952948012408072 ], [ -97.147511286867882, 49.953316190052654 ], [ -97.147409286096575, 49.953431505248773 ], [ -97.147185717552574, 49.953687011011461 ], [ -97.146000913453832, 49.955041025906603 ], [ -97.145849107029875, 49.955214501667193 ], [ -97.145776319108109, 49.955294307563129 ], [ -97.144975084733218, 49.956189997589817 ], [ -97.14431908262226, 49.956935093065177 ], [ -97.144296600260688, 49.956960693777482 ], [ -97.143205488778619, 49.956631300106885 ], [ -97.143048704569765, 49.956630009591173 ], [ -97.142188289932733, 49.956360999747986 ], [ -97.14107860546126, 49.956001693810038 ], [ -97.139028211393935, 49.95534590646254 ], [ -97.137925304425337, 49.954979609479828 ], [ -97.135749584230012, 49.954279103390483 ], [ -97.134986188442028, 49.954022301898512 ], [ -97.133945895103423, 49.953692397624849 ], [ -97.132886009083037, 49.953342501783624 ], [ -97.134178400339366, 49.951645202315447 ], [ -97.135249605319942, 49.950259291296845 ], [ -97.135690486270249, 49.949672706341509 ], [ -97.135807097481077, 49.949539602129768 ], [ -97.136961089018456, 49.947813191251967 ], [ -97.137024097751166, 49.947625298975765 ], [ -97.137121086295735, 49.946916211181041 ], [ -97.137330412390824, 49.946550810669052 ], [ -97.138108590683999, 49.945528893832716 ], [ -97.138579291612459, 49.944888811648127 ], [ -97.138665603296971, 49.944818196032131 ], [ -97.140019803617832, 49.944039399590885 ], [ -97.140335412339496, 49.943855007331322 ], [ -97.140903884444924, 49.943522902544657 ], [ -97.141428893615569, 49.942919705041149 ], [ -97.142189335053473, 49.94193409799658 ], [ -97.14231394623134, 49.941772569505034 ], [ -97.142793081172229, 49.941151495476468 ], [ -97.143292591502814, 49.940484911885761 ], [ -97.143834985441501, 49.9397919941254 ], [ -97.144363012857909, 49.939107786474629 ], [ -97.144494889507186, 49.938939011076251 ], [ -97.145037487034912, 49.938237101367108 ], [ -97.145624300540263, 49.937472906899529 ], [ -97.146255011181879, 49.936655497747303 ], [ -97.146577587766529, 49.936237906871916 ] ] ] } },
{ "type": "Feature", "properties": { "CTUID": "6020142.02", "greenspace_per_capita": 911.53792884370125 }, "geometry": { "type": "Polygon", "coordinates": [ [ [ -97.056947956429212, 49.940357065315958 ], [ -97.057794717219664, 49.940613406984582 ], [ -97.059565805354481, 49.941281792882521 ], [ -97.070132199454008, 49.944732301120858 ], [ -97.071962511295624, 49.945320410503065 ], [ -97.072512203232051, 49.945518491446713 ], [ -97.071860517533636, 49.946023789786494 ], [ -97.071649109182303, 49.946187688880329 ], [ -97.071246214717434, 49.946504809449927 ], [ -97.071011403779906, 49.946797799223916 ], [ -97.069049386774992, 49.949499601318529 ], [ -97.068124990122115, 49.95065360793626 ], [ -97.067515794724841, 49.951246102462342 ], [ -97.067182388096768, 49.951564292755144 ], [ -97.066473507900099, 49.952209205349817 ], [ -97.065720213568895, 49.952916211070608 ], [ -97.064445325176379, 49.954113362820763 ], [ -97.06443400655715, 49.954123996937632 ], [ -97.064242613550192, 49.954303688014477 ], [ -97.063590383947741, 49.954922489316523 ], [ -97.062576213147182, 49.955877006678875 ], [ -97.061649504495222, 49.956734087575164 ], [ -97.060895009945284, 49.957467997176664 ], [ -97.06018591917146, 49.958112800742413 ], [ -97.055868089319887, 49.956200712218227 ], [ -97.051720613676451, 49.954363888568501 ], [ -97.047488716879428, 49.952484707266713 ], [ -97.044133019894957, 49.951006905708255 ], [ -97.043911278273811, 49.950729587202147 ], [ -97.045228561632328, 49.949727445073556 ], [ -97.045387623981767, 49.949606402307722 ], [ -97.045474790422347, 49.949545401213122 ], [ -97.045563143794936, 49.949434831965846 ], [ -97.046725565442628, 49.948512082124452 ], [ -97.046885013971888, 49.94836691052128 ], [ -97.047072702897651, 49.948236494399559 ], [ -97.048176814392406, 49.947359967507104 ], [ -97.048424911545382, 49.947208105678918 ], [ -97.051694213592853, 49.944616483256674 ], [ -97.05251200998346, 49.943917873624038 ], [ -97.052680734001996, 49.943783894689354 ], [ -97.055473926706583, 49.941764344235445 ], [ -97.055853037062093, 49.941499065979073 ], [ -97.055702693505069, 49.941303781091783 ], [ -97.055830545127776, 49.94113426888638 ], [ -97.056064111789851, 49.940985896044275 ], [ -97.0566029441799, 49.940622151679783 ], [ -97.056702655709586, 49.940542140627024 ], [ -97.056799424149801, 49.940462310672764 ], [ -97.056947956429212, 49.940357065315958 ] ] ] } },
{ "type": "Feature", "properties": { "CTUID": "6020142.01", "greenspace_per_capita": 238.2030307382978 }, "geometry": { "type": "Polygon", "coordinates": [ [ [ -97.077534097397219, 49.940519595528308 ], [ -97.082115094215013, 49.942034709147748 ], [ -97.085884309486445, 49.943293300142123 ], [ -97.087479787132068, 49.943832391229805 ], [ -97.087085513022174, 49.944284609559759 ], [ -97.08689591537815, 49.944497410931682 ], [ -97.086574813474797, 49.944860903204059 ], [ -97.085493805162542, 49.946111290697388 ], [ -97.085113810856726, 49.946554803775662 ], [ -97.084692701820956, 49.94697959727457 ], [ -97.083969391684434, 49.947642300297403 ], [ -97.083839391903254, 49.947757109867709 ], [ -97.083330839737457, 49.948187002079457 ], [ -97.082555702441013, 49.948842201152111 ], [ -97.082412031686857, 49.94895170709836 ], [ -97.081261907126674, 49.949828304711815 ], [ -97.080737017349776, 49.950221906138985 ], [ -97.080557780371507, 49.950356289919817 ], [ -97.080257094506877, 49.950592195424584 ], [ -97.079797094509019, 49.950953097505383 ], [ -97.079411001555087, 49.951255994198284 ], [ -97.07907568206231, 49.951519106458811 ], [ -97.078903117369947, 49.951651193686864 ], [ -97.077855745749048, 49.952437620401241 ], [ -97.077488199758207, 49.952780628625099 ], [ -97.07706117999561, 49.953095798116294 ], [ -97.077061003773863, 49.953095988515599 ], [ -97.075866901446091, 49.954029508873184 ], [ -97.075795000491055, 49.954082307593396 ], [ -97.074892602761295, 49.954803498600441 ], [ -97.073159696239642, 49.956188300674924 ], [ -97.072218011525806, 49.957013357682236 ], [ -97.072052177708372, 49.957158682680863 ], [ -97.071888104725929, 49.957302413977622 ], [ -97.071698702190886, 49.957468307852892 ], [ -97.071628215101327, 49.957530107922139 ], [ -97.070385008640002, 49.958633802662604 ], [ -97.069668601568537, 49.959116602362798 ], [ -97.068593297265707, 49.959854201761587 ], [ -97.067704594114645, 49.960460091985695 ], [ -97.066801194217177, 49.961083693649684 ], [ -97.06445920546949, 49.960028199905864 ], [ -97.06018591917146, 49.958112800742413 ], [ -97.060895009945284, 49.957467997176664 ], [ -97.061649504495222, 49.956734087575164 ], [ -97.062576213147182, 49.955877006678875 ], [ -97.063590383947741, 49.954922489316523 ], [ -97.064242613550192, 49.954303688014477 ], [ -97.06443400655715, 49.954123996937632 ], [ -97.064445325176379, 49.954113362820763 ], [ -97.065720213568895, 49.952916211070608 ], [ -97.066473507900099, 49.952209205349817 ], [ -97.067182388096768, 49.951564292755144 ], [ -97.067515794724841, 49.951246102462342 ], [ -97.068124990122115, 49.95065360793626 ], [ -97.069049386774992, 49.949499601318529 ], [ -97.071011403779906, 49.946797799223916 ], [ -97.071246214717434, 49.946504809449927 ], [ -97.071649109182303, 49.946187688880329 ], [ -97.071860517533636, 49.946023789786494 ], [ -97.072512203232051, 49.945518491446713 ], [ -97.072623095895025, 49.945431662323983 ], [ -97.072825744382868, 49.94527301000484 ], [ -97.073182622476494, 49.944993573904497 ], [ -97.074627190174084, 49.943862498117234 ], [ -97.075057996779293, 49.943545903119549 ], [ -97.07564030791724, 49.942925898457069 ], [ -97.075889604222851, 49.94261518955868 ], [ -97.076459988177234, 49.941941003863626 ], [ -97.076975795770522, 49.941239005056886 ], [ -97.077534097397219, 49.940519595528308 ] ] ] } },
{ "type": "Feature", "properties": { "CTUID": "6020560.14", "greenspace_per_capita": 163.36232290898445 }, "geometry": { "type": "Polygon", "coordinates": [ [ [ -97.154754298666489, 49.945093400607711 ], [ -97.154904513601494, 49.945176689473492 ], [ -97.155287988801021, 49.945353700721718 ], [ -97.156513398816003, 49.945750989708557 ], [ -97.157973212778856, 49.946214888300709 ], [ -97.159336309873879, 49.946659397967046 ], [ -97.160837603458091, 49.947132900368047 ], [ -97.160822806059372, 49.948985587236173 ], [ -97.160815800870424, 49.949534202511181 ], [ -97.160800717919102, 49.94992979934343 ], [ -97.160804118761547, 49.950279519130078 ], [ -97.160804384788904, 49.950307003477583 ], [ -97.160809299520196, 49.950802387983863 ], [ -97.160815698204587, 49.95100040688812 ], [ -97.160833195596865, 49.951639309325422 ], [ -97.160844188097428, 49.952448989081304 ], [ -97.160847390052027, 49.953096709602313 ], [ -97.160879402391799, 49.955184008008032 ], [ -97.160914584912405, 49.956821693776305 ], [ -97.160907616111928, 49.957370296209632 ], [ -97.160911282339157, 49.957640203159897 ], [ -97.160918717346178, 49.957811189081312 ], [ -97.160547283114894, 49.957679403209866 ], [ -97.160326471666806, 49.957608788830697 ], [ -97.15979191710872, 49.957437894458948 ], [ -97.159467757758847, 49.957334268210396 ], [ -97.155534751438154, 49.956076725292178 ], [ -97.154596883239336, 49.955776803028506 ], [ -97.154294797376423, 49.955655108379425 ], [ -97.153459883792351, 49.955384125604176 ], [ -97.15304168121169, 49.955248413274909 ], [ -97.15163739470654, 49.954785206072131 ], [ -97.150094790326293, 49.954292910300907 ], [ -97.1498467931644, 49.954217009632082 ], [ -97.148855284247418, 49.953895293324628 ], [ -97.148186394944901, 49.953675888009194 ], [ -97.147616182043322, 49.953488793801718 ], [ -97.147409286096575, 49.953431505248773 ], [ -97.147511286867882, 49.953316190052654 ], [ -97.147835788047175, 49.952948012408072 ], [ -97.14805059344225, 49.952704202974374 ], [ -97.148196514122503, 49.95253559329376 ], [ -97.148997606846734, 49.951639888497446 ], [ -97.149186918698277, 49.951426988156342 ], [ -97.149871683271854, 49.950655408608299 ], [ -97.15141699085936, 49.94888999768736 ], [ -97.151796096973698, 49.948455289967519 ], [ -97.152305984904132, 49.947878803466558 ], [ -97.152395087961992, 49.947777137248167 ], [ -97.152772494489255, 49.947346501431433 ], [ -97.153472103473476, 49.946548104962666 ], [ -97.153763792284636, 49.946211009405133 ], [ -97.154754298666489, 49.945093400607711 ] ] ] } },
{ "type": "Feature", "properties": { "CTUID": "6020142.03", "greenspace_per_capita": 117.38763529654909 }, "geometry": { "type": "Polygon", "coordinates": [ [ [ -97.079797094509019, 49.950953097505383 ], [ -97.080257094506877, 49.950592195424584 ], [ -97.080557780371507, 49.950356289919817 ], [ -97.080737017349776, 49.950221906138985 ], [ -97.081261907126674, 49.949828304711815 ], [ -97.082412031686857, 49.94895170709836 ], [ -97.082555702441013, 49.948842201152111 ], [ -97.083330839737457, 49.948187002079457 ], [ -97.083839391903254, 49.947757109867709 ], [ -97.083969391684434, 49.947642300297403 ], [ -97.084692701820956, 49.94697959727457 ], [ -97.085113810856726, 49.946554803775662 ], [ -97.085493805162542, 49.946111290697388 ], [ -97.086574813474797, 49.944860903204059 ], [ -97.08689591537815, 49.944497410931682 ], [ -97.087085513022174, 49.944284609559759 ], [ -97.087291981779202, 49.944351014085143 ], [ -97.091268599121818, 49.945657807621139 ], [ -97.095852205286761, 49.947105803594077 ], [ -97.096629337519261, 49.947449218173468 ], [ -97.096757104878321, 49.947455615598471 ], [ -97.097615311341556, 49.947664448088894 ], [ -97.097351880191184, 49.948924893205444 ], [ -97.097128230037143, 49.950058781754954 ], [ -97.096342865534638, 49.950112753514787 ], [ -97.096118456516976, 49.950372695861518 ], [ -97.094945895998094, 49.951286204762141 ], [ -97.090753494710924, 49.950964242232054 ], [ -97.087308585407058, 49.950699534556996 ], [ -97.08411063202665, 49.951649591099937 ], [ -97.083343225250815, 49.952166393669124 ], [ -97.08326970037956, 49.952185580276677 ], [ -97.083155805500809, 49.952228997840223 ], [ -97.083061963412078, 49.952261781187325 ], [ -97.082929128352532, 49.952314816489299 ], [ -97.082590234830278, 49.952443082999835 ], [ -97.082486445086744, 49.952511080246005 ], [ -97.082436206425896, 49.952548482978891 ], [ -97.082350757939224, 49.952594296967156 ], [ -97.082226264533759, 49.952657442478383 ], [ -97.082022102595417, 49.952795738048707 ], [ -97.081947135345018, 49.952839495672585 ], [ -97.081826361489689, 49.952898175469727 ], [ -97.08173579268805, 49.952984379336137 ], [ -97.081667738859153, 49.953030486177468 ], [ -97.081570860179269, 49.953100832005383 ], [ -97.08151449490019, 49.953145543041437 ], [ -97.081473640551806, 49.953177946973895 ], [ -97.08143790162066, 49.953199836548357 ], [ -97.081289871863603, 49.953330033072127 ], [ -97.081235301242458, 49.95338758207037 ], [ -97.081170214784194, 49.95344724051494 ], [ -97.081141694331933, 49.953462539337998 ], [ -97.080936467389378, 49.953627790298242 ], [ -97.080815613397121, 49.953686498933429 ], [ -97.08070448499052, 49.953763341653016 ], [ -97.080646194454019, 49.953827580027031 ], [ -97.080544047675716, 49.953942849763628 ], [ -97.080364569209394, 49.954074841251952 ], [ -97.08025246142779, 49.9541764379439 ], [ -97.080197242420226, 49.954249695907102 ], [ -97.080103096149415, 49.954338079681122 ], [ -97.08000628877214, 49.954406195681656 ], [ -97.079959613340847, 49.954441390710784 ], [ -97.079902455799143, 49.954476442866039 ], [ -97.079852507611875, 49.954504827321244 ], [ -97.079726758948624, 49.954599438144115 ], [ -97.079698350797671, 49.95461248019555 ], [ -97.079544306823522, 49.954717876453046 ], [ -97.079457568209278, 49.954795184148821 ], [ -97.079273895937646, 49.95494278653517 ], [ -97.079251946262531, 49.954969402434266 ], [ -97.079160797641791, 49.955071284051584 ], [ -97.079139149761929, 49.955088934090767 ], [ -97.079092171609119, 49.955130895939227 ], [ -97.079017159665582, 49.955176878196454 ], [ -97.078855064913611, 49.955309135668529 ], [ -97.078776102760031, 49.955366294499349 ], [ -97.078701167176291, 49.955410047936624 ], [ -97.078686768546063, 49.955421028178407 ], [ -97.078550793566436, 49.955508729772532 ], [ -97.07841684051688, 49.955634684262627 ], [ -97.07831330056662, 49.955695938517223 ], [ -97.07827651041373, 49.955717158361921 ], [ -97.078192063950013, 49.955765890230609 ], [ -97.078098701061734, 49.955834028793078 ], [ -97.078036798911043, 49.9559005005218 ], [ -97.077953850488015, 49.95597108773547 ], [ -97.077899684364226, 49.956017387426932 ], [ -97.077819253891363, 49.956112802460133 ], [ -97.07766094146848, 49.956236088827865 ], [ -97.077503989236874, 49.956325650356973 ], [ -97.077424493384015, 49.956396287043638 ], [ -97.077328414174914, 49.956534150128128 ], [ -97.077191896123523, 49.956635277547477 ], [ -97.077148867667987, 49.956666087676496 ], [ -97.077002062843803, 49.956764836773473 ], [ -97.076962934727192, 49.956784395154152 ], [ -97.076891414851787, 49.956830449475802 ], [ -97.07680804391299, 49.956910033872262 ], [ -97.076680185911016, 49.95696864265102 ], [ -97.076648052425739, 49.956988347774477 ], [ -97.076529613028995, 49.957074031409654 ], [ -97.076432266337747, 49.957155649009941 ], [ -97.076356335277964, 49.957224078458864 ], [ -97.076337957277545, 49.957248538729672 ], [ -97.076273797704189, 49.957283442245156 ], [ -97.076028157562789, 49.957499737339425 ], [ -97.075906492851331, 49.957578684617204 ], [ -97.075828095720425, 49.957622386337896 ], [ -97.075621302813374, 49.957738148658734 ], [ -97.07556037090481, 49.957779838936119 ], [ -97.075373761527729, 49.957892902370084 ], [ -97.073011232984527, 49.959872045070682 ], [ -97.070188139664239, 49.962820853968559 ], [ -97.068978426500962, 49.96235282380249 ], [ -97.068926259702621, 49.962332638362824 ], [ -97.068320071521583, 49.961785867743657 ], [ -97.068144098080325, 49.961672692340194 ], [ -97.066801194217177, 49.961083693649684 ], [ -97.067704594114645, 49.960460091985695 ], [ -97.068593297265707, 49.959854201761587 ], [ -97.069668601568537, 49.959116602362798 ], [ -97.070385008640002, 49.958633802662604 ], [ -97.071628215101327, 49.957530107922139 ], [ -97.071698702190886, 49.957468307852892 ], [ -97.071888104725929, 49.957302413977622 ], [ -97.072052177708372, 49.957158682680863 ], [ -97.072218011525806, 49.957013357682236 ], [ -97.073159696239642, 49.956188300674924 ], [ -97.074892602761295, 49.954803498600441 ], [ -97.075795000491055, 49.954082307593396 ], [ -97.075866901446091, 49.954029508873184 ], [ -97.077061003773863, 49.953095988515599 ], [ -97.07706117999561, 49.953095798116294 ], [ -97.077488199758207, 49.952780628625099 ], [ -97.077855745749048, 49.952437620401241 ], [ -97.078903117369947, 49.951651193686864 ], [ -97.07907568206231, 49.951519106458811 ], [ -97.079411001555087, 49.951255994198284 ], [ -97.079797094509019, 49.950953097505383 ] ] ] } },
{ "type": "Feature", "properties": { "CTUID": "6020560.04", "greenspace_per_capita": 371.26700541939579 }, "geometry": { "type": "Polygon", "coordinates": [ [ [ -97.174956219111408, 49.945045999800698 ], [ -97.174968691749925, 49.945050681386128 ], [ -97.175148770649116, 49.945118463746383 ], [ -97.175438590074151, 49.945195066790525 ], [ -97.175632394637816, 49.945229564220327 ], [ -97.175788239225284, 49.945241198893569 ], [ -97.176063122976316, 49.94533893963748 ], [ -97.180749368468966, 49.947005304208169 ], [ -97.182577589035802, 49.947646591543396 ], [ -97.182558101572383, 49.94890560031304 ], [ -97.182559805681365, 49.949229395023231 ], [ -97.182614594467751, 49.949626092746477 ], [ -97.182832815085675, 49.950124187362952 ], [ -97.182990205887066, 49.950387492077724 ], [ -97.183494898869313, 49.951051991220396 ], [ -97.183705017641117, 49.951397091513527 ], [ -97.183798197079483, 49.951884305008399 ], [ -97.183807517313937, 49.952748010674796 ], [ -97.183834490770593, 49.953513001854951 ], [ -97.183863595862761, 49.954961600751034 ], [ -97.183938392475952, 49.956680797764591 ], [ -97.183891602492736, 49.957183788328663 ], [ -97.183808382732451, 49.957911104936578 ], [ -97.18372449588739, 49.958287500806918 ], [ -97.183514616012744, 49.958679994874245 ], [ -97.183407599700971, 49.958930203475816 ], [ -97.183140514629756, 49.959357791075988 ], [ -97.182777610494099, 49.960107703778213 ], [ -97.182658781290755, 49.960672490389172 ], [ -97.182542881347089, 49.961156403073282 ], [ -97.182422109192757, 49.961406087794906 ], [ -97.182422016408509, 49.961406299774161 ], [ -97.182186089045004, 49.961744501707706 ], [ -97.181687617182419, 49.96239328974557 ], [ -97.181511607805675, 49.962624408056925 ], [ -97.181132842278373, 49.963070652034588 ], [ -97.180841259037351, 49.963287678548689 ], [ -97.180662952895204, 49.96341590219258 ], [ -97.180482350290532, 49.963578347259869 ], [ -97.180051628772944, 49.963807078116773 ], [ -97.176642285503902, 49.962700812876427 ], [ -97.17559539166767, 49.962360591972264 ], [ -97.1761833861692, 49.96156029664548 ], [ -97.175026515945277, 49.961182287782457 ], [ -97.173137803254448, 49.960612804528729 ], [ -97.173651684735304, 49.959928313698441 ], [ -97.17417889510314, 49.95926201282068 ], [ -97.174706997913617, 49.958568704896635 ], [ -97.173963708512204, 49.958314203393066 ], [ -97.173108710232199, 49.958066810002684 ], [ -97.172051403427218, 49.957636400678041 ], [ -97.171604888967082, 49.95727859123194 ], [ -97.171314290733164, 49.956851189898636 ], [ -97.171239218044434, 49.956625203755529 ], [ -97.171176694242121, 49.956066501969829 ], [ -97.171088096655126, 49.955093610318755 ], [ -97.17106850612717, 49.954139895141246 ], [ -97.171056607046552, 49.953716896272425 ], [ -97.170910207709994, 49.953165905830176 ], [ -97.170660181949756, 49.952406409246279 ], [ -97.170463513083561, 49.952079496676859 ], [ -97.170226981081399, 49.951698002342795 ], [ -97.170409807168198, 49.951655910032642 ], [ -97.171440512268063, 49.95131229202665 ], [ -97.171028687488246, 49.95077510544855 ], [ -97.171031718255037, 49.95069420386158 ], [ -97.171615196633326, 49.950379592954086 ], [ -97.1725384908259, 49.949557612961385 ], [ -97.171566685464043, 49.949083599661307 ], [ -97.172155587367797, 49.948625093562946 ], [ -97.172813114216851, 49.947825987678605 ], [ -97.173370802314494, 49.947088194749298 ], [ -97.173883818813408, 49.946421596062287 ], [ -97.174909783631946, 49.945105573282852 ], [ -97.174956219111408, 49.945045999800698 ] ] ] } },
{ "type": "Feature", "properties": { "CTUID": "6020560.15", "greenspace_per_capita": 275.69546176315311 }, "geometry": { "type": "Polygon", "coordinates": [ [ [ -97.160837603458091, 49.947132900368047 ], [ -97.161126686526515, 49.947227511980245 ], [ -97.161787900811632, 49.947435801910693 ], [ -97.162889386721943, 49.947795095875975 ], [ -97.163964005741789, 49.948126904848579 ], [ -97.165052313521286, 49.948468003068989 ], [ -97.166099813346634, 49.948781410982669 ], [ -97.167003882172793, 49.949200401839619 ], [ -97.167699399864631, 49.949607190051218 ], [ -97.169165217374086, 49.95065580725511 ], [ -97.170226981081399, 49.951698002342795 ], [ -97.170463513083561, 49.952079496676859 ], [ -97.170660181949756, 49.952406409246279 ], [ -97.170910207709994, 49.953165905830176 ], [ -97.171056607046552, 49.953716896272425 ], [ -97.17106850612717, 49.954139895141246 ], [ -97.171088096655126, 49.955093610318755 ], [ -97.171176694242121, 49.956066501969829 ], [ -97.171239218044434, 49.956625203755529 ], [ -97.171314290733164, 49.956851189898636 ], [ -97.171604888967082, 49.95727859123194 ], [ -97.172051403427218, 49.957636400678041 ], [ -97.173108710232199, 49.958066810002684 ], [ -97.173963708512204, 49.958314203393066 ], [ -97.174706997913617, 49.958568704896635 ], [ -97.17417889510314, 49.95926201282068 ], [ -97.173651684735304, 49.959928313698441 ], [ -97.173137803254448, 49.960612804528729 ], [ -97.175026515945277, 49.961182287782457 ], [ -97.1761833861692, 49.96156029664548 ], [ -97.17559539166767, 49.962360591972264 ], [ -97.173903785576144, 49.961821898512206 ], [ -97.172564394524912, 49.961395396530435 ], [ -97.168458786362947, 49.960089307489 ], [ -97.166916209592898, 49.959588188254735 ], [ -97.165042280334134, 49.95900089939272 ], [ -97.163458599090717, 49.958481095446352 ], [ -97.162796584511426, 49.958290691855041 ], [ -97.161939215709609, 49.958106196199338 ], [ -97.16113930792956, 49.957877597437175 ], [ -97.160918717346178, 49.957811189081312 ], [ -97.160911282339157, 49.957640203159897 ], [ -97.160907616111928, 49.957370296209632 ], [ -97.160914584912405, 49.956821693776305 ], [ -97.160879402391799, 49.955184008008032 ], [ -97.160847390052027, 49.953096709602313 ], [ -97.160844188097428, 49.952448989081304 ], [ -97.160833195596865, 49.951639309325422 ], [ -97.160815698204587, 49.95100040688812 ], [ -97.160809299520196, 49.950802387983863 ], [ -97.160804384788904, 49.950307003477583 ], [ -97.160804118761547, 49.950279519130078 ], [ -97.160800717919102, 49.94992979934343 ], [ -97.160815800870424, 49.949534202511181 ], [ -97.160822806059372, 49.948985587236173 ], [ -97.160837603458091, 49.947132900368047 ] ] ] } },
{ "type": "Feature", "properties": { "CTUID": "6020560.13", "greenspace_per_capita": 626.51044122505311 }, "geometry": { "type": "Polygon", "coordinates": [ [ [ -97.08411063202665, 49.951649591099937 ], [ -97.087308585407058, 49.950699534556996 ], [ -97.090753494710924, 49.950964242232054 ], [ -97.094945895998094, 49.951286204762141 ], [ -97.096118456516976, 49.950372695861518 ], [ -97.096342865534638, 49.950112753514787 ], [ -97.097128230037143, 49.950058781754954 ], [ -97.098191974827856, 49.950355080732223 ], [ -97.098407999818733, 49.95041524108364 ], [ -97.103129211117945, 49.951726205774719 ], [ -97.102719332229995, 49.951998963524964 ], [ -97.102657185951671, 49.952040296535991 ], [ -97.102456420035764, 49.952173904550818 ], [ -97.102241807803992, 49.952314302097378 ], [ -97.101742217077032, 49.952612007369133 ], [ -97.101312488783861, 49.952901801516674 ], [ -97.099753613146518, 49.953901690765136 ], [ -97.099338584376227, 49.954173699342249 ], [ -97.097780993054528, 49.955137610520801 ], [ -97.09768618721472, 49.955191696644121 ], [ -97.096938983015988, 49.955617990185324 ], [ -97.095926783888856, 49.956195591529401 ], [ -97.094873389441915, 49.956745003463517 ], [ -97.09396289372404, 49.957206699160139 ], [ -97.091970991864301, 49.958217391585791 ], [ -97.091701299850158, 49.958338910998499 ], [ -97.091544519769869, 49.958426211266527 ], [ -97.091160391797445, 49.958617802964774 ], [ -97.089973315040112, 49.959371809075236 ], [ -97.088002705805195, 49.960544691907636 ], [ -97.08718962052059, 49.961008007361542 ], [ -97.086576195761353, 49.961357692183768 ], [ -97.085476796492003, 49.962005202150046 ], [ -97.084563183554152, 49.962538806986771 ], [ -97.082636284855198, 49.963658301988637 ], [ -97.081906907723763, 49.96408679187239 ], [ -97.074149761836026, 49.960487039398501 ], [ -97.073808475682441, 49.960370855155126 ], [ -97.073011232984527, 49.959872045070682 ], [ -97.075373761527729, 49.957892902370084 ], [ -97.07556037090481, 49.957779838936119 ], [ -97.075621302813374, 49.957738148658734 ], [ -97.075828095720425, 49.957622386337896 ], [ -97.075906492851331, 49.957578684617204 ], [ -97.076028157562789, 49.957499737339425 ], [ -97.076273797704189, 49.957283442245156 ], [ -97.076337957277545, 49.957248538729672 ], [ -97.076356335277964, 49.957224078458864 ], [ -97.076432266337747, 49.957155649009941 ], [ -97.076529613028995, 49.957074031409654 ], [ -97.076648052425739, 49.956988347774477 ], [ -97.076680185911016, 49.95696864265102 ], [ -97.07680804391299, 49.956910033872262 ], [ -97.076891414851787, 49.956830449475802 ], [ -97.076962934727192, 49.956784395154152 ], [ -97.077002062843803, 49.956764836773473 ], [ -97.077148867667987, 49.956666087676496 ], [ -97.077191896123523, 49.956635277547477 ], [ -97.077328414174914, 49.956534150128128 ], [ -97.077424493384015, 49.956396287043638 ], [ -97.077503989236874, 49.956325650356973 ], [ -97.07766094146848, 49.956236088827865 ], [ -97.077819253891363, 49.956112802460133 ], [ -97.077899684364226, 49.956017387426932 ], [ -97.077953850488015, 49.95597108773547 ], [ -97.078036798911043, 49.9559005005218 ], [ -97.078098701061734, 49.955834028793078 ], [ -97.078192063950013, 49.955765890230609 ], [ -97.07827651041373, 49.955717158361921 ], [ -97.07831330056662, 49.955695938517223 ], [ -97.07841684051688, 49.955634684262627 ], [ -97.078550793566436, 49.955508729772532 ], [ -97.078686768546063, 49.955421028178407 ], [ -97.078701167176291, 49.955410047936624 ], [ -97.078776102760031, 49.955366294499349 ], [ -97.078855064913611, 49.955309135668529 ], [ -97.079017159665582, 49.955176878196454 ], [ -97.079092171609119, 49.955130895939227 ], [ -97.079139149761929, 49.955088934090767 ], [ -97.079160797641791, 49.955071284051584 ], [ -97.079251946262531, 49.954969402434266 ], [ -97.079273895937646, 49.95494278653517 ], [ -97.079457568209278, 49.954795184148821 ], [ -97.079544306823522, 49.954717876453046 ], [ -97.079698350797671, 49.95461248019555 ], [ -97.079726758948624, 49.954599438144115 ], [ -97.079852507611875, 49.954504827321244 ], [ -97.079902455799143, 49.954476442866039 ], [ -97.079959613340847, 49.954441390710784 ], [ -97.08000628877214, 49.954406195681656 ], [ -97.080103096149415, 49.954338079681122 ], [ -97.080197242420226, 49.954249695907102 ], [ -97.08025246142779, 49.9541764379439 ], [ -97.080364569209394, 49.954074841251952 ], [ -97.080544047675716, 49.953942849763628 ], [ -97.080646194454019, 49.953827580027031 ], [ -97.08070448499052, 49.953763341653016 ], [ -97.080815613397121, 49.953686498933429 ], [ -97.080936467389378, 49.953627790298242 ], [ -97.081141694331933, 49.953462539337998 ], [ -97.081170214784194, 49.95344724051494 ], [ -97.081235301242458, 49.95338758207037 ], [ -97.081289871863603, 49.953330033072127 ], [ -97.08143790162066, 49.953199836548357 ], [ -97.081473640551806, 49.953177946973895 ], [ -97.08151449490019, 49.953145543041437 ], [ -97.081570860179269, 49.953100832005383 ], [ -97.081667738859153, 49.953030486177468 ], [ -97.08173579268805, 49.952984379336137 ], [ -97.081826361489689, 49.952898175469727 ], [ -97.081947135345018, 49.952839495672585 ], [ -97.082022102595417, 49.952795738048707 ], [ -97.082226264533759, 49.952657442478383 ], [ -97.082350757939224, 49.952594296967156 ], [ -97.082436206425896, 49.952548482978891 ], [ -97.082486445086744, 49.952511080246005 ], [ -97.082590234830278, 49.952443082999835 ], [ -97.082929128352532, 49.952314816489299 ], [ -97.083061963412078, 49.952261781187325 ], [ -97.083155805500809, 49.952228997840223 ], [ -97.08326970037956, 49.952185580276677 ], [ -97.083343225250815, 49.952166393669124 ], [ -97.08411063202665, 49.951649591099937 ] ] ] } },
{ "type": "Feature", "properties": { "CTUID": "6020560.01", "greenspace_per_capita": 330.59093698299586 }, "geometry": { "type": "Polygon", "coordinates": [ [ [ -97.182658781290755, 49.960672490389172 ], [ -97.182777610494099, 49.960107703778213 ], [ -97.183140514629756, 49.959357791075988 ], [ -97.183407599700971, 49.958930203475816 ], [ -97.183514616012744, 49.958679994874245 ], [ -97.18372449588739, 49.958287500806918 ], [ -97.183808382732451, 49.957911104936578 ], [ -97.183891602492736, 49.957183788328663 ], [ -97.183938392475952, 49.956680797764591 ], [ -97.183863595862761, 49.954961600751034 ], [ -97.183834490770593, 49.953513001854951 ], [ -97.183807517313937, 49.952748010674796 ], [ -97.183798197079483, 49.951884305008399 ], [ -97.183705017641117, 49.951397091513527 ], [ -97.183494898869313, 49.951051991220396 ], [ -97.182990205887066, 49.950387492077724 ], [ -97.182832815085675, 49.950124187362952 ], [ -97.182614594467751, 49.949626092746477 ], [ -97.182559805681365, 49.949229395023231 ], [ -97.182558101572383, 49.94890560031304 ], [ -97.182577589035802, 49.947646591543396 ], [ -97.183335998662074, 49.94786539919793 ], [ -97.185126093091483, 49.948451095061635 ], [ -97.185703110701439, 49.948675996931073 ], [ -97.185868984068463, 49.948678589005446 ], [ -97.187420021449427, 49.949090994033838 ], [ -97.18772693082785, 49.949174349316323 ], [ -97.18903218244418, 49.949528913815833 ], [ -97.189658612998755, 49.949699070995678 ], [ -97.189715470273555, 49.949745379094324 ], [ -97.189872198182059, 49.949842263846129 ], [ -97.190043099862748, 49.949930361539366 ], [ -97.190324895799591, 49.950038170802067 ], [ -97.192173289671132, 49.950636456111702 ], [ -97.193609782452214, 49.951101361633405 ], [ -97.195092835139505, 49.951650184419087 ], [ -97.195092887695338, 49.951669998157094 ], [ -97.195095891139118, 49.95272580789451 ], [ -97.195088991453048, 49.954553407662516 ], [ -97.195087198762891, 49.955044604463353 ], [ -97.195086702246115, 49.955174811853546 ], [ -97.194656487469885, 49.955141513100386 ], [ -97.194352882675744, 49.958966303973533 ], [ -97.194431659912269, 49.960353685348657 ], [ -97.194266275064379, 49.960692653172913 ], [ -97.193581041592964, 49.960697993707733 ], [ -97.19342895876332, 49.960727805782653 ], [ -97.191886779775402, 49.960735788088435 ], [ -97.190589790644367, 49.960742506148357 ], [ -97.189515786601135, 49.960752689628912 ], [ -97.189494811215141, 49.962056709217073 ], [ -97.189493289317682, 49.962839208144366 ], [ -97.189477589482365, 49.963630496386862 ], [ -97.189492420412421, 49.964350308545761 ], [ -97.189490908406455, 49.965132890796475 ], [ -97.189499598017477, 49.96564570648399 ], [ -97.189461279048359, 49.965898808952474 ], [ -97.189443920111941, 49.966013607807774 ], [ -97.188981888271471, 49.96670468835579 ], [ -97.184477700087641, 49.965243194668247 ], [ -97.180261603133687, 49.963875211941172 ], [ -97.180216299838435, 49.963860506585405 ], [ -97.180051628772944, 49.963807078116773 ], [ -97.180482350290532, 49.963578347259869 ], [ -97.180662952895204, 49.96341590219258 ], [ -97.180841259037351, 49.963287678548689 ], [ -97.181132842278373, 49.963070652034588 ], [ -97.181511607805675, 49.962624408056925 ], [ -97.181687617182419, 49.96239328974557 ], [ -97.182186089045004, 49.961744501707706 ], [ -97.182422016408509, 49.961406299774161 ], [ -97.182422109192757, 49.961406087794906 ], [ -97.182542881347089, 49.961156403073282 ], [ -97.182658781290755, 49.960672490389172 ] ] ] } },
{ "type": "Feature", "properties": { "CTUID": "6020560.12", "greenspace_per_capita": 492.95317588208968 }, "geometry": { "type": "Polygon", "coordinates": [ [ [ -97.106079217119387, 49.94973248728202 ], [ -97.106327185819126, 49.949808492603111 ], [ -97.107668242067149, 49.949934922619555 ], [ -97.110523416905536, 49.950515604195232 ], [ -97.11267807197197, 49.95149962473554 ], [ -97.116226803802931, 49.952596182653799 ], [ -97.116558983854418, 49.952584790404181 ], [ -97.11742777227137, 49.952788063144347 ], [ -97.117592769095737, 49.952826670214769 ], [ -97.115301854104459, 49.954240080125778 ], [ -97.114279749543655, 49.954889081998104 ], [ -97.112549051382388, 49.955960080261676 ], [ -97.108577159427526, 49.958417692369629 ], [ -97.10857348320468, 49.95841998356692 ], [ -97.10857166007132, 49.958421089565512 ], [ -97.105291976355943, 49.960454382933342 ], [ -97.103125795662777, 49.961794430909897 ], [ -97.097192559890146, 49.965464188809442 ], [ -97.097174165870385, 49.965475591566054 ], [ -97.097149496485301, 49.965490923610929 ], [ -97.09326415079093, 49.967907473897476 ], [ -97.092225078125011, 49.968548140558326 ], [ -97.092104718996964, 49.968497544946466 ], [ -97.091959232195862, 49.9684364101482 ], [ -97.081906907723763, 49.96408679187239 ], [ -97.082636284855198, 49.963658301988637 ], [ -97.084563183554152, 49.962538806986771 ], [ -97.085476796492003, 49.962005202150046 ], [ -97.086576195761353, 49.961357692183768 ], [ -97.08718962052059, 49.961008007361542 ], [ -97.088002705805195, 49.960544691907636 ], [ -97.089973315040112, 49.959371809075236 ], [ -97.091160391797445, 49.958617802964774 ], [ -97.091544519769869, 49.958426211266527 ], [ -97.091701299850158, 49.958338910998499 ], [ -97.091970991864301, 49.958217391585791 ], [ -97.09396289372404, 49.957206699160139 ], [ -97.094873389441915, 49.956745003463517 ], [ -97.095926783888856, 49.956195591529401 ], [ -97.096938983015988, 49.955617990185324 ], [ -97.09768618721472, 49.955191696644121 ], [ -97.097780993054528, 49.955137610520801 ], [ -97.099338584376227, 49.954173699342249 ], [ -97.099753613146518, 49.953901690765136 ], [ -97.101312488783861, 49.952901801516674 ], [ -97.101742217077032, 49.952612007369133 ], [ -97.102241807803992, 49.952314302097378 ], [ -97.102456420035764, 49.952173904550818 ], [ -97.102657185951671, 49.952040296535991 ], [ -97.102719332229995, 49.951998963524964 ], [ -97.103129211117945, 49.951726205774719 ], [ -97.104930183979533, 49.9505953110462 ], [ -97.106079217119387, 49.94973248728202 ] ] ] } },
{ "type": "Feature", "properties": { "CTUID": "6020051.01", "greenspace_per_capita": 774.08687537677338 }, "geometry": { "type": "Polygon", "coordinates": [ [ [ -97.189515786601135, 49.960752689628912 ], [ -97.190589790644367, 49.960742506148357 ], [ -97.191886779775402, 49.960735788088435 ], [ -97.19342895876332, 49.960727805782653 ], [ -97.193581041592964, 49.960697993707733 ], [ -97.194266275064379, 49.960692653172913 ], [ -97.194431659912269, 49.960353685348657 ], [ -97.194352882675744, 49.958966303973533 ], [ -97.194656487469885, 49.955141513100386 ], [ -97.195086702246115, 49.955174811853546 ], [ -97.195087198762891, 49.955044604463353 ], [ -97.195088991453048, 49.954553407662516 ], [ -97.195095891139118, 49.95272580789451 ], [ -97.195092887695338, 49.951669998157094 ], [ -97.195092835139505, 49.951650184419087 ], [ -97.195089291107138, 49.950414610662271 ], [ -97.195061711870849, 49.949289800460789 ], [ -97.195065008193453, 49.949199904710959 ], [ -97.195035410384151, 49.947382388012215 ], [ -97.195033595589948, 49.946311994852913 ], [ -97.195030681532899, 49.946015090776726 ], [ -97.195295415823225, 49.946019294426151 ], [ -97.195755082112655, 49.946026411897407 ], [ -97.19738641479357, 49.946015809035281 ], [ -97.198614685972473, 49.945971905925639 ], [ -97.20502688383678, 49.94596340472053 ], [ -97.206741114810299, 49.945971998657114 ], [ -97.206866483828804, 49.945973908700559 ], [ -97.209194293852761, 49.945973894894287 ], [ -97.212970909662872, 49.94599619493934 ], [ -97.214559687853168, 49.946002703573676 ], [ -97.215034386431313, 49.945982991655328 ], [ -97.215647004707336, 49.946001410710856 ], [ -97.216498492119641, 49.946001191055309 ], [ -97.216728998320107, 49.946001093971084 ], [ -97.217375401930553, 49.946001003610682 ], [ -97.217584408822447, 49.946004195747207 ], [ -97.217662984872703, 49.946004188609066 ], [ -97.219842610165898, 49.946002906394547 ], [ -97.222769416501038, 49.946011794623864 ], [ -97.223410197167851, 49.946021698341895 ], [ -97.223912386807143, 49.946011389175226 ], [ -97.225697885112879, 49.945975697279295 ], [ -97.22586408544646, 49.946005290434151 ], [ -97.226407094992553, 49.946022598702854 ], [ -97.228596284322194, 49.946002000517488 ], [ -97.22944641602804, 49.946006011624981 ], [ -97.229443506218146, 49.946464706211934 ], [ -97.229404587449281, 49.947525494676057 ], [ -97.229423080057757, 49.948542202153817 ], [ -97.229412004434721, 49.94922570079553 ], [ -97.229411388496402, 49.94962140836644 ], [ -97.229402000969372, 49.950637703314129 ], [ -97.229404679403984, 49.952463688740409 ], [ -97.229394493813516, 49.954262497619524 ], [ -97.229389608036769, 49.955917492114281 ], [ -97.2293919155548, 49.958894809115982 ], [ -97.22939229221798, 49.960783790316249 ], [ -97.229390792927518, 49.964624498534675 ], [ -97.229381907477432, 49.975508196815746 ], [ -97.228448011463314, 49.975493890472713 ], [ -97.223762297678945, 49.975476202599104 ], [ -97.222533900588004, 49.975502401901338 ], [ -97.218363984847713, 49.975492292329449 ], [ -97.206801513764646, 49.97549400122476 ], [ -97.198196796674253, 49.975468595884891 ], [ -97.192896116112209, 49.975485090105671 ], [ -97.183873008018764, 49.975461108741499 ], [ -97.183856397933468, 49.971826912948508 ], [ -97.183818318136119, 49.971727398753345 ], [ -97.183737709724682, 49.971645110795158 ], [ -97.184699295751102, 49.971149184158868 ], [ -97.186567547331407, 49.970175380191606 ], [ -97.187901769430283, 49.969012896233963 ], [ -97.189925123359131, 49.968125766930228 ], [ -97.189693649118709, 49.967619360760658 ], [ -97.188881188004004, 49.966842985618044 ], [ -97.188981888271471, 49.96670468835579 ], [ -97.189443920111941, 49.966013607807774 ], [ -97.189461279048359, 49.965898808952474 ], [ -97.189499598017477, 49.96564570648399 ], [ -97.189490908406455, 49.965132890796475 ], [ -97.189492420412421, 49.964350308545761 ], [ -97.189477589482365, 49.963630496386862 ], [ -97.189493289317682, 49.962839208144366 ], [ -97.189494811215141, 49.962056709217073 ], [ -97.189515786601135, 49.960752689628912 ] ] ] } },
{ "type": "Feature", "properties": { "CTUID": "6020150.02", "greenspace_per_capita": 6.1402762443789656e-07 }, "geometry": { "type": "Polygon", "coordinates": [ [ [ -96.999959066412117, 49.931442435102269 ], [ -97.023122834848024, 49.941827814864787 ], [ -97.023331486638597, 49.941921207925397 ], [ -97.023667769267732, 49.942071790966509 ], [ -97.023689247731838, 49.94208132046132 ], [ -97.031920795408226, 49.945739324375559 ], [ -97.032406900824938, 49.945878910558285 ], [ -97.032695510520725, 49.946009108276492 ], [ -97.033040991651035, 49.946165001340731 ], [ -97.043056539186978, 49.950962120774719 ], [ -97.043805866111953, 49.950706865128055 ], [ -97.043911278273811, 49.950729587202147 ], [ -97.044133019894957, 49.951006905708255 ], [ -97.047488716879428, 49.952484707266713 ], [ -97.051720613676451, 49.954363888568501 ], [ -97.055868089319887, 49.956200712218227 ], [ -97.06018591917146, 49.958112800742413 ], [ -97.06445920546949, 49.960028199905864 ], [ -97.066801194217177, 49.961083693649684 ], [ -97.068144098080325, 49.961672692340194 ], [ -97.068320071521583, 49.961785867743657 ], [ -97.068926259702621, 49.962332638362824 ], [ -97.068978426500962, 49.96235282380249 ], [ -97.070188139664239, 49.962820853968559 ], [ -97.070188139660203, 49.962820853971778 ], [ -97.068978426501488, 49.962352823807471 ], [ -97.068926259703076, 49.962332638367798 ], [ -97.068320071522066, 49.961785867748652 ], [ -97.068144098080793, 49.961672692345168 ], [ -97.066801194217675, 49.961083693654686 ], [ -97.064459205469987, 49.960028199910894 ], [ -97.060185919171971, 49.958112800747372 ], [ -97.05586808932037, 49.95620071222325 ], [ -97.051720613676977, 49.954363888573496 ], [ -97.04748871687994, 49.952484707271722 ], [ -97.04413301989554, 49.951006905713271 ], [ -97.043911278274294, 49.950729587207142 ], [ -97.043805866112407, 49.95070686513305 ], [ -97.043056539187518, 49.950962120779721 ], [ -97.033040991651589, 49.946165001345769 ], [ -97.032695510521222, 49.94600910828153 ], [ -97.032406900825507, 49.94587891056333 ], [ -97.031920795408794, 49.94573932438059 ], [ -97.023689247732335, 49.942081320466365 ], [ -97.023667769268243, 49.942071790971561 ], [ -97.023331486639151, 49.94192120793047 ], [ -97.023122834848479, 49.941827814869839 ], [ -96.999959066412686, 49.931442435107371 ], [ -96.997704782749082, 49.930440494700143 ], [ -96.997704782760209, 49.930440494700214 ], [ -96.999959066412117, 49.931442435102269 ] ] ] } },
{ "type": "Feature", "properties": { "CTUID": "6020560.11", "greenspace_per_capita": 1304.4500454742752 }, "geometry": { "type": "Polygon", "coordinates": [ [ [ -97.097149496485301, 49.965490923610929 ], [ -97.097174165870385, 49.965475591566054 ], [ -97.097192559890146, 49.965464188809442 ], [ -97.103125795662777, 49.961794430909897 ], [ -97.105291976355943, 49.960454382933342 ], [ -97.10857166007132, 49.958421089565512 ], [ -97.10857348320468, 49.95841998356692 ], [ -97.108577159427526, 49.958417692369629 ], [ -97.112549051382388, 49.955960080261676 ], [ -97.114279749543655, 49.954889081998104 ], [ -97.115301854104459, 49.954240080125778 ], [ -97.117592769095737, 49.952826670214769 ], [ -97.118476155828503, 49.952281578321625 ], [ -97.121727871912114, 49.950275067204366 ], [ -97.122268082866455, 49.949922468523958 ], [ -97.12227370294282, 49.949918779548966 ], [ -97.123207097912029, 49.950208901237403 ], [ -97.124405192177647, 49.950588103127302 ], [ -97.126382492614653, 49.951227812876702 ], [ -97.128282416028341, 49.951841102907544 ], [ -97.129494998076638, 49.952247697143335 ], [ -97.130709808097407, 49.952641794122876 ], [ -97.131782211813587, 49.952982400487777 ], [ -97.132886009083037, 49.953342501783624 ], [ -97.133945895103423, 49.953692397624849 ], [ -97.134986188442028, 49.954022301898512 ], [ -97.135749584230012, 49.954279103390483 ], [ -97.137925304425337, 49.954979609479828 ], [ -97.139028211393935, 49.95534590646254 ], [ -97.138564508573012, 49.955936611842738 ], [ -97.138557209826175, 49.95600728824764 ], [ -97.139221188840025, 49.956215201153135 ], [ -97.139281105098547, 49.9562591998668 ], [ -97.13926250060463, 49.956341709529433 ], [ -97.138845878885604, 49.95683818935764 ], [ -97.138046090559428, 49.957867301437048 ], [ -97.137892098280318, 49.958099810670895 ], [ -97.139009313730696, 49.958461986613933 ], [ -97.140286412880783, 49.958885400423419 ], [ -97.140405389600289, 49.958926206951958 ], [ -97.141385184444331, 49.959262795365404 ], [ -97.142074302417129, 49.959471701099211 ], [ -97.140963692422531, 49.960794109332646 ], [ -97.140434218584943, 49.961371983992855 ], [ -97.138688610845108, 49.963278002590897 ], [ -97.136597009536231, 49.96560293611261 ], [ -97.136015906638804, 49.966271072211747 ], [ -97.135967414133617, 49.9663268054315 ], [ -97.135911140445259, 49.966384404070276 ], [ -97.135517382983608, 49.966787300683499 ], [ -97.134911885546529, 49.967299191786843 ], [ -97.13415380136874, 49.967790792097574 ], [ -97.133216587462073, 49.968225412631632 ], [ -97.132735710898316, 49.968397599843208 ], [ -97.131426278914248, 49.968773066683575 ], [ -97.128186866575035, 49.967284293333712 ], [ -97.123847835731027, 49.965307792529956 ], [ -97.119829839590224, 49.969052923103085 ], [ -97.118673157259622, 49.970638217108053 ], [ -97.11780231428888, 49.972986505172159 ], [ -97.117415798006732, 49.973240991582024 ], [ -97.116738309017606, 49.973805707362608 ], [ -97.116403702671164, 49.974160096497073 ], [ -97.116141219722351, 49.974452611571273 ], [ -97.11508351176002, 49.975820699035381 ], [ -97.113423703291843, 49.977961507652495 ], [ -97.112773968413237, 49.977747330822645 ], [ -97.112669873935829, 49.977704503480481 ], [ -97.108934586126026, 49.976159632668129 ], [ -97.092225078125011, 49.968548140558326 ], [ -97.09326415079093, 49.967907473897476 ], [ -97.097149496485301, 49.965490923610929 ] ] ] } },
{ "type": "Feature", "properties": { "CTUID": "6020560.08", "greenspace_per_capita": 172.39471793751531 }, "geometry": { "type": "Polygon", "coordinates": [ [ [ -97.182139150726812, 49.97063238421304 ], [ -97.181978521421996, 49.970647064311692 ], [ -97.181818315516566, 49.970664696490047 ], [ -97.18168036231188, 49.970675149990619 ], [ -97.181385278824408, 49.970691090123339 ], [ -97.181180477271695, 49.970687173211246 ], [ -97.180941826620938, 49.970673105693777 ], [ -97.180762741346015, 49.97065284521193 ], [ -97.180544105504907, 49.97061373878212 ], [ -97.180323885950273, 49.970562738960894 ], [ -97.180144786024869, 49.970506516943288 ], [ -97.179964145737046, 49.970438425238925 ], [ -97.179748536704764, 49.970351239924447 ], [ -97.179573288730026, 49.970288832706906 ], [ -97.179413407273444, 49.97023757389875 ], [ -97.179061207660979, 49.970118464227987 ], [ -97.17779757004412, 49.96971448294633 ], [ -97.176448544051539, 49.969283144825162 ], [ -97.174169117786221, 49.968554305207924 ], [ -97.172088055071839, 49.96788190910538 ], [ -97.170358400231351, 49.967322989353406 ], [ -97.167638513976229, 49.966446806336684 ], [ -97.168249682943681, 49.965643291842262 ], [ -97.16903968444521, 49.964622913196159 ], [ -97.168860390571837, 49.964508812262679 ], [ -97.168659958541227, 49.964423790441181 ], [ -97.168430670489315, 49.964345109440615 ], [ -97.168098693562101, 49.964248005820849 ], [ -97.168051058055653, 49.964224236748684 ], [ -97.168024908007311, 49.964194497944355 ], [ -97.16801688868415, 49.964161376155189 ], [ -97.168019675125194, 49.964125291986107 ], [ -97.168640545460832, 49.963298852763039 ], [ -97.168791685618928, 49.963118229141209 ], [ -97.168907858210105, 49.963011331993592 ], [ -97.169039960645421, 49.962913173991979 ], [ -97.169263892344517, 49.962755505471307 ], [ -97.169626832474606, 49.962965385537558 ], [ -97.169830442478755, 49.963069403320908 ], [ -97.170017101060353, 49.963157104942944 ], [ -97.170206938711701, 49.963223524636312 ], [ -97.170349570638479, 49.963269490231447 ], [ -97.170534491596129, 49.963320859156269 ], [ -97.170702417653757, 49.963366107319132 ], [ -97.171163883482365, 49.963028296667574 ], [ -97.171538212539488, 49.962719397523976 ], [ -97.172123785389772, 49.961982099651557 ], [ -97.172564394524912, 49.961395396530435 ], [ -97.173903785576144, 49.961821898512206 ], [ -97.17559539166767, 49.962360591972264 ], [ -97.176642285503902, 49.962700812876427 ], [ -97.180051628772944, 49.963807078116773 ], [ -97.180216299838435, 49.963860506585405 ], [ -97.180261603133687, 49.963875211941172 ], [ -97.184477700087641, 49.965243194668247 ], [ -97.188981888271471, 49.96670468835579 ], [ -97.188881188004004, 49.966842985618044 ], [ -97.189693649118709, 49.967619360760658 ], [ -97.189925123359131, 49.968125766930228 ], [ -97.187901769430283, 49.969012896233963 ], [ -97.186567547331407, 49.970175380191606 ], [ -97.184699295751102, 49.971149184158868 ], [ -97.183737709724682, 49.971645110795158 ], [ -97.183339292004348, 49.97148600508622 ], [ -97.182663309899979, 49.970653764095516 ], [ -97.182487259926702, 49.97063155757273 ], [ -97.18230552186705, 49.970626396911371 ], [ -97.182139150726812, 49.97063238421304 ] ] ] } },
{ "type": "Feature", "properties": { "CTUID": "6020560.09", "greenspace_per_capita": 553.79343688786298 }, "geometry": { "type": "Polygon", "coordinates": [ [ [ -97.161009808011173, 49.970423508644338 ], [ -97.160978894187409, 49.970135212930323 ], [ -97.160992881115689, 49.964279691388349 ], [ -97.163733113277473, 49.965187174696204 ], [ -97.166238325960109, 49.965994895857023 ], [ -97.167638513976229, 49.966446806336684 ], [ -97.170358400231351, 49.967322989353406 ], [ -97.172088055071839, 49.96788190910538 ], [ -97.174169117786221, 49.968554305207924 ], [ -97.176448544051539, 49.969283144825162 ], [ -97.17779757004412, 49.96971448294633 ], [ -97.179061207660979, 49.970118464227987 ], [ -97.179413407273444, 49.97023757389875 ], [ -97.179573288730026, 49.970288832706906 ], [ -97.179748536704764, 49.970351239924447 ], [ -97.179964145737046, 49.970438425238925 ], [ -97.180144786024869, 49.970506516943288 ], [ -97.180323885950273, 49.970562738960894 ], [ -97.180544105504907, 49.97061373878212 ], [ -97.180762741346015, 49.97065284521193 ], [ -97.180941826620938, 49.970673105693777 ], [ -97.181180477271695, 49.970687173211246 ], [ -97.181385278824408, 49.970691090123339 ], [ -97.18168036231188, 49.970675149990619 ], [ -97.181818315516566, 49.970664696490047 ], [ -97.181978521421996, 49.970647064311692 ], [ -97.182139150726812, 49.97063238421304 ], [ -97.18230552186705, 49.970626396911371 ], [ -97.182487259926702, 49.97063155757273 ], [ -97.182663309899979, 49.970653764095516 ], [ -97.183339292004348, 49.97148600508622 ], [ -97.183737709724682, 49.971645110795158 ], [ -97.183818318136119, 49.971727398753345 ], [ -97.183856397933468, 49.971826912948508 ], [ -97.183873008018764, 49.975461108741499 ], [ -97.179144913491911, 49.975458908708362 ], [ -97.173622901822597, 49.975426112668018 ], [ -97.16102868444122, 49.975415901029557 ], [ -97.161009808011173, 49.970423508644338 ] ] ] } },
{ "type": "Feature", "properties": { "CTUID": "6020580.00", "greenspace_per_capita": 0.0 }, "geometry": { "type": "Polygon", "coordinates": [ [ [ -97.444115428077112, 49.923295335661777 ], [ -97.44723859933967, 49.896325396487221 ], [ -97.447242860371375, 49.896294623012466 ], [ -97.447255213940849, 49.896206208114464 ], [ -97.447256520803521, 49.896195215018984 ], [ -97.447822447386542, 49.88801678315393 ], [ -97.4478341531551, 49.887847760305995 ], [ -97.448124300479151, 49.884514616029847 ], [ -97.448166227274271, 49.883239465249304 ], [ -97.448225125157819, 49.882780082037307 ], [ -97.448506768077891, 49.88058452450278 ], [ -97.448508734555077, 49.880551916652884 ], [ -97.448519989900035, 49.880365511185239 ], [ -97.448546633330267, 49.880086279695263 ], [ -97.448590083908215, 49.879711709712097 ], [ -97.449337635681289, 49.870737993965598 ], [ -97.449337635682269, 49.870737993965008 ], [ -97.448590083908712, 49.879711709717299 ], [ -97.448546633330764, 49.880086279700471 ], [ -97.448519989900561, 49.880365511190419 ], [ -97.448508734555631, 49.880551916658078 ], [ -97.448506768078346, 49.880584524507981 ], [ -97.448225125158331, 49.882780082042508 ], [ -97.448166227274825, 49.88323946525454 ], [ -97.448124300479634, 49.884514616035069 ], [ -97.44783415315564, 49.887847760311182 ], [ -97.44782244738704, 49.888016783159124 ], [ -97.447256520804089, 49.896195215024171 ], [ -97.447255213941318, 49.896206208119608 ], [ -97.447242860371887, 49.896294623017639 ], [ -97.447238599340196, 49.896325396492401 ], [ -97.444115428078192, 49.923295335661805 ], [ -97.444115428077112, 49.923295335661777 ] ] ] } },
{ "type": "Feature", "properties": { "CTUID": "6020560.10", "greenspace_per_capita": 2190.5284243563187 }, "geometry": { "type": "Polygon", "coordinates": [ [ [ -97.141051182295627, 49.990370797332666 ], [ -97.141065787052142, 49.989993191262116 ], [ -97.141072380822024, 49.989822394351769 ], [ -97.141131216086919, 49.989382603305209 ], [ -97.141131216085824, 49.989382603305138 ], [ -97.141131216086464, 49.989382603300307 ], [ -97.13859863734146, 49.989190899694954 ], [ -97.126626392175069, 49.983869306896878 ], [ -97.126490192145837, 49.983786089824491 ], [ -97.125227890274346, 49.983244002097557 ], [ -97.120183385604847, 49.980958591518664 ], [ -97.116836392730008, 49.979510097664793 ], [ -97.115147692505516, 49.978701604889132 ], [ -97.113671392448566, 49.97804640005274 ], [ -97.113423703291843, 49.977961507652495 ], [ -97.11508351176002, 49.975820699035381 ], [ -97.116141219722351, 49.974452611571273 ], [ -97.116403702671164, 49.974160096497073 ], [ -97.116738309017606, 49.973805707362608 ], [ -97.117415798006732, 49.973240991582024 ], [ -97.11780231428888, 49.972986505172159 ], [ -97.118673157259622, 49.970638217108053 ], [ -97.119829839590224, 49.969052923103085 ], [ -97.123847835731027, 49.965307792529956 ], [ -97.128186866575035, 49.967284293333712 ], [ -97.131426278914248, 49.968773066683575 ], [ -97.132735710898316, 49.968397599843208 ], [ -97.133216587462073, 49.968225412631632 ], [ -97.13415380136874, 49.967790792097574 ], [ -97.134911885546529, 49.967299191786843 ], [ -97.135517382983608, 49.966787300683499 ], [ -97.135911140445259, 49.966384404070276 ], [ -97.135967414133617, 49.9663268054315 ], [ -97.136015906638804, 49.966271072211747 ], [ -97.136597009536231, 49.96560293611261 ], [ -97.138688610845108, 49.963278002590897 ], [ -97.140434218584943, 49.961371983992855 ], [ -97.140963692422531, 49.960794109332646 ], [ -97.142074302417129, 49.959471701099211 ], [ -97.141385184444331, 49.959262795365404 ], [ -97.140405389600289, 49.958926206951958 ], [ -97.140286412880783, 49.958885400423419 ], [ -97.139009313730696, 49.958461986613933 ], [ -97.137892098280318, 49.958099810670895 ], [ -97.138046090559428, 49.957867301437048 ], [ -97.138845878885604, 49.95683818935764 ], [ -97.13926250060463, 49.956341709529433 ], [ -97.139281105098547, 49.9562591998668 ], [ -97.139221188840025, 49.956215201153135 ], [ -97.138557209826175, 49.95600728824764 ], [ -97.138564508573012, 49.955936611842738 ], [ -97.139028211393935, 49.95534590646254 ], [ -97.14107860546126, 49.956001693810038 ], [ -97.142188289932733, 49.956360999747986 ], [ -97.143048704569765, 49.956630009591173 ], [ -97.143205488778619, 49.956631300106885 ], [ -97.144296600260688, 49.956960693777482 ], [ -97.14431908262226, 49.956935093065177 ], [ -97.144975084733218, 49.956189997589817 ], [ -97.145776319108109, 49.955294307563129 ], [ -97.145849107029875, 49.955214501667193 ], [ -97.146000913453832, 49.955041025906603 ], [ -97.147185717552574, 49.953687011011461 ], [ -97.147409286096575, 49.953431505248773 ], [ -97.147616182043322, 49.953488793801718 ], [ -97.148186394944901, 49.953675888009194 ], [ -97.148855284247418, 49.953895293324628 ], [ -97.1498467931644, 49.954217009632082 ], [ -97.150094790326293, 49.954292910300907 ], [ -97.15163739470654, 49.954785206072131 ], [ -97.15304168121169, 49.955248413274909 ], [ -97.153459883792351, 49.955384125604176 ], [ -97.154294797376423, 49.955655108379425 ], [ -97.154596883239336, 49.955776803028506 ], [ -97.155534751438154, 49.956076725292178 ], [ -97.159467757758847, 49.957334268210396 ], [ -97.15979191710872, 49.957437894458948 ], [ -97.160326471666806, 49.957608788830697 ], [ -97.160547283114894, 49.957679403209866 ], [ -97.160918717346178, 49.957811189081312 ], [ -97.16113930792956, 49.957877597437175 ], [ -97.161939215709609, 49.958106196199338 ], [ -97.162796584511426, 49.958290691855041 ], [ -97.163458599090717, 49.958481095446352 ], [ -97.165042280334134, 49.95900089939272 ], [ -97.166916209592898, 49.959588188254735 ], [ -97.168458786362947, 49.960089307489 ], [ -97.172564394524912, 49.961395396530435 ], [ -97.172123785389772, 49.961982099651557 ], [ -97.171538212539488, 49.962719397523976 ], [ -97.171163883482365, 49.963028296667574 ], [ -97.170702417653757, 49.963366107319132 ], [ -97.170534491596129, 49.963320859156269 ], [ -97.170349570638479, 49.963269490231447 ], [ -97.170206938711701, 49.963223524636312 ], [ -97.170017101060353, 49.963157104942944 ], [ -97.169830442478755, 49.963069403320908 ], [ -97.169626832474606, 49.962965385537558 ], [ -97.169263892344517, 49.962755505471307 ], [ -97.169039960645421, 49.962913173991979 ], [ -97.168907858210105, 49.963011331993592 ], [ -97.168791685618928, 49.963118229141209 ], [ -97.168640545460832, 49.963298852763039 ], [ -97.168019675125194, 49.964125291986107 ], [ -97.16801688868415, 49.964161376155189 ], [ -97.168024908007311, 49.964194497944355 ], [ -97.168051058055653, 49.964224236748684 ], [ -97.168098693562101, 49.964248005820849 ], [ -97.168430670489315, 49.964345109440615 ], [ -97.168659958541227, 49.964423790441181 ], [ -97.168860390571837, 49.964508812262679 ], [ -97.16903968444521, 49.964622913196159 ], [ -97.168249682943681, 49.965643291842262 ], [ -97.167638513976229, 49.966446806336684 ], [ -97.166238325960109, 49.965994895857023 ], [ -97.163733113277473, 49.965187174696204 ], [ -97.160992881115689, 49.964279691388349 ], [ -97.160978894187409, 49.970135212930323 ], [ -97.161009808011173, 49.970423508644338 ], [ -97.16102868444122, 49.975415901029557 ], [ -97.161035388413794, 49.978897100203532 ], [ -97.161005881900437, 49.980767496400787 ], [ -97.161053784456612, 49.987559394282947 ], [ -97.161022720718023, 49.988008707942797 ], [ -97.161010688075208, 49.989420694260154 ], [ -97.160994613242949, 49.989843202636578 ], [ -97.160989782949088, 49.989968995818536 ], [ -97.160974399175942, 49.990373589877166 ], [ -97.160304080312045, 49.990389901276394 ], [ -97.155185404407419, 49.990380997247392 ], [ -97.155041695887519, 49.993829010053332 ], [ -97.149398586071797, 49.993867204144735 ], [ -97.141051182295627, 49.990370797332666 ] ] ] } },
{ "type": "Feature", "properties": { "CTUID": "6020590.03", "greenspace_per_capita": 0.0010615529892150984 }, "geometry": { "type": "MultiPolygon", "coordinates": [ [ [ [ -96.95674611894961, 49.891781015191555 ], [ -96.956746118949596, 49.891781015192159 ], [ -96.95599652497647, 49.885961293754335 ], [ -96.955996524976598, 49.885961293754328 ], [ -96.95674611894961, 49.891781015191555 ] ] ], [ [ [ -96.964769445247384, 49.915578615786579 ], [ -96.966826408831494, 49.915787805473634 ], [ -96.967203008851769, 49.915700202389743 ], [ -96.967578444163564, 49.91563864690945 ], [ -96.967946420473822, 49.915578304563027 ], [ -96.967949232814647, 49.915578055169654 ], [ -96.968701499682453, 49.915510591366093 ], [ -96.969239004459766, 49.915515298794965 ], [ -96.970760418124314, 49.915528496801343 ], [ -96.973798199586128, 49.915554800192062 ], [ -96.979524713629914, 49.915528800783008 ], [ -96.990583213662703, 49.91558610411861 ], [ -96.992134208179991, 49.915598775179902 ], [ -96.996473814203114, 49.915634093853626 ], [ -96.99999899576197, 49.915614006626662 ], [ -97.000834064895614, 49.9156283958662 ], [ -97.002381283360776, 49.915610096330695 ], [ -97.010653110359343, 49.915680402923819 ], [ -97.013736140514524, 49.915703211925539 ], [ -97.019872302959186, 49.915748298227008 ], [ -97.022518005981169, 49.915775399080907 ], [ -97.023340813367469, 49.915753492536084 ], [ -97.02370490850825, 49.915705709816457 ], [ -97.025229298524195, 49.915396301149173 ], [ -97.025229298524025, 49.915396301154423 ], [ -97.023704908508734, 49.915705709821552 ], [ -97.023340813368009, 49.915753492541192 ], [ -97.02251800598161, 49.915775399086009 ], [ -97.019872302959669, 49.915748298232131 ], [ -97.013736140515036, 49.915703211930641 ], [ -97.010653110359911, 49.915680402928921 ], [ -97.002381283361274, 49.915610096335826 ], [ -97.000834064896168, 49.915628395871337 ], [ -96.999998995762439, 49.915614006631799 ], [ -96.996473814203569, 49.915634093858756 ], [ -96.992134208180502, 49.915598775185025 ], [ -96.990583213663186, 49.915586104123719 ], [ -96.979524713630397, 49.915528800788138 ], [ -96.973798199586682, 49.915554800197185 ], [ -96.970760418124797, 49.915528496806466 ], [ -96.969239004460221, 49.915515298800088 ], [ -96.96870149968295, 49.915510591371195 ], [ -96.96794923281513, 49.915578055174784 ], [ -96.967946420474348, 49.915578304568136 ], [ -96.967578444163991, 49.915638646914559 ], [ -96.967203008852252, 49.915700202394838 ], [ -96.966826408832006, 49.91578780547875 ], [ -96.964769445247825, 49.915578615791702 ], [ -96.956031737255557, 49.900557068914416 ], [ -96.956031737255856, 49.900557068910736 ], [ -96.964769445247384, 49.915578615786579 ] ] ], [ [ [ -97.025149912917058, 49.921595101518655 ], [ -97.02514991291703, 49.921595101519131 ], [ -97.02507658386989, 49.921000197990487 ], [ -97.025076583869918, 49.921000197989699 ], [ -97.025149912917058, 49.921595101518655 ] ] ] ] } },
{ "type": "Feature", "properties": { "CTUID": "6020585.00", "greenspace_per_capita": 8.7943284211582736e-08 }, "geometry": { "type": "MultiPolygon", "coordinates": [ [ [ [ -97.183873008018764, 49.975461108741499 ], [ -97.192896116112209, 49.975485090105671 ], [ -97.198196796674253, 49.975468595884891 ], [ -97.206801513764646, 49.97549400122476 ], [ -97.218363984847713, 49.975492292329449 ], [ -97.222533900588004, 49.975502401901338 ], [ -97.223762297678945, 49.975476202599104 ], [ -97.228448011463314, 49.975493890472713 ], [ -97.229381907477432, 49.975508196815746 ], [ -97.229390792927518, 49.964624498534675 ], [ -97.22939229221798, 49.960783790316249 ], [ -97.2293919155548, 49.958894809115982 ], [ -97.229389608036769, 49.955917492114281 ], [ -97.229394493813516, 49.954262497619524 ], [ -97.229404679403984, 49.952463688740409 ], [ -97.229402000969372, 49.950637703314129 ], [ -97.229411388496402, 49.94962140836644 ], [ -97.229412004434721, 49.94922570079553 ], [ -97.229423080057757, 49.948542202153817 ], [ -97.229404587449281, 49.947525494676057 ], [ -97.229443506218146, 49.946464706211934 ], [ -97.22944641602804, 49.946006011624981 ], [ -97.229450018507464, 49.945907091885353 ], [ -97.229453894527282, 49.945421491566385 ], [ -97.229470287146839, 49.943451911685941 ], [ -97.229442918962178, 49.942300092958618 ], [ -97.22942069514167, 49.941004495040666 ], [ -97.22942069514211, 49.941004495042279 ], [ -97.229442918962704, 49.942300092963656 ], [ -97.229470287147308, 49.943451911690993 ], [ -97.229453894527794, 49.945421491571423 ], [ -97.229450018507947, 49.945907091890398 ], [ -97.229446416028523, 49.946006011630018 ], [ -97.229443506218601, 49.946464706216922 ], [ -97.229404587449778, 49.947525494681045 ], [ -97.229423080058197, 49.948542202158855 ], [ -97.229412004435275, 49.949225700800575 ], [ -97.229411388496899, 49.949621408371456 ], [ -97.229402000969856, 49.950637703319138 ], [ -97.229404679404396, 49.952463688745425 ], [ -97.229394493814041, 49.954262497624541 ], [ -97.229389608037323, 49.955917492119262 ], [ -97.229391915555283, 49.958894809121006 ], [ -97.229392292218463, 49.960783790321237 ], [ -97.229390792927973, 49.964624498539685 ], [ -97.229381907477872, 49.975508196820705 ], [ -97.228448011463854, 49.975493890477637 ], [ -97.223762297679471, 49.975476202604092 ], [ -97.22253390058853, 49.975502401906269 ], [ -97.218363984848239, 49.975492292334422 ], [ -97.206801513765214, 49.975494001229713 ], [ -97.198196796674736, 49.975468595889851 ], [ -97.192896116112721, 49.975485090110631 ], [ -97.183873008019276, 49.975461108746444 ], [ -97.183873008018764, 49.975461108746451 ], [ -97.183873008018764, 49.975461108741499 ] ] ], [ [ [ -97.229182591167287, 49.94041219171671 ], [ -97.229512988836035, 49.940246994679136 ], [ -97.229642816410092, 49.939990109141817 ], [ -97.229642816411783, 49.939990109144503 ], [ -97.229512988836589, 49.940246994684159 ], [ -97.229182591169604, 49.940412191720888 ], [ -97.229182591167287, 49.94041219171671 ] ] ], [ [ [ -97.229626114313604, 49.93996419261105 ], [ -97.229641491861543, 49.936727690510615 ], [ -97.229646903588133, 49.935592995747193 ], [ -97.22963401033725, 49.934423500159838 ], [ -97.229616149361831, 49.933007612542283 ], [ -97.229616178478281, 49.933005386158364 ], [ -97.229641509540443, 49.931176495737716 ], [ -97.229642411493458, 49.930771691819288 ], [ -97.229631108768459, 49.929179397533048 ], [ -97.229628380540859, 49.928873589498302 ], [ -97.229630430514277, 49.926559914066083 ], [ -97.229631487895034, 49.925316096989128 ], [ -97.229565982185946, 49.916504602072649 ], [ -97.238062529701068, 49.916199318423594 ], [ -97.245510243268569, 49.915930582944426 ], [ -97.246518607521807, 49.915935710904101 ], [ -97.249993050433417, 49.915912655985728 ], [ -97.259775062675189, 49.915994312481331 ], [ -97.261200994224978, 49.91599704255664 ], [ -97.2636709960818, 49.916019041657769 ], [ -97.263810821478401, 49.916020287203537 ], [ -97.263810821477961, 49.916020287208653 ], [ -97.263670996082283, 49.916019041662892 ], [ -97.26120099422549, 49.915997042561727 ], [ -97.2597750626757, 49.91599431248644 ], [ -97.249993050433901, 49.915912655990851 ], [ -97.246518607522262, 49.915935710909231 ], [ -97.245510243269081, 49.915930582949571 ], [ -97.238062529701551, 49.916199318428689 ], [ -97.229565982186472, 49.916504602077751 ], [ -97.229631487895531, 49.925316096994251 ], [ -97.229630430514845, 49.92655991407117 ], [ -97.229628380541342, 49.928873589503354 ], [ -97.22963110876897, 49.929179397538128 ], [ -97.229642411493913, 49.930771691824354 ], [ -97.229641509540912, 49.931176495742783 ], [ -97.22961617847885, 49.933005386163416 ], [ -97.2296161493623, 49.933007612547364 ], [ -97.229634010337762, 49.93442350016489 ], [ -97.229646903588673, 49.935592995752273 ], [ -97.22964149186204, 49.936727690515674 ], [ -97.229626114314129, 49.939964192611882 ], [ -97.229626114313604, 49.93996419261105 ] ] ], [ [ [ -97.262578068140584, 49.931220309045457 ], [ -97.274648285925338, 49.931234203648323 ], [ -97.280876127076596, 49.931241416487573 ], [ -97.283633711212147, 49.931244488188852 ], [ -97.284081424424016, 49.931244987873001 ], [ -97.298266596272981, 49.931259503989416 ], [ -97.298160247003111, 49.928881369658548 ], [ -97.299783397521153, 49.928898850204 ], [ -97.301918514202129, 49.928866521727393 ], [ -97.305534856324456, 49.928811649871463 ], [ -97.30993205924149, 49.928749884361579 ], [ -97.318488768275373, 49.928732734438285 ], [ -97.318731603570626, 49.928735124736527 ], [ -97.319632918310973, 49.928744011364238 ], [ -97.319815508031311, 49.928756882086283 ], [ -97.320230387071206, 49.928776010011738 ], [ -97.320226715233403, 49.927675911248116 ], [ -97.320189601979379, 49.927258993561225 ], [ -97.320399548317795, 49.927257641558228 ], [ -97.320725297649716, 49.927255529204054 ], [ -97.320959709019718, 49.92725400854313 ], [ -97.326733102230861, 49.927392922944627 ], [ -97.337575067410768, 49.927236512161073 ], [ -97.33784755549388, 49.927232573069972 ], [ -97.343960382459414, 49.927079115087494 ], [ -97.349541418280978, 49.927034710819107 ], [ -97.366710140662974, 49.927364642589154 ], [ -97.388138734983784, 49.927589715293536 ], [ -97.388391007628783, 49.927592981914593 ], [ -97.389430667194262, 49.927605048696975 ], [ -97.389466127712055, 49.927608826137103 ], [ -97.389502829069585, 49.925899549102049 ], [ -97.39787459747231, 49.925673248197647 ], [ -97.406745401733644, 49.925389094082163 ], [ -97.406979809633796, 49.925464191742002 ], [ -97.407271688688013, 49.925486213097123 ], [ -97.412037486569474, 49.925461699712393 ], [ -97.412272514687658, 49.925518792825244 ], [ -97.412211242686936, 49.923256012030023 ], [ -97.425580067186289, 49.923194866213926 ], [ -97.427216956804244, 49.923187258750112 ], [ -97.427667642010135, 49.923219381142943 ], [ -97.427739238616795, 49.923220375291528 ], [ -97.428196281639501, 49.923226699625801 ], [ -97.436647274571854, 49.923343614479307 ], [ -97.444115428077112, 49.923295335661777 ], [ -97.444115428078192, 49.923295335661805 ], [ -97.444115428077623, 49.923295335666865 ], [ -97.436647274572309, 49.923343614484416 ], [ -97.428196281639956, 49.923226699630895 ], [ -97.427739238617292, 49.923220375296658 ], [ -97.42766764201059, 49.923219381148023 ], [ -97.427216956804742, 49.923187258755206 ], [ -97.425580067186857, 49.923194866219035 ], [ -97.412211242687349, 49.923256012035132 ], [ -97.412272514688127, 49.925518792830346 ], [ -97.412037486569972, 49.925461699717502 ], [ -97.407271688688496, 49.925486213102211 ], [ -97.40697980963435, 49.92546419174711 ], [ -97.40674540173417, 49.925389094087258 ], [ -97.397874597472779, 49.925673248202699 ], [ -97.389502829069997, 49.925899549107115 ], [ -97.389466127712581, 49.927608826142183 ], [ -97.389430667194716, 49.927605048702063 ], [ -97.388391007629281, 49.927592981919638 ], [ -97.388138734984267, 49.927589715298623 ], [ -97.366710140663486, 49.927364642594263 ], [ -97.349541418281532, 49.927034710824174 ], [ -97.34396038245994, 49.927079115092603 ], [ -97.337847555494363, 49.927232573075031 ], [ -97.337575067411237, 49.927236512166182 ], [ -97.326733102231358, 49.927392922949686 ], [ -97.320959709020286, 49.927254008548211 ], [ -97.320725297650213, 49.927255529209141 ], [ -97.320399548318278, 49.927257641563301 ], [ -97.320189601979919, 49.927258993566291 ], [ -97.320226715233929, 49.927675911253203 ], [ -97.320230387071717, 49.928776010016797 ], [ -97.319815508031851, 49.928756882091378 ], [ -97.319632918311427, 49.928744011369318 ], [ -97.318731603571194, 49.928735124741614 ], [ -97.318488768275898, 49.928732734443379 ], [ -97.309932059241945, 49.928749884366646 ], [ -97.305534856324982, 49.928811649876543 ], [ -97.30191851420264, 49.928866521732481 ], [ -97.299783397521594, 49.92889885020908 ], [ -97.298160247003608, 49.928881369663628 ], [ -97.298266596273436, 49.931259503994518 ], [ -97.284081424424528, 49.931244987878102 ], [ -97.28363371121263, 49.931244488193926 ], [ -97.280876127077079, 49.931241416492654 ], [ -97.274648285925821, 49.931234203653403 ], [ -97.26257806814111, 49.931220309050509 ], [ -97.26252860458321, 49.931220256024417 ], [ -97.262528604583551, 49.931220256019351 ], [ -97.262578068140584, 49.931220309045457 ] ] ] ] } },
{ "type": "Feature", "properties": { "CTUID": "6020570.00", "greenspace_per_capita": 0.0 }, "geometry": { "type": "MultiPolygon", "coordinates": [ [ [ [ -97.070188139664239, 49.962820853968559 ], [ -97.073011232984527, 49.959872045070682 ], [ -97.073808475682441, 49.960370855155126 ], [ -97.074149761836026, 49.960487039398501 ], [ -97.081906907723763, 49.96408679187239 ], [ -97.091959232195862, 49.9684364101482 ], [ -97.092104718996964, 49.968497544946466 ], [ -97.092225078125011, 49.968548140558326 ], [ -97.108934586126026, 49.976159632668129 ], [ -97.112669873935829, 49.977704503480481 ], [ -97.112773968413237, 49.977747330822645 ], [ -97.113423703291843, 49.977961507652495 ], [ -97.113671392448566, 49.97804640005274 ], [ -97.115147692505516, 49.978701604889132 ], [ -97.116836392730008, 49.979510097664793 ], [ -97.120183385604847, 49.980958591518664 ], [ -97.125227890274346, 49.983244002097557 ], [ -97.126490192145837, 49.983786089824491 ], [ -97.126626392175069, 49.983869306896878 ], [ -97.13859863734146, 49.989190899694954 ], [ -97.141131216086464, 49.989382603300307 ], [ -97.141131216085824, 49.989382603305138 ], [ -97.138598637342, 49.98919089969985 ], [ -97.126626392175595, 49.983869306901816 ], [ -97.126490192146321, 49.983786089829451 ], [ -97.125227890274928, 49.98324400210246 ], [ -97.120183385605387, 49.980958591523589 ], [ -97.116836392730434, 49.97951009766976 ], [ -97.115147692505985, 49.978701604894056 ], [ -97.11367139244912, 49.978046400057671 ], [ -97.113423703292341, 49.977961507657419 ], [ -97.11277396841372, 49.977747330827626 ], [ -97.112669873936369, 49.977704503485398 ], [ -97.108934586126566, 49.976159632673102 ], [ -97.092225078125466, 49.968548140563307 ], [ -97.092104718997405, 49.968497544951468 ], [ -97.091959232196317, 49.96843641015316 ], [ -97.081906907724317, 49.964086791877385 ], [ -97.074149761836537, 49.960487039403489 ], [ -97.073808475683009, 49.960370855160129 ], [ -97.07301123298501, 49.959872045075691 ], [ -97.070188139664737, 49.96282085397354 ], [ -97.070188139660203, 49.962820853971778 ], [ -97.070188139664239, 49.962820853968559 ] ] ], [ [ [ -97.149398586071797, 49.993867204144735 ], [ -97.155041695887519, 49.993829010053332 ], [ -97.155185404407419, 49.990380997247392 ], [ -97.160304080312045, 49.990389901276394 ], [ -97.160974399175942, 49.990373589877166 ], [ -97.160989782949088, 49.989968995818536 ], [ -97.160994613242949, 49.989843202636578 ], [ -97.161010688075208, 49.989420694260154 ], [ -97.161022720718023, 49.988008707942797 ], [ -97.161053784456612, 49.987559394282947 ], [ -97.161005881900437, 49.980767496400787 ], [ -97.161035388413794, 49.978897100203532 ], [ -97.16102868444122, 49.975415901029557 ], [ -97.173622901822597, 49.975426112668018 ], [ -97.179144913491911, 49.975458908708362 ], [ -97.183873008018764, 49.975461108741499 ], [ -97.183873008018764, 49.975461108746451 ], [ -97.179144913492337, 49.975458908713343 ], [ -97.173622901823123, 49.975426112672963 ], [ -97.161028684441732, 49.975415901034474 ], [ -97.161035388414263, 49.978897100208478 ], [ -97.161005881900905, 49.980767496405726 ], [ -97.161053784457096, 49.987559394287885 ], [ -97.161022720718577, 49.988008707947721 ], [ -97.16101068807572, 49.989420694265057 ], [ -97.16099461324346, 49.989843202641524 ], [ -97.160989782949571, 49.989968995823467 ], [ -97.160974399176411, 49.990373589882076 ], [ -97.160304080312599, 49.990389901281304 ], [ -97.155185404407945, 49.990380997252309 ], [ -97.155041695888045, 49.993829010058256 ], [ -97.149398586072323, 49.993867204149666 ], [ -97.141051182295442, 49.990370797337327 ], [ -97.141051182295627, 49.990370797332666 ], [ -97.149398586071797, 49.993867204144735 ] ] ] ] } }
]
}
